"","baseMean","log2FoldChange","lfcSE","stat","pvalue","padj"
"LBRM_01_0010",0.150548590060784,2.36802554841367,4.07009331419134,0.581811119700128,0.560693913243612,NA
"LBRM_01_0020",1.15872987028371,2.06405032029669,2.32687146992048,0.887049562891081,0.375052217005645,0.97845571662501
"LBRM_01_0030",0.225339052771423,2.57585470100848,4.06349269559957,0.633901644218018,0.526145012480435,NA
"LBRM_01_0040",0.0777714885289751,0.512386596321632,4.0804728567969,0.125570396937733,0.900071997253288,NA
"LBRM_01_0050",0.225339052771423,2.57585470100848,4.06349269559957,0.633901644218018,0.526145012480435,NA
"LBRM_01_0060",0.10866148091832,0.512386596321631,4.0804728567969,0.125570396937733,0.900071997253288,NA
"LBRM_01_0070",0,NA,NA,NA,NA,NA
"LBRM_01_0080",0,NA,NA,NA,NA,NA
"LBRM_01_0090",0,NA,NA,NA,NA,NA
"LBRM_01_0100",0.106620929128686,0.512386596321632,4.0804728567969,0.125570396937733,0.900071997253288,NA
"LBRM_01_0110",0.150548590060784,2.36802554841367,4.07009331419134,0.581811119700128,0.560693913243612,NA
"LBRM_01_0120",0,NA,NA,NA,NA,NA
"LBRM_01_0130",0,NA,NA,NA,NA,NA
"LBRM_01_0140",0,NA,NA,NA,NA,NA
"LBRM_01_0150",0.15554297705795,-0.121015899195086,4.06395245618752,-0.0297778826154414,0.976244198059474,NA
"LBRM_01_0160",0,NA,NA,NA,NA,NA
"LBRM_01_0170",0,NA,NA,NA,NA,NA
"LBRM_01_0180",0,NA,NA,NA,NA,NA
"LBRM_01_0190",0,NA,NA,NA,NA,NA
"LBRM_01_0200",0,NA,NA,NA,NA,NA
"LBRM_01_0210",0,NA,NA,NA,NA,NA
"LBRM_01_0220",0.217322961836639,-0.533674641665669,4.02601547254019,-0.132556530223405,0.894544112800906,NA
"LBRM_01_0230",0.0777714885289751,0.512386596321632,4.0804728567969,0.125570396937733,0.900071997253288,NA
"LBRM_01_0240",0.802914834781061,0.365330885323809,3.03250183257261,0.120471777263159,0.904109435274722,NA
"LBRM_01_0250",0,NA,NA,NA,NA,NA
"LBRM_01_0260",0.824484518466138,0.0689516832154221,2.34233966628156,0.029437098388417,0.9765159853805,NA
"LBRM_01_0270",0,NA,NA,NA,NA,NA
"LBRM_01_0280",0,NA,NA,NA,NA,NA
"LBRM_01_0290",0.225339052771423,2.57585470100848,4.06349269559957,0.633901644218018,0.526145012480435,NA
"LBRM_01_0300",0,NA,NA,NA,NA,NA
"LBRM_01_0310",0,NA,NA,NA,NA,NA
"LBRM_01_0320",0,NA,NA,NA,NA,NA
"LBRM_01_0330",0,NA,NA,NA,NA,NA
"LBRM_01_0340",0.948469037844679,2.9337131034358,2.65229440333641,1.10610386982131,0.268681563942234,0.911448662524806
"LBRM_01_0350",1.84254549201573,2.64055402639255,1.87343459692695,1.40947222322249,0.158695581247241,0.827298504164284
"LBRM_01_0360",1.17082706479776,4.38734850930913,2.42817113225948,1.80685308832684,0.070785188626508,0.738573202676465
"LBRM_01_0370",0,NA,NA,NA,NA,NA
"LBRM_01_0380",0,NA,NA,NA,NA,NA
"LBRM_01_0390",0.262163906186637,-0.836210405206493,4.00377057373284,-0.208855724824129,0.834560868338514,NA
"LBRM_01_0400",0.150548590060784,2.36802554841367,4.07009331419134,0.581811119700128,0.560693913243612,NA
"LBRM_01_0410",0,NA,NA,NA,NA,NA
"LBRM_01_0420",0,NA,NA,NA,NA,NA
"LBRM_01_0430",0.331959981900109,1.61408529533901,4.06349235823931,0.397216274337571,0.691207982142509,NA
"LBRM_01_0440",0.228320078589759,1.40625154395371,4.07009308958569,0.345508447350244,0.729712160779994,NA
"LBRM_01_0450",0.10866148091832,0.512386596321631,4.0804728567969,0.125570396937733,0.900071997253288,NA
"LBRM_01_0460",0.228320078589759,1.40625154395371,4.07009308958569,0.345508447350244,0.729712160779994,NA
"LBRM_01_0470",0.106620929128686,0.512386596321632,4.0804728567969,0.125570396937733,0.900071997253288,NA
"LBRM_01_0480",0,NA,NA,NA,NA,NA
"LBRM_01_0490",0,NA,NA,NA,NA,NA
"LBRM_01_0500",0.186432969447295,-0.33622145367943,4.04316669949863,-0.083157949861707,0.933725948031842,NA
"LBRM_01_0510",0.186432969447295,-0.33622145367943,4.04316669949863,-0.083157949861707,0.933725948031842,NA
"LBRM_01_0520",0.150548590060784,2.36802554841367,4.07009331419134,0.581811119700128,0.560693913243612,NA
"LBRM_01_0530",0,NA,NA,NA,NA,NA
"LBRM_01_0540",0.150548590060784,2.36802554841367,4.07009331419134,0.581811119700128,0.560693913243612,NA
"LBRM_01_0550",0.225339052771423,2.57585470100848,4.06349269559957,0.633901644218018,0.526145012480435,NA
"LBRM_01_0560",0.184392417657661,-0.322972510444289,4.04440056163657,-0.0798567069513009,0.936351222660643,NA
"LBRM_01_0570",0.924070508808025,0.662979025593476,2.40015174520153,0.276223795815797,0.782376181541443,NA
"LBRM_01_0580",0.380882029829373,0.977226041233979,3.94949654547106,0.247430534495486,0.804575045569454,NA
"LBRM_01_0590",0.215282410047006,-0.521705569758801,4.02699186999459,-0.129552178549469,0.896920740266371,NA
"LBRM_01_0600",0.375887642832207,3.14688176220709,3.93733525674645,0.799241506502413,0.42415038880027,NA
"LBRM_01_0610",0.331959981900109,1.61408529533901,4.06349235823931,0.397216274337571,0.691207982142509,NA
"LBRM_01_0620",0,NA,NA,NA,NA,NA
"LBRM_01_0630",0.982312865441556,1.05223278630305,2.42256194170267,0.434347113355334,0.664036396289392,0.97845571662501
"LBRM_01_0640",0.10866148091832,0.512386596321631,4.0804728567969,0.125570396937733,0.900071997253288,NA
"LBRM_01_0650",0,NA,NA,NA,NA,NA
"LBRM_01_0660",0.370825387104956,-1.32784186481398,3.58695565306301,-0.370186306507606,0.711243678831557,NA
"LBRM_01_0670",0.150548590060784,2.36802554841367,4.07009331419134,0.581811119700128,0.560693913243612,NA
"LBRM_01_0680",0,NA,NA,NA,NA,NA
"LBRM_01_0690",0.551323495526382,-0.0295381212264684,3.41795866200124,-0.00864203583116876,0.993104738865026,NA
"LBRM_01_0700",0.560280060489868,1.34977552819926,2.9268762572445,0.461165901653117,0.644679583493499,NA
"LBRM_01_0710",0.886264503244827,-0.0866592678037017,2.30009700305986,-0.037676353513968,0.969945729769584,NA
"LBRM_01_0720",2.20558611880527,0.581197022827099,1.63370917827211,0.355753049904391,0.722025512471484,0.97845571662501
"LBRM_01_0730",0,NA,NA,NA,NA,NA
"LBRM_01_0740",4.96651261054929,-0.446471186185549,1.16117724812432,-0.384498737730821,0.70060883128069,0.97845571662501
"LBRM_01_0750",0,NA,NA,NA,NA,NA
"LBRM_01_0760",0,NA,NA,NA,NA,NA
"LBRM_01_0770",0.106620929128686,0.512386596321632,4.0804728567969,0.125570396937733,0.900071997253288,NA
"LBRM_01_0780",0.635070523200507,1.51651499437601,3.01403461207025,0.503151154370572,0.614858003780267,NA
"LBRM_02_0010",0,NA,NA,NA,NA,NA
"LBRM_02_0020",0.150548590060784,2.36802554841367,4.07009331419134,0.581811119700128,0.560693913243612,NA
"LBRM_02_0030",0,NA,NA,NA,NA,NA
"LBRM_02_0040",0,NA,NA,NA,NA,NA
"LBRM_02_0050",0,NA,NA,NA,NA,NA
"LBRM_02_0060",0,NA,NA,NA,NA,NA
"LBRM_02_0070",0,NA,NA,NA,NA,NA
"LBRM_02_0080",0,NA,NA,NA,NA,NA
"LBRM_02_0090",0,NA,NA,NA,NA,NA
"LBRM_02_0100",0,NA,NA,NA,NA,NA
"LBRM_02_0110",0,NA,NA,NA,NA,NA
"LBRM_02_0120",0.0777714885289751,0.512386596321632,4.0804728567969,0.125570396937733,0.900071997253288,NA
"LBRM_02_0130",0.554304521344718,-0.54024923573436,3.13061334945751,-0.172569773213283,0.862989612869103,NA
"LBRM_02_0140",0.225339052771423,2.57585470100848,4.06349269559957,0.633901644218018,0.526145012480435,NA
"LBRM_02_0150",0.150548590060784,2.36802554841367,4.07009331419134,0.581811119700128,0.560693913243612,NA
"LBRM_02_0160",0,NA,NA,NA,NA,NA
"LBRM_02_0170",0,NA,NA,NA,NA,NA
"LBRM_02_0180",0.25716951918947,1.40625154395371,4.07009308958569,0.345508447350243,0.729712160779994,NA
"LBRM_02_0190",0,NA,NA,NA,NA,NA
"LBRM_02_0200",0.0777714885289751,0.512386596321632,4.0804728567969,0.125570396937733,0.900071997253288,NA
"LBRM_02_0210",0,NA,NA,NA,NA,NA
"LBRM_02_0220",0.225339052771423,2.57585470100848,4.06349269559957,0.633901644218018,0.526145012480435,NA
"LBRM_02_0230",0,NA,NA,NA,NA,NA
"LBRM_02_0240",0.75603333864143,0.731184174954886,2.91540136064613,0.250800519209758,0.801968340132756,NA
"LBRM_02_0250",0.0777714885289751,0.512386596321632,4.0804728567969,0.125570396937733,0.900071997253288,NA
"LBRM_02_0260",0.150548590060784,2.36802554841367,4.07009331419134,0.581811119700128,0.560693913243612,NA
"LBRM_02_0270",0.592110526907916,0.519722494513027,3.04175606208751,0.170862647728677,0.864331767497047,NA
"LBRM_02_0280",0.901560351094244,2.66466023462672,2.73321088695414,0.974919369502506,0.329600257279052,NA
"LBRM_02_0290",0,NA,NA,NA,NA,NA
"LBRM_02_0300",0,NA,NA,NA,NA,NA
"LBRM_02_0310",0.375887642832207,3.14688176220709,3.93733525674645,0.799241506502413,0.42415038880027,NA
"LBRM_02_0320",1.17082706479776,4.38734850930913,2.42817113225948,1.80685308832684,0.070785188626508,0.738573202676465
"LBRM_02_0330",0,NA,NA,NA,NA,NA
"LBRM_02_0340",0.0777714885289751,0.512386596321632,4.0804728567969,0.125570396937733,0.900071997253288,NA
"LBRM_02_0350",1.057130518763,2.05785646491937,2.39120290843815,0.860594664575533,0.389461325513296,0.97845571662501
"LBRM_02_0360",0.0777714885289751,0.512386596321632,4.0804728567969,0.125570396937733,0.900071997253288,NA
"LBRM_02_0370",0,NA,NA,NA,NA,NA
"LBRM_02_0380",0.63509771381131,2.57296621268561,3.00108970139918,0.857343987914133,0.391254804960616,NA
"LBRM_02_0390",0,NA,NA,NA,NA,NA
"LBRM_02_0400",1.58703651107106,-0.180107946123927,1.80232245805459,-0.0999310336055698,0.920399078406623,0.97845571662501
"LBRM_02_0410",0,NA,NA,NA,NA,NA
"LBRM_02_0420",0.0777714885289751,0.512386596321632,4.0804728567969,0.125570396937733,0.900071997253288,NA
"LBRM_02_0430",0,NA,NA,NA,NA,NA
"LBRM_02_0440",0,NA,NA,NA,NA,NA
"LBRM_02_0450",1.0122623838022,1.63808537052095,2.60336658729529,0.629218097257213,0.529206282543815,0.97845571662501
"LBRM_02_0460",0,NA,NA,NA,NA,NA
"LBRM_02_0470",0,NA,NA,NA,NA,NA
"LBRM_02_0480",0.625041071086894,0.386890633017069,2.98756921530098,0.129500140460542,0.896961913816542,NA
"LBRM_02_0490",0,NA,NA,NA,NA,NA
"LBRM_02_0500",0,NA,NA,NA,NA,NA
"LBRM_02_0510",0.106620929128686,0.512386596321632,4.0804728567969,0.125570396937733,0.900071997253288,NA
"LBRM_02_0520",0,NA,NA,NA,NA,NA
"LBRM_02_0530",0.225339052771423,2.57585470100848,4.06349269559957,0.633901644218018,0.526145012480435,NA
"LBRM_02_0540",4.69055357543196,-1.12933038794905,1.20806951172338,-0.934822356652302,0.349879855999607,0.964273692480018
"LBRM_02_0550",2967.20719699324,-2.12289709563457,0.291637495653795,-7.27923235959575,3.35725003560348e-13,2.69251452855399e-10
"LBRM_02_0560",2.50958275291276,0.0667184341556363,1.43408762820104,0.04652326178933,0.962893193930431,0.994222666692539
"LBRM_02_0570",0,NA,NA,NA,NA,NA
"LBRM_02_0580",0,NA,NA,NA,NA,NA
"LBRM_02_0590",0,NA,NA,NA,NA,NA
"LBRM_02_0600",0,NA,NA,NA,NA,NA
"LBRM_02_0610",0,NA,NA,NA,NA,NA
"LBRM_02_0620",0.225339052771423,2.57585470100848,4.06349269559957,0.633901644218018,0.526145012480435,NA
"LBRM_02_0630",0,NA,NA,NA,NA,NA
"LBRM_02_0640",0,NA,NA,NA,NA,NA
"LBRM_02_0650",0.228320078589759,1.40625154395371,4.07009308958569,0.345508447350244,0.729712160779994,NA
"LBRM_02_0660",0.217322961836639,-0.533674641665669,4.02601547254019,-0.132556530223405,0.894544112800906,NA
"LBRM_02_0670",0,NA,NA,NA,NA,NA
"LBRM_02_0680",0,NA,NA,NA,NA,NA
"LBRM_03_0010",0.15554297705795,-0.121015899195086,4.06395245618752,-0.0297778826154414,0.976244198059474,NA
"LBRM_03_0020",0.549282943736748,-0.0258016479116078,3.14342165408712,-0.00820814092123472,0.993450924625241,NA
"LBRM_03_0030",0.710828650550652,1.74009715364592,2.68155429373441,0.648913638523653,0.516394198748743,NA
"LBRM_03_0040",0.453659131361182,2.18767694246641,3.40299717706313,0.642867692401212,0.520309954570993,NA
"LBRM_03_0050",0.451645770182352,3.36570143917267,3.99693293608688,0.842071031211195,0.39974819525179,NA
"LBRM_03_0060",0.150548590060784,2.36802554841367,4.07009331419134,0.581811119700128,0.560693913243612,NA
"LBRM_03_0070",0,NA,NA,NA,NA,NA
"LBRM_03_0080",0.301097180121568,2.94536147983492,4.04378005220696,0.728368368657302,0.466388120880344,NA
"LBRM_03_0090",0.10866148091832,0.512386596321631,4.0804728567969,0.125570396937733,0.900071997253288,NA
"LBRM_03_0100",0.186432969447295,-0.33622145367943,4.04316669949863,-0.083157949861707,0.933725948031842,NA
"LBRM_03_0110",0,NA,NA,NA,NA,NA
"LBRM_03_0120",0.516379590168574,0.975274502243785,3.23299260215184,0.301663078843624,0.762908916596105,NA
"LBRM_03_0130",0.259210070979104,1.40625154395371,4.07009308958569,0.345508447350243,0.729712160779994,NA
"LBRM_03_0140",0,NA,NA,NA,NA,NA
"LBRM_03_0150",0,NA,NA,NA,NA,NA
"LBRM_03_0160",0.228320078589759,1.40625154395371,4.07009308958569,0.345508447350244,0.729712160779994,NA
"LBRM_03_0170",1.55115213168455,0.41714652421182,1.83615491648479,0.227184820009862,0.820280030987719,0.97845571662501
"LBRM_03_0180",0,NA,NA,NA,NA,NA
"LBRM_03_0190",0,NA,NA,NA,NA,NA
"LBRM_03_0200",0.10866148091832,0.512386596321631,4.0804728567969,0.125570396937733,0.900071997253288,NA
"LBRM_03_0210",0.150548590060784,2.36802554841367,4.07009331419134,0.581811119700128,0.560693913243612,NA
"LBRM_03_0220",0,NA,NA,NA,NA,NA
"LBRM_03_0230",0.0777714885289751,0.512386596321632,4.0804728567969,0.125570396937733,0.900071997253288,NA
"LBRM_03_0240",0.10866148091832,0.512386596321631,4.0804728567969,0.125570396937733,0.900071997253288,NA
"LBRM_03_0250",0.150548590060784,2.36802554841367,4.07009331419134,0.581811119700128,0.560693913243612,NA
"LBRM_03_0260",0.95496050119737,0.572434037051756,2.37900576963381,0.240619020079076,0.809850407344805,0.97845571662501
"LBRM_03_0270",0.225339052771423,2.57585470100848,4.06349269559957,0.633901644218018,0.526145012480435,NA
"LBRM_03_0280",0,NA,NA,NA,NA,NA
"LBRM_03_0290",0,NA,NA,NA,NA,NA
"LBRM_03_0300",0.487530149568863,1.14742425389296,3.30139878998407,0.347556998377193,0.728172905436024,NA
"LBRM_03_0310",0.106620929128686,0.512386596321632,4.0804728567969,0.125570396937733,0.900071997253288,NA
"LBRM_03_0320",0,NA,NA,NA,NA,NA
"LBRM_03_0330",0.401715379494301,-1.43380111314668,3.48376812167954,-0.411566172910336,0.680657429795647,NA
"LBRM_03_0340",1.75189979683328,-0.21653257198818,1.77718257146665,-0.121840364329863,0.903025445962727,0.97845571662501
"LBRM_03_0350",0,NA,NA,NA,NA,NA
"LBRM_03_0360",0,NA,NA,NA,NA,NA
"LBRM_03_0370",0.788627329690431,1.90774528637194,2.78000183603179,0.686238858422872,0.492562497500766,NA
"LBRM_03_0380",0.456640157179518,1.34958449725223,3.67488271202153,0.367245597481894,0.71343582999224,NA
"LBRM_03_0390",0,NA,NA,NA,NA,NA
"LBRM_03_0400",8.64594702213039,0.574744210619414,0.836347847211568,0.687207138196917,0.491952206766728,0.97845571662501
"LBRM_03_0410",1.12260067276937,1.16402694153071,2.08013448442063,0.559592156299894,0.57575765621332,0.97845571662501
"LBRM_03_0420",0.448596875633931,-1.6064084626618,3.32883792943186,-0.482573347431176,0.629398707248538,NA
"LBRM_03_0430",0.93012429544684,-2.65375025580676,2.53013771963814,-1.04885605048657,0.294244375759352,NA
"LBRM_03_0440",1.0457696582691,1.05886544017412,2.26753489494417,0.466967649554158,0.640523023551399,0.97845571662501
"LBRM_03_0450",0.150548590060784,2.36802554841367,4.07009331419134,0.581811119700128,0.560693913243612,NA
"LBRM_03_0460",1.10644956528686,0.508067646588348,2.42071206744684,0.20988355179483,0.833758560078638,0.97845571662501
"LBRM_03_0470",0.301097180121568,2.94536147983492,4.04378005220696,0.728368368657302,0.466388120880344,NA
"LBRM_03_0480",0.334941007718446,0.571059908719948,3.80738004106996,0.14998762996075,0.880774374718182,NA
"LBRM_03_0490",1.88869065413522,2.0922074472806,1.75341959420767,1.1932155053999,0.232784983669488,0.901878977667925
"LBRM_03_0500",0.52844959407182,2.35930608095002,3.49189540690243,0.675651990115848,0.499261624380705,NA
"LBRM_03_0510",0.782842227451508,0.581191152286235,3.08367403768273,0.188473601679048,0.850505407480165,NA
"LBRM_03_0520",0.306091567118734,0.772849864308764,4.05352984767767,0.190660953132377,0.848791232320037,NA
"LBRM_03_0530",0,NA,NA,NA,NA,NA
"LBRM_03_0540",0,NA,NA,NA,NA,NA
"LBRM_03_0550",0.186432969447295,-0.33622145367943,4.04316669949863,-0.083157949861707,0.933725948031842,NA
"LBRM_03_0560",0,NA,NA,NA,NA,NA
"LBRM_03_0570",0.980095364254172,3.23683163734616,2.55885426301266,1.26495349271486,0.205887999933683,0.898195964048256
"LBRM_03_0580",8.29727214792516,0.307163552774751,0.820392268078097,0.374410589576048,0.70809886561386,0.97845571662501
"LBRM_03_0590",15.344464944197,1.46835312014516,0.655142752085856,2.24127202120483,0.0250084601391769,0.489189878819997
"LBRM_03_0600",4.39531957184044,1.08644664517369,1.09736573550233,0.990049725469479,0.322149814770034,0.939506005256609
"LBRM_03_0610",0.370825387104956,-1.32784186481398,3.58695565306301,-0.370186306507606,0.711243678831557,NA
"LBRM_03_0620",0.643045936016009,-0.442014699746039,2.95094719019965,-0.149787397488511,0.880932352525803,NA
"LBRM_03_0630",0.453659131361182,2.18767694246641,3.40299717706313,0.642867692401212,0.520309954570993,NA
"LBRM_03_0640",0.225339052771423,2.57585470100848,4.06349269559957,0.633901644218018,0.526145012480435,NA
"LBRM_03_0650",1.61792650346041,-0.226389779307364,1.829689392887,-0.12373126290586,0.901528057635038,0.97845571662501
"LBRM_03_0660",0,NA,NA,NA,NA,NA
"LBRM_03_0670",0.676221298322822,1.59462830001721,3.26104804272725,0.488992581257285,0.624846949119947,NA
"LBRM_03_0680",2.18861988776577,0.324597377700325,1.64897885768151,0.196847507285032,0.843946872940345,0.97845571662501
"LBRM_03_0690",0.0777714885289751,0.512386596321632,4.0804728567969,0.125570396937733,0.900071997253288,NA
"LBRM_03_0700",1.07269747269212,-0.540558253886271,2.13955464392341,-0.252649893949435,0.800538770664955,0.97845571662501
"LBRM_03_0710",0,NA,NA,NA,NA,NA
"LBRM_03_0720",0.706866472584332,-0.626871996669461,2.83762657988056,-0.220914196784782,0.82515924306753,NA
"LBRM_03_0730",0.818549657440269,1.681413343079,2.73407697643479,0.614983907757985,0.53856534785565,NA
"LBRM_03_0740",0,NA,NA,NA,NA,NA
"LBRM_03_0750",0.599145465694715,-0.708413414529204,2.80166693130021,-0.252854258518317,0.800380837436191,NA
"LBRM_03_0760",1.04409285022025,0.814567177076791,2.38095610867725,0.34211767873761,0.73226233362404,0.97845571662501
"LBRM_03_0770",0.150548590060784,2.36802554841367,4.07009331419134,0.581811119700128,0.560693913243612,NA
"LBRM_03_0780",0.380882029829373,0.977226041233979,3.94949654547106,0.247430534495486,0.804575045569454,NA
"LBRM_03_0790",1.0122623838022,1.63808537052095,2.60336658729529,0.629218097257213,0.529206282543815,0.97845571662501
"LBRM_03_0800",0.184392417657661,-0.322972510444289,4.04440056163657,-0.0798567069513009,0.936351222660643,NA
"LBRM_03_0810",0.334941007718446,0.571059908719948,3.80738004106996,0.14998762996075,0.880774374718182,NA
"LBRM_03_0820",0.225339052771423,2.57585470100848,4.06349269559957,0.633901644218018,0.526145012480435,NA
"LBRM_03_0830",0,NA,NA,NA,NA,NA
"LBRM_03_0840",0.0777714885289751,0.512386596321632,4.0804728567969,0.125570396937733,0.900071997253288,NA
"LBRM_03_0850",0.225339052771423,2.57585470100848,4.06349269559957,0.633901644218018,0.526145012480435,NA
"LBRM_03_0860",0.484549123750526,2.18815698437253,3.32455332860874,0.658180744325201,0.510421996464077,NA
"LBRM_03_0870",0.106620929128686,0.512386596321632,4.0804728567969,0.125570396937733,0.900071997253288,NA
"LBRM_03_0880",0.10866148091832,0.512386596321631,4.0804728567969,0.125570396937733,0.900071997253288,NA
"LBRM_03_0890",2.06084960600036,4.32685200896711,2.02590615290209,2.13576132476272,0.0326988730068439,0.601133256710764
"LBRM_03_0900",0.647371857723111,1.59621171071338,3.3100321613617,0.482234501932067,0.629639369888605,NA
"LBRM_03_0910",0.225339052771423,2.57585470100848,4.06349269559957,0.633901644218018,0.526145012480435,NA
"LBRM_03_0920",0.228320078589759,1.40625154395371,4.07009308958569,0.345508447350244,0.729712160779994,NA
"LBRM_03_0930",0,NA,NA,NA,NA,NA
"LBRM_03_0940",0,NA,NA,NA,NA,NA
"LBRM_04_0010",0.484549123750526,2.18815698437253,3.32455332860874,0.658180744325201,0.510421996464077,NA
"LBRM_04_0020",0.150548590060784,2.36802554841367,4.07009331419134,0.581811119700128,0.560693913243612,NA
"LBRM_04_0030",0.375887642832207,3.14688176220709,3.93733525674645,0.799241506502413,0.42415038880027,NA
"LBRM_04_0050",0,NA,NA,NA,NA,NA
"LBRM_04_0060",0,NA,NA,NA,NA,NA
"LBRM_04_0070",0,NA,NA,NA,NA,NA
"LBRM_04_0071",0.0777714885289751,0.512386596321632,4.0804728567969,0.125570396937733,0.900071997253288,NA
"LBRM_04_0080",0,NA,NA,NA,NA,NA
"LBRM_04_0090",0.150548590060784,2.36802554841367,4.07009331419134,0.581811119700128,0.560693913243612,NA
"LBRM_04_0100",1.16652833370147,1.87775715437147,2.18888786185774,0.85785900095302,0.390970325600966,0.97845571662501
"LBRM_04_0110",0,NA,NA,NA,NA,NA
"LBRM_04_0120",0.184392417657661,-0.322972510444289,4.04440056163657,-0.0798567069513009,0.936351222660643,NA
"LBRM_04_0130",0,NA,NA,NA,NA,NA
"LBRM_04_0140",0.106620929128686,0.512386596321632,4.0804728567969,0.125570396937733,0.900071997253288,NA
"LBRM_04_0150",0.818549657440269,1.681413343079,2.73407697643479,0.614983907757985,0.53856534785565,NA
"LBRM_04_0160",0,NA,NA,NA,NA,NA
"LBRM_04_0170",0.184392417657661,-0.322972510444289,4.04440056163657,-0.0798567069513009,0.936351222660643,NA
"LBRM_04_0180",0,NA,NA,NA,NA,NA
"LBRM_04_0190",0,NA,NA,NA,NA,NA
"LBRM_04_0200",0,NA,NA,NA,NA,NA
"LBRM_04_0210",0,NA,NA,NA,NA,NA
"LBRM_04_0220",0,NA,NA,NA,NA,NA
"LBRM_04_0230",0,NA,NA,NA,NA,NA
"LBRM_04_0240",0,NA,NA,NA,NA,NA
"LBRM_04_0250",0,NA,NA,NA,NA,NA
"LBRM_04_0260",0.10866148091832,0.512386596321631,4.0804728567969,0.125570396937733,0.900071997253288,NA
"LBRM_04_0270",0.0777714885289751,0.512386596321632,4.0804728567969,0.125570396937733,0.900071997253288,NA
"LBRM_04_0280",0,NA,NA,NA,NA,NA
"LBRM_04_0290",1.02124613937649,4.20395597046959,2.71248387553702,1.54985473218243,0.121176386820933,0.786201095137236
"LBRM_04_0300",0,NA,NA,NA,NA,NA
"LBRM_04_0310",0,NA,NA,NA,NA,NA
"LBRM_04_0320",1.02624052637365,2.24418637704459,2.56737172293232,0.874118210853159,0.382053881075068,0.97845571662501
"LBRM_04_0330",0,NA,NA,NA,NA,NA
"LBRM_04_0340",0.150548590060784,2.36802554841367,4.07009331419134,0.581811119700128,0.560693913243612,NA
"LBRM_04_0350",0.637070396870859,-2.10944147174644,3.15821457867596,-0.667922150062013,0.504183287561757,NA
"LBRM_04_0360",0.150548590060784,2.36802554841367,4.07009331419134,0.581811119700128,0.560693913243612,NA
"LBRM_04_0370",0.150548590060784,2.36802554841367,4.07009331419134,0.581811119700128,0.560693913243612,NA
"LBRM_04_0380",0.453659131361182,2.18767694246641,3.40299717706313,0.642867692401212,0.520309954570993,NA
"LBRM_04_0390",0.301097180121568,2.94536147983492,4.04378005220696,0.728368368657302,0.466388120880344,NA
"LBRM_04_0400",0,NA,NA,NA,NA,NA
"LBRM_04_0410",0.569600369194135,2.56902019336441,3.72121552354445,0.690371244855345,0.489960754983094,NA
"LBRM_04_0420",0.150548590060784,2.36802554841367,4.07009331419134,0.581811119700128,0.560693913243612,NA
"LBRM_04_0430",0,NA,NA,NA,NA,NA
"LBRM_04_0440",0,NA,NA,NA,NA,NA
"LBRM_04_0450",0.215282410047006,-0.521705569758801,4.02699186999459,-0.129552178549469,0.896920740266371,NA
"LBRM_04_0460",0,NA,NA,NA,NA,NA
"LBRM_04_0470",0.150548590060784,2.36802554841367,4.07009331419134,0.581811119700128,0.560693913243612,NA
"LBRM_04_0480",0.0777714885289751,0.512386596321632,4.0804728567969,0.125570396937733,0.900071997253288,NA
"LBRM_04_0490",0.375887642832207,3.14688176220709,3.93733525674645,0.799241506502413,0.42415038880027,NA
"LBRM_04_0500",0.0777714885289751,0.512386596321632,4.0804728567969,0.125570396937733,0.900071997253288,NA
"LBRM_04_0510",0,NA,NA,NA,NA,NA
"LBRM_04_0520",0.372865938894589,-1.33443373612058,3.91130706876304,-0.341173350151359,0.73297308449078,NA
"LBRM_04_0530",0.150548590060784,2.36802554841367,4.07009331419134,0.581811119700128,0.560693913243612,NA
"LBRM_04_0540",0.106620929128686,0.512386596321632,4.0804728567969,0.125570396937733,0.900071997253288,NA
"LBRM_04_0550",2.06802081606563,0.241991928443843,1.58401580311111,0.152771157944608,0.878578743330016,0.97845571662501
"LBRM_04_0560",0.150548590060784,2.36802554841367,4.07009331419134,0.581811119700128,0.560693913243612,NA
"LBRM_04_0570",0,NA,NA,NA,NA,NA
"LBRM_04_0580",0.443602488636765,-0.081680203916819,3.14727451345204,-0.0259526786010253,0.979295082729114,NA
"LBRM_04_0590",0.225339052771423,2.57585470100848,4.06349269559957,0.633901644218018,0.526145012480435,NA
"LBRM_04_0600",2.5773382768366,0.539367341933288,1.43528804079652,0.375790312886578,0.707072790058858,0.97845571662501
"LBRM_04_0610",0.411772022218717,0.753590502948088,3.52106034620548,0.214023739684043,0.830528544494832,NA
"LBRM_04_0620",0.184392417657661,-0.322972510444289,4.04440056163657,-0.0798567069513009,0.936351222660643,NA
"LBRM_04_0630",0.225339052771423,2.57585470100848,4.06349269559957,0.633901644218018,0.526145012480435,NA
"LBRM_04_0640",0,NA,NA,NA,NA,NA
"LBRM_04_0650",0,NA,NA,NA,NA,NA
"LBRM_04_0660",0,NA,NA,NA,NA,NA
"LBRM_04_0670",4.93290231965774,0.408480043531065,1.05417276748088,0.387488707858767,0.69839444309759,0.97845571662501
"LBRM_04_0680",0,NA,NA,NA,NA,NA
"LBRM_04_0690",0,NA,NA,NA,NA,NA
"LBRM_04_0700",0,NA,NA,NA,NA,NA
"LBRM_04_0710",0.184392417657661,-0.322972510444289,4.04440056163657,-0.0798567069513009,0.936351222660643,NA
"LBRM_04_0720",0,NA,NA,NA,NA,NA
"LBRM_04_0730",0,NA,NA,NA,NA,NA
"LBRM_04_0740",0,NA,NA,NA,NA,NA
"LBRM_04_0750",2.99558827489953,-0.657200617566808,1.35840554952304,-0.483802953983486,0.628525718449266,0.97845571662501
"LBRM_04_0760",0.293053898575981,-0.981973165309184,3.95663099556679,-0.248184166380296,0.803991916578278,NA
"LBRM_04_0770",0.259210070979104,1.40625154395371,4.07009308958569,0.345508447350243,0.729712160779994,NA
"LBRM_04_0780",0.594123888086746,-0.243965903364626,3.02223680399931,-0.0807236226631173,0.935661749952184,NA
"LBRM_04_0790",0.399674827704668,-1.42721228906698,3.49019211027184,-0.408920839877729,0.682597754835227,NA
"LBRM_04_0800",0.217322961836639,-0.533674641665669,4.02601547254019,-0.132556530223405,0.894544112800906,NA
"LBRM_04_0810",0.150548590060784,2.36802554841367,4.07009331419134,0.581811119700128,0.560693913243612,NA
"LBRM_04_0820",0,NA,NA,NA,NA,NA
"LBRM_04_0830",0.589129501089579,1.17883190933294,3.08593973072051,0.382000950179837,0.702460659845937,NA
"LBRM_04_0840",0,NA,NA,NA,NA,NA
"LBRM_04_0850",0.295094450365614,-0.991002081466368,3.99402597456254,-0.248121090793585,0.804040717664925,NA
"LBRM_04_0860",0.516379590168574,0.975274502243785,3.23299260215184,0.301663078843624,0.762908916596105,NA
"LBRM_04_0870",1.1176062857722,2.25732787922744,2.27778689102733,0.991018030755869,0.321676775986068,0.939506005256609
"LBRM_04_0880",0,NA,NA,NA,NA,NA
"LBRM_04_0890",0.443602488636765,-0.081680203916819,3.14727451345204,-0.0259526786010253,0.979295082729114,NA
"LBRM_04_0900",0.303110541300398,1.61408529533901,4.06349235823931,0.397216274337571,0.691207982142509,NA
"LBRM_04_0910",0,NA,NA,NA,NA,NA
"LBRM_04_0920",0,NA,NA,NA,NA,NA
"LBRM_04_0930",0.259210070979104,1.40625154395371,4.07009308958569,0.345508447350243,0.729712160779994,NA
"LBRM_04_0940",0.984353417231189,1.04461824547862,2.42106568723244,0.431470426840315,0.666126351178812,0.97845571662501
"LBRM_04_0950",0.150548590060784,2.36802554841367,4.07009331419134,0.581811119700128,0.560693913243612,NA
"LBRM_04_0960",0,NA,NA,NA,NA,NA
"LBRM_04_0970",0.186432969447295,-0.33622145367943,4.04316669949863,-0.083157949861707,0.933725948031842,NA
"LBRM_04_0980",0.36583100010779,0.37730783828149,3.68378700877705,0.102423901648632,0.918420212664091,NA
"LBRM_04_0990",0.945488012026342,4.03915708245817,2.63014996729183,1.53571360290803,0.124608637341088,0.786201095137236
"LBRM_04_1000",0.0777714885289751,0.512386596321632,4.0804728567969,0.125570396937733,0.900071997253288,NA
"LBRM_04_1010",0.26420445797627,-0.845932859173047,4.00312810314672,-0.21131795870037,0.832639170313903,NA
"LBRM_04_1020",0.106620929128686,0.512386596321632,4.0804728567969,0.125570396937733,0.900071997253288,NA
"LBRM_04_1030",0,NA,NA,NA,NA,NA
"LBRM_04_1040",0,NA,NA,NA,NA,NA
"LBRM_04_1050",0,NA,NA,NA,NA,NA
"LBRM_04_1060",0.0777714885289751,0.512386596321632,4.0804728567969,0.125570396937733,0.900071997253288,NA
"LBRM_04_1070",0.106620929128686,0.512386596321632,4.0804728567969,0.125570396937733,0.900071997253288,NA
"LBRM_04_1080",0,NA,NA,NA,NA,NA
"LBRM_04_1090",1.46829119681752,-1.18759155717064,1.89583974306503,-0.626419802367178,0.531039624297824,0.97845571662501
"LBRM_04_1100",0.106620929128686,0.512386596321632,4.0804728567969,0.125570396937733,0.900071997253288,NA
"LBRM_04_1110",0,NA,NA,NA,NA,NA
"LBRM_04_1120",0,NA,NA,NA,NA,NA
"LBRM_04_1130",0.52844959407182,2.35930608095002,3.49189540690243,0.675651990115848,0.499261624380705,NA
"LBRM_04_1140",0.72014895925492,3.43948944334506,3.11039865378382,1.10580341177839,0.268811617980153,NA
"LBRM_04_1150",0.150548590060784,2.36802554841367,4.07009331419134,0.581811119700128,0.560693913243612,NA
"LBRM_04_1160",0,NA,NA,NA,NA,NA
"LBRM_04_1170",0.0777714885289751,0.512386596321632,4.0804728567969,0.125570396937733,0.900071997253288,NA
"LBRM_04_1180",0.0777714885289751,0.512386596321632,4.0804728567969,0.125570396937733,0.900071997253288,NA
"LBRM_04_1190",0,NA,NA,NA,NA,NA
"LBRM_04_1200",0.569600369194135,2.56902019336441,3.72121552354445,0.690371244855345,0.489960754983094,NA
"LBRM_04_1210",0,NA,NA,NA,NA,NA
"LBRM_04_1220",0,NA,NA,NA,NA,NA
"LBRM_04_1230",0,NA,NA,NA,NA,NA
"LBRM_04_1240",0.319862787386059,-1.09975022457855,3.98776465918917,-0.275781125158515,0.78271618167723,NA
"LBRM_04_1250",0,NA,NA,NA,NA,NA
"LBRM_05_0010",0.411772022218717,0.753590502948088,3.52106034620548,0.214023739684043,0.830528544494832,NA
"LBRM_05_0020",0.559339586461165,2.35897828775056,3.41997486185782,0.689764803262065,0.490342105949544,NA
"LBRM_05_0030",0,NA,NA,NA,NA,NA
"LBRM_05_0040",0.10866148091832,0.512386596321631,4.0804728567969,0.125570396937733,0.900071997253288,NA
"LBRM_05_0050",0.15554297705795,-0.121015899195086,4.06395245618752,-0.0297778826154414,0.976244198059474,NA
"LBRM_05_0060",0.684960235769277,1.20683736912835,3.11906950509513,0.386922243046181,0.698813773668415,NA
"LBRM_05_0070",0,NA,NA,NA,NA,NA
"LBRM_05_0080",0.106620929128686,0.512386596321632,4.0804728567969,0.125570396937733,0.900071997253288,NA
"LBRM_05_0090",0,NA,NA,NA,NA,NA
"LBRM_05_0100",0.450678105542845,3.32271092996418,4.01688493769328,0.827185986530216,0.408131653169535,NA
"LBRM_05_0110",0,NA,NA,NA,NA,NA
"LBRM_05_0120",0,NA,NA,NA,NA,NA
"LBRM_05_0130",0.150548590060784,2.36802554841367,4.07009331419134,0.581811119700128,0.560693913243612,NA
"LBRM_05_0140",0.150548590060784,2.36802554841367,4.07009331419134,0.581811119700128,0.560693913243612,NA
"LBRM_05_0150",0,NA,NA,NA,NA,NA
"LBRM_05_0160",0,NA,NA,NA,NA,NA
"LBRM_05_0170",0.860613715980483,0.0960843854227589,2.75150218215108,0.0349207011522854,0.972142973546626,NA
"LBRM_05_0180",0.10866148091832,0.512386596321631,4.0804728567969,0.125570396937733,0.900071997253288,NA
"LBRM_05_0190",0.0777714885289751,0.512386596321632,4.0804728567969,0.125570396937733,0.900071997253288,NA
"LBRM_05_0200",0.380882029829373,0.977226041233979,3.94949654547106,0.247430534495486,0.804575045569454,NA
"LBRM_05_0210",0.186432969447295,-0.33622145367943,4.04316669949863,-0.083157949861707,0.933725948031842,NA
"LBRM_05_0220",0.0777714885289751,0.512386596321632,4.0804728567969,0.125570396937733,0.900071997253288,NA
"LBRM_05_0230",0,NA,NA,NA,NA,NA
"LBRM_05_0240",0,NA,NA,NA,NA,NA
"LBRM_05_0250",0,NA,NA,NA,NA,NA
"LBRM_05_0260",0,NA,NA,NA,NA,NA
"LBRM_05_0270",0,NA,NA,NA,NA,NA
"LBRM_05_0280",0,NA,NA,NA,NA,NA
"LBRM_05_0290",0.150548590060784,2.36802554841367,4.07009331419134,0.581811119700128,0.560693913243612,NA
"LBRM_05_0300",0.225339052771423,2.57585470100848,4.06349269559957,0.633901644218018,0.526145012480435,NA
"LBRM_05_0310",0,NA,NA,NA,NA,NA
"LBRM_05_0320",0.0777714885289751,0.512386596321632,4.0804728567969,0.125570396937733,0.900071997253288,NA
"LBRM_05_0330",0,NA,NA,NA,NA,NA
"LBRM_05_0340",0,NA,NA,NA,NA,NA
"LBRM_05_0350",0.380882029829373,0.977226041233979,3.94949654547106,0.247430534495486,0.804575045569454,NA
"LBRM_05_0360",0.15554297705795,-0.121015899195086,4.06395245618752,-0.0297778826154414,0.976244198059474,NA
"LBRM_05_0370",0.259210070979104,1.40625154395371,4.07009308958569,0.345508447350243,0.729712160779994,NA
"LBRM_05_0380",0.15554297705795,-0.121015899195086,4.06395245618752,-0.0297778826154414,0.976244198059474,NA
"LBRM_05_0390",0.753992786851797,0.742235396893765,2.91817413612435,0.25434924794431,0.799225756091841,NA
"LBRM_05_0400",0.380882029829373,0.977226041233979,3.94949654547106,0.247430534495486,0.804575045569454,NA
"LBRM_05_0410",0.598204991666012,-0.257557149780108,3.01545033982433,-0.0854124992140023,0.93193345654037,NA
"LBRM_05_0420",0.106620929128686,0.512386596321632,4.0804728567969,0.125570396937733,0.900071997253288,NA
"LBRM_05_0430",0,NA,NA,NA,NA,NA
"LBRM_05_0440",0.225339052771423,2.57585470100848,4.06349269559957,0.633901644218018,0.526145012480435,NA
"LBRM_05_0450",0.633057162021677,2.57285816019941,3.00436618237407,0.856373026461879,0.391791479669518,NA
"LBRM_05_0460",0.414753048037054,0.0468763144403598,3.48132427557038,0.0134650813109559,0.989256744153462,NA
"LBRM_05_0470",2.02013430150595,2.47915539327877,1.75960977123185,1.40892340666146,0.158857817507855,0.827298504164284
"LBRM_05_0480",0.106620929128686,0.512386596321632,4.0804728567969,0.125570396937733,0.900071997253288,NA
"LBRM_05_0490",0.106620929128686,0.512386596321632,4.0804728567969,0.125570396937733,0.900071997253288,NA
"LBRM_05_0500",0.0777714885289751,0.512386596321632,4.0804728567969,0.125570396937733,0.900071997253288,NA
"LBRM_05_0510",0,NA,NA,NA,NA,NA
"LBRM_05_0520",1.1176062857722,2.25732787922744,2.27778689102733,0.991018030755869,0.321676775986068,0.939506005256609
"LBRM_05_0530",0.569600369194135,2.56902019336441,3.72121552354445,0.690371244855345,0.489960754983094,NA
"LBRM_05_0540",1.13286145550234,1.53676486876924,2.28072202774177,0.673806299091543,0.500434469598745,0.97845571662501
"LBRM_05_0550",0,NA,NA,NA,NA,NA
"LBRM_05_0560",0.331959981900109,1.61408529533901,4.06349235823931,0.397216274337571,0.691207982142509,NA
"LBRM_05_0570",0,NA,NA,NA,NA,NA
"LBRM_05_0580",0,NA,NA,NA,NA,NA
"LBRM_05_0590",0,NA,NA,NA,NA,NA
"LBRM_05_0600",0.443602488636765,-0.081680203916819,3.14727451345204,-0.0259526786010253,0.979295082729114,NA
"LBRM_05_0610",0,NA,NA,NA,NA,NA
"LBRM_05_0620",0.451645770182352,3.36570143917267,3.99693293608688,0.842071031211195,0.39974819525179,NA
"LBRM_05_0630",0,NA,NA,NA,NA,NA
"LBRM_05_0640",0.10866148091832,0.512386596321631,4.0804728567969,0.125570396937733,0.900071997253288,NA
"LBRM_05_0650",0.150548590060784,2.36802554841367,4.07009331419134,0.581811119700128,0.560693913243612,NA
"LBRM_05_0660",0.778543496355211,-0.178382757398364,2.52349293545665,-0.0706888277323764,0.943645412771497,NA
"LBRM_05_0670",0.10866148091832,0.512386596321631,4.0804728567969,0.125570396937733,0.900071997253288,NA
"LBRM_05_0680",2.55190147452609,1.91688085415735,1.49466198385651,1.28248451814599,0.199672732480765,0.898195964048256
"LBRM_05_0690",0.826525070255771,0.0638920007438007,2.48685865643763,0.0256918504710375,0.979503124095019,NA
"LBRM_05_0700",0.10866148091832,0.512386596321631,4.0804728567969,0.125570396937733,0.900071997253288,NA
"LBRM_05_0710",0,NA,NA,NA,NA,NA
"LBRM_05_0720",0.794939421965558,3.66299337614718,3.01117239705661,1.21646750605436,0.223806881932692,NA
"LBRM_05_0730",0.0777714885289751,0.512386596321632,4.0804728567969,0.125570396937733,0.900071997253288,NA
"LBRM_05_0740",0.10866148091832,0.512386596321631,4.0804728567969,0.125570396937733,0.900071997253288,NA
"LBRM_05_0750",0.72014895925492,3.43948944334506,3.11039865378382,1.10580341177839,0.268811617980153,NA
"LBRM_05_0760",0,NA,NA,NA,NA,NA
"LBRM_05_0770",0,NA,NA,NA,NA,NA
"LBRM_05_0780",0,NA,NA,NA,NA,NA
"LBRM_05_0790",0.228320078589759,1.40625154395371,4.07009308958569,0.345508447350244,0.729712160779994,NA
"LBRM_05_0800",0.375887642832207,3.14688176220709,3.93733525674645,0.799241506502413,0.42415038880027,NA
"LBRM_05_0810",0,NA,NA,NA,NA,NA
"LBRM_05_0820",1.28974932844905,4.51793781430259,3.68178102878178,1.22710660383773,0.219782526113915,0.898195964048256
"LBRM_05_0830",0.150548590060784,2.36802554841367,4.07009331419134,0.581811119700128,0.560693913243612,NA
"LBRM_05_0840",0.666928180229358,1.41624785841497,2.94319169586795,0.481194568604993,0.630378220719187,NA
"LBRM_05_0850",0.150548590060784,2.36802554841367,4.07009331419134,0.581811119700128,0.560693913243612,NA
"LBRM_05_0860",0.73367536139441,-0.705733512102443,2.60262511878634,-0.271162184291659,0.786266296264743,NA
"LBRM_05_0870",0,NA,NA,NA,NA,NA
"LBRM_05_0880",0.453659131361182,2.18767694246641,3.40299717706313,0.642867692401212,0.520309954570993,NA
"LBRM_05_0890",0.184392417657661,-0.322972510444289,4.04440056163657,-0.0798567069513009,0.936351222660643,NA
"LBRM_05_0900",0.10866148091832,0.512386596321631,4.0804728567969,0.125570396937733,0.900071997253288,NA
"LBRM_05_0910",0.228320078589759,1.40625154395371,4.07009308958569,0.345508447350244,0.729712160779994,NA
"LBRM_05_0920",0.301097180121568,2.94536147983492,4.04378005220696,0.728368368657302,0.466388120880344,NA
"LBRM_05_0930",0.380882029829373,0.977226041233979,3.94949654547106,0.247430534495486,0.804575045569454,NA
"LBRM_05_0940",0.150548590060784,2.36802554841367,4.07009331419134,0.581811119700128,0.560693913243612,NA
"LBRM_05_0950",0,NA,NA,NA,NA,NA
"LBRM_05_0951",0,NA,NA,NA,NA,NA
"LBRM_05_0960",0.334941007718446,0.571059908719948,3.80738004106996,0.14998762996075,0.880774374718182,NA
"LBRM_05_0970",0.186432969447295,-0.33622145367943,4.04316669949863,-0.083157949861707,0.933725948031842,NA
"LBRM_05_0980",0.569600369194135,2.56902019336441,3.72121552354445,0.690371244855345,0.489960754983094,NA
"LBRM_05_0990",0.150548590060784,2.36802554841367,4.07009331419134,0.581811119700128,0.560693913243612,NA
"LBRM_05_1000",0,NA,NA,NA,NA,NA
"LBRM_05_1010",0.72014895925492,3.43948944334506,3.11039865378382,1.10580341177839,0.268811617980153,NA
"LBRM_05_1020",0.903600902883878,2.66437570759425,2.73133055819798,0.975486361252477,0.329319063767457,NA
"LBRM_05_1030",0,NA,NA,NA,NA,NA
"LBRM_05_1040",1.02027847473698,4.16491545285351,2.73941895978004,1.52036454226335,0.128419380876531,0.786201095137236
"LBRM_05_1050",9.2847652469164,4.58665798264093,1.10300163426726,4.15834196445946,3.20565891113706e-05,0.00257093844673192
"LBRM_05_1060",1.31208253676509,3.65909689558253,2.32215422565549,1.57573379715968,0.11508716510406,0.786201095137236
"LBRM_05_1070",0,NA,NA,NA,NA,NA
"LBRM_05_1080",1.48675486482831,0.676399398812017,1.9850831995324,0.340741082777462,0.733298507872198,0.97845571662501
"LBRM_05_1090",0.438580911028795,0.589436153214077,3.73635399916037,0.157757041582927,0.8746482505264,NA
"LBRM_05_1100",0,NA,NA,NA,NA,NA
"LBRM_05_1110",0,NA,NA,NA,NA,NA
"LBRM_05_1120",2.3242770518372,0.755584949800302,1.48274668883899,0.509584648199034,0.610342481334105,0.97845571662501
"LBRM_05_1130",10.5890267200066,0.570708032321746,0.746718065078466,0.764288503267663,0.444695335047666,0.97845571662501
"LBRM_05_1140",2.88281243554813,-0.541043192894627,1.53691924295103,-0.352030983655181,0.724815026284435,0.97845571662501
"LBRM_05_1150",1.77295355631082,1.15856363607744,1.69383313178329,0.683989239753323,0.493981960494967,0.97845571662501
"LBRM_05_1160",0.414753048037054,0.0468763144403598,3.48132427557038,0.0134650813109559,0.989256744153462,NA
"LBRM_05_1170",1.73200692119706,0.410799377933032,1.79028228196707,0.229460673364687,0.818510883318916,0.97845571662501
"LBRM_05_1180",2.24945939851576,0.429601075355934,1.49021484222657,0.288281302254415,0.773131418545898,0.97845571662501
"LBRM_05_1190",0.259210070979104,1.40625154395371,4.07009308958569,0.345508447350243,0.729712160779994,NA
"LBRM_05_1200",4.89398257562259,3.62134306901697,1.21709759741586,2.97539250484579,0.00292613883181882,0.0972414183630986
"LBRM_05_1210",1.20342105584677,4.60363886889196,2.50339682231274,1.83895690361983,0.0659215251068777,0.738573202676465
"LBRM_05_1220",0,NA,NA,NA,NA,NA
"LBRM_05_1230",0,NA,NA,NA,NA,NA
"LBRM_05_rRNA1",17634.6975687283,-0.694038680107407,0.454798319659108,-1.52603615736228,0.127000860002143,0.786201095137236
"LBRM_05_snRNA1",0,NA,NA,NA,NA,NA
"LBRM_05_snoRNA1",1.29803652546354,-0.0117283596231428,1.98261582770352,-0.00591559870513483,0.995280062653774,0.996625799556183
"LBRM_05_snoRNA3",0,NA,NA,NA,NA,NA
"LBRM_05_tRNA1",0,NA,NA,NA,NA,NA
"LBRM_06_0010",0,NA,NA,NA,NA,NA
"LBRM_06_0020",0.409758661039888,1.98703088806636,3.83602284252577,0.517992454590814,0.604463533839926,NA
"LBRM_06_0030",0.601226695603629,3.65666645920249,3.27360907528349,1.1170137835978,0.263988431772301,NA
"LBRM_06_0040",0,NA,NA,NA,NA,NA
"LBRM_06_0050",0.25716951918947,1.40625154395371,4.07009308958569,0.345508447350243,0.729712160779994,NA
"LBRM_06_0060",0,NA,NA,NA,NA,NA
"LBRM_06_0070",0.25716951918947,1.40625154395371,4.07009308958569,0.345508447350243,0.729712160779994,NA
"LBRM_06_0080",0,NA,NA,NA,NA,NA
"LBRM_06_0090",0.725143346252086,0.936588340422912,3.1747934175532,0.295007648448742,0.767988036978739,NA
"LBRM_06_0100",0.150548590060784,2.36802554841367,4.07009331419134,0.581811119700128,0.560693913243612,NA
"LBRM_06_0110",0.150548590060784,2.36802554841367,4.07009331419134,0.581811119700128,0.560693913243612,NA
"LBRM_06_0120",0.409731470429084,0.766215052256748,3.52755227934135,0.21720870212016,0.828045703264168,NA
"LBRM_06_0130",0,NA,NA,NA,NA,NA
"LBRM_06_0140",0,NA,NA,NA,NA,NA
"LBRM_06_0150",0,NA,NA,NA,NA,NA
"LBRM_06_0160",0,NA,NA,NA,NA,NA
"LBRM_06_0170",2.02214766268478,2.04147610241866,1.6202013975749,1.26001378931923,0.207664387894717,0.898195964048256
"LBRM_06_0180",0.407718109250254,1.98689895994212,3.84338000175693,0.516966565635935,0.605179498552988,NA
"LBRM_06_0190",0,NA,NA,NA,NA,NA
"LBRM_06_0200",0,NA,NA,NA,NA,NA
"LBRM_06_0210",0,NA,NA,NA,NA,NA
"LBRM_06_0220",0.826565748375052,4.03211686259874,2.91222564262605,1.38454823128432,0.166190650426244,NA
"LBRM_06_0230",0.225339052771423,2.57585470100848,4.06349269559957,0.633901644218018,0.526145012480435,NA
"LBRM_06_0240",0.15554297705795,-0.121015899195086,4.06395245618752,-0.0297778826154414,0.976244198059474,NA
"LBRM_06_0250",0,NA,NA,NA,NA,NA
"LBRM_06_0260",0.150548590060784,2.36802554841367,4.07009331419134,0.581811119700128,0.560693913243612,NA
"LBRM_06_0270",0.225339052771423,2.57585470100848,4.06349269559957,0.633901644218018,0.526145012480435,NA
"LBRM_06_0280",0,NA,NA,NA,NA,NA
"LBRM_06_0290",0.569600369194135,2.56902019336441,3.72121552354445,0.690371244855345,0.489960754983094,NA
"LBRM_06_0300",0.233314465586925,-0.688087203449716,4.0140974204965,-0.171417664139453,0.863895366368199,NA
"LBRM_06_0310",0.450678105542845,3.32271092996418,4.01688493769328,0.827185986530216,0.408131653169535,NA
"LBRM_06_0320",0,NA,NA,NA,NA,NA
"LBRM_06_0330",0.0777714885289751,0.512386596321632,4.0804728567969,0.125570396937733,0.900071997253288,NA
"LBRM_06_0340",0.751775285664413,3.92717380088052,2.98683528639638,1.31482771037524,0.188567812260143,NA
"LBRM_06_0350",1.24658519214791,4.51065991333974,2.36030609056655,1.91104871159191,0.0559983212807144,0.71286751852592
"LBRM_06_0360",0,NA,NA,NA,NA,NA
"LBRM_06_0370",0.412712496247421,0.0561632178876675,3.48750427382977,0.0161041287631147,0.987151319666268,NA
"LBRM_06_0380",0,NA,NA,NA,NA,NA
"LBRM_06_0390",0,NA,NA,NA,NA,NA
"LBRM_06_0400",0,NA,NA,NA,NA,NA
"LBRM_06_0410",0,NA,NA,NA,NA,NA
"LBRM_06_0420",0,NA,NA,NA,NA,NA
"LBRM_06_0430",0,NA,NA,NA,NA,NA
"LBRM_06_0440",0,NA,NA,NA,NA,NA
"LBRM_06_0450",0.150548590060784,2.36802554841367,4.07009331419134,0.581811119700128,0.560693913243612,NA
"LBRM_06_0460",0.150548590060784,2.36802554841367,4.07009331419134,0.581811119700128,0.560693913243612,NA
"LBRM_06_0470",0.228320078589759,1.40625154395371,4.07009308958569,0.345508447350244,0.729712160779994,NA
"LBRM_06_0480",0.780584048144844,-0.183386960069555,2.52161003680608,-0.0727261382183569,0.942024048330089,NA
"LBRM_06_0490",0,NA,NA,NA,NA,NA
"LBRM_06_0500",0.336981559508079,0.558142011562438,3.79863620897194,0.146932209576735,0.883185528260993,NA
"LBRM_06_0510",0.301097180121568,2.94536147983492,4.04378005220696,0.728368368657302,0.466388120880344,NA
"LBRM_06_0520",0.150548590060784,2.36802554841367,4.07009331419134,0.581811119700128,0.560693913243612,NA
"LBRM_06_0530",0,NA,NA,NA,NA,NA
"LBRM_06_0540",0.10866148091832,0.512386596321631,4.0804728567969,0.125570396937733,0.900071997253288,NA
"LBRM_06_0550",0.225339052771423,2.57585470100848,4.06349269559957,0.633901644218018,0.526145012480435,NA
"LBRM_06_0560",0.411772022218717,0.753590502948088,3.52106034620548,0.214023739684043,0.830528544494832,NA
"LBRM_06_0570",0.106620929128686,0.512386596321632,4.0804728567969,0.125570396937733,0.900071997253288,NA
"LBRM_06_0580",0.375887642832207,3.14688176220709,3.93733525674645,0.799241506502413,0.42415038880027,NA
"LBRM_06_0590",0.150548590060784,2.36802554841367,4.07009331419134,0.581811119700128,0.560693913243612,NA
"LBRM_06_0600",0.106620929128686,0.512386596321632,4.0804728567969,0.125570396937733,0.900071997253288,NA
"LBRM_06_0610",0,NA,NA,NA,NA,NA
"LBRM_06_0620",0,NA,NA,NA,NA,NA
"LBRM_06_0630",0.303110541300398,1.61408529533901,4.06349235823931,0.397216274337571,0.691207982142509,NA
"LBRM_06_0640",1.26306542949493,0.0506176770053992,1.98521493837007,0.0254973282877662,0.979658279513377,0.994222666692539
"LBRM_06_0650",0.565274447487034,-0.139432607640962,3.09202717769623,-0.045094237413802,0.96403219462951,NA
"LBRM_06_0660",0.378868668650543,1.9850001311204,3.95440054501736,0.501972450317799,0.615686900261154,NA
"LBRM_06_0670",0.334000533689742,1.61408529533901,4.06349235823931,0.397216274337571,0.691207982142509,NA
"LBRM_06_0680",0.560307251100672,2.41922783348116,3.40106047389253,0.711315735798236,0.47688860256641,NA
"LBRM_06_0690",0.10866148091832,0.512386596321631,4.0804728567969,0.125570396937733,0.900071997253288,NA
"LBRM_06_0700",1.50572739439693,0.249202702885873,1.89741619375547,0.131337923490912,0.895507993001645,0.97845571662501
"LBRM_06_0710",0.712869202340285,1.72971698172033,2.67877147602759,0.645712781847805,0.518465381224435,NA
"LBRM_06_0720",0,NA,NA,NA,NA,NA
"LBRM_06_0730",0.375887642832207,3.14688176220709,3.93733525674645,0.799241506502413,0.42415038880027,NA
"LBRM_06_0740",0,NA,NA,NA,NA,NA
"LBRM_06_0750",0.569600369194135,2.56902019336441,3.72121552354445,0.690371244855345,0.489960754983094,NA
"LBRM_06_0760",0.375887642832207,3.14688176220709,3.93733525674645,0.799241506502413,0.42415038880027,NA
"LBRM_06_0770",1.53867142608438,2.00323139632354,1.97051476546211,1.0166030884086,0.309342284411316,0.939506005256609
"LBRM_06_0780",1.20536654829551,0.157849547764925,2.04621773209542,0.0771421072591721,0.938510496032569,0.984107944059786
"LBRM_06_0790",0.25716951918947,1.40625154395371,4.07009308958569,0.345508447350243,0.729712160779994,NA
"LBRM_06_0800",0.411772022218717,0.753590502948088,3.52106034620548,0.214023739684043,0.830528544494832,NA
"LBRM_06_0810",0,NA,NA,NA,NA,NA
"LBRM_06_0820",2.60119333043914,0.912654893718056,1.44527253839237,0.631475980809291,0.527729349429559,0.97845571662501
"LBRM_06_0830",0.186432969447295,-0.33622145367943,4.04316669949863,-0.083157949861707,0.933725948031842,NA
"LBRM_06_0840",0.336981559508079,0.558142011562438,3.79863620897194,0.146932209576735,0.883185528260993,NA
"LBRM_06_0850",0,NA,NA,NA,NA,NA
"LBRM_06_0860",0.0777714885289751,0.512386596321632,4.0804728567969,0.125570396937733,0.900071997253288,NA
"LBRM_06_0870",0,NA,NA,NA,NA,NA
"LBRM_06_0880",0.10866148091832,0.512386596321631,4.0804728567969,0.125570396937733,0.900071997253288,NA
"LBRM_06_0890",0,NA,NA,NA,NA,NA
"LBRM_06_0900",0,NA,NA,NA,NA,NA
"LBRM_06_0910",0.0777714885289751,0.512386596321632,4.0804728567969,0.125570396937733,0.900071997253288,NA
"LBRM_06_0920",0.15554297705795,-0.121015899195086,4.06395245618752,-0.0297778826154414,0.976244198059474,NA
"LBRM_06_0930",0.106620929128686,0.512386596321632,4.0804728567969,0.125570396937733,0.900071997253288,NA
"LBRM_06_0940",0,NA,NA,NA,NA,NA
"LBRM_06_0950",1.85728437692257,1.90825631007717,1.83802781491946,1.03820861392176,0.29917294321273,0.939506005256609
"LBRM_06_0960",0.184392417657661,-0.322972510444289,4.04440056163657,-0.0798567069513009,0.936351222660643,NA
"LBRM_06_0970",0.440621462818429,0.57464025758787,3.43492684945294,0.167293302819357,0.867139273458387,NA
"LBRM_06_0971",0,NA,NA,NA,NA,NA
"LBRM_06_0980",0,NA,NA,NA,NA,NA
"LBRM_06_0990",0.409731470429084,0.766215052256748,3.52755227934135,0.21720870212016,0.828045703264168,NA
"LBRM_06_1000",0.666900989618555,0.708635689072707,2.71819548065009,0.260700782602739,0.794323262493127,NA
"LBRM_06_1010",0.63509771381131,2.57296621268561,3.00108970139918,0.857343987914133,0.391254804960616,NA
"LBRM_06_1020",0.979359030234023,2.93120269249755,2.62627421494273,1.11610686950352,0.264376392030046,0.911448662524806
"LBRM_06_1030",0,NA,NA,NA,NA,NA
"LBRM_06_1040",0,NA,NA,NA,NA,NA
"LBRM_06_1050",0.569600369194135,2.56902019336441,3.72121552354445,0.690371244855345,0.489960754983094,NA
"LBRM_06_1060",0,NA,NA,NA,NA,NA
"LBRM_06_1070",0.10866148091832,0.512386596321631,4.0804728567969,0.125570396937733,0.900071997253288,NA
"LBRM_06_1080",0.215282410047006,-0.521705569758801,4.02699186999459,-0.129552178549469,0.896920740266371,NA
"LBRM_06_1090",1.32301178478812,0.873476548752486,2.09536283322191,0.41686171717067,0.676779556651496,0.97845571662501
"LBRM_06_1100",0.334000533689742,1.61408529533901,4.06349235823931,0.397216274337571,0.691207982142509,NA
"LBRM_06_1110",0.295094450365614,-0.991002081466368,3.99402597456254,-0.248121090793585,0.804040717664925,NA
"LBRM_06_1120",0.68399257112977,1.13890330610171,3.13874196594909,0.362853435694046,0.71671437233645,NA
"LBRM_06_1130",1.16874583488885,0.262318618785443,2.12956266013555,0.123179572827759,0.901964900891834,0.97845571662501
"LBRM_06_1140",1.33084814402958,1.25084175858027,2.08510969212404,0.599892544409054,0.54857785150189,0.97845571662501
"LBRM_06_1150",0,NA,NA,NA,NA,NA
"LBRM_06_1160",0,NA,NA,NA,NA,NA
"LBRM_06_1170",0,NA,NA,NA,NA,NA
"LBRM_06_1180",0.225339052771423,2.57585470100848,4.06349269559957,0.633901644218018,0.526145012480435,NA
"LBRM_06_1190",0,NA,NA,NA,NA,NA
"LBRM_06_1200",0.598204991666012,-0.257557149780108,3.01545033982433,-0.0854124992140023,0.93193345654037,NA
"LBRM_06_1210",0.640092100808476,0.821731780753375,2.75350770085663,0.298430899792918,0.765374308277107,NA
"LBRM_06_1220",0.10866148091832,0.512386596321631,4.0804728567969,0.125570396937733,0.900071997253288,NA
"LBRM_06_1230",0.73367536139441,-0.705733512102443,2.60262511878634,-0.271162184291659,0.786266296264743,NA
"LBRM_06_1240",1.38275121777718,0.764049669811804,1.90417042113288,0.401250676584522,0.68823557371655,0.97845571662501
"LBRM_06_1250",7.11293216849638,0.573208331737584,0.869840861650352,0.658980690617401,0.509908168277504,0.97845571662501
"LBRM_06_1260",0.90021545520548,-0.159829562078452,2.41326671490602,-0.0662295473149458,0.94719507305508,NA
"LBRM_06_1270",1.54835083755954,1.19130548463888,1.94966500633162,0.61103085954257,0.541179150717618,0.97845571662501
"LBRM_06_1280",1.73113431589844,3.96393679937305,2.03640558101672,1.94653601243519,0.0515903864241815,0.702224250457773
"LBRM_07_0010",0.301097180121568,2.94536147983492,4.04378005220696,0.728368368657302,0.466388120880344,NA
"LBRM_07_0020",0.526436232892991,3.5231320871403,3.43421411862938,1.0258917951646,0.304942590521467,NA
"LBRM_07_0030",0.334941007718446,0.571059908719948,3.80738004106996,0.14998762996075,0.880774374718182,NA
"LBRM_07_0031",0,NA,NA,NA,NA,NA
"LBRM_07_0040",0.228320078589759,1.40625154395371,4.07009308958569,0.345508447350244,0.729712160779994,NA
"LBRM_07_0050",1.07775972841937,1.3718509363253,2.43846961704116,0.56258684821749,0.573716249700711,0.97845571662501
"LBRM_07_0060",0,NA,NA,NA,NA,NA
"LBRM_07_0070",0,NA,NA,NA,NA,NA
"LBRM_07_0080",0.186432969447295,-0.33622145367943,4.04316669949863,-0.083157949861707,0.933725948031842,NA
"LBRM_07_0090",0.809433488744555,-0.255925905174462,2.49607309052511,-0.102531414703334,0.918334878909625,NA
"LBRM_07_0100",1.67818222127277,-0.537703733945832,1.88424046903837,-0.285368955173886,0.775361489289965,0.97845571662501
"LBRM_07_0110",0.36583100010779,0.37730783828149,3.68378700877705,0.102423901648632,0.918420212664091,NA
"LBRM_07_0120",3.28169896969085,-1.40508443225242,1.39178836684568,-1.00955322355285,0.312709389914124,0.939506005256609
"LBRM_07_0130",0.842336842312729,-0.989391648563011,2.48281751509838,-0.398495516704862,0.690264962403761,NA
"LBRM_07_0140",0.897193751267863,-2.60608459667532,2.54263687730001,-1.02495351182143,0.305385123422852,NA
"LBRM_07_0150",2.5333999106916,0.351221135682893,1.53062251936122,0.229462935008607,0.818509125674988,0.97845571662501
"LBRM_07_0155",1.38680513074564,0.396440496372087,1.89587814969666,0.209106527460911,0.834365079169596,0.97845571662501
"LBRM_07_0160",9.69005003552037,0.193416588094349,0.75338102096638,0.256731431654926,0.797386105631817,0.97845571662501
"LBRM_07_0170",2.68239390026391,-1.72046969340315,1.51512753118533,-1.13552797239265,0.256154168535979,0.911448662524806
"LBRM_07_0180",7.0164494115332,-0.361618019272023,0.892870797364625,-0.4050059878085,0.685473109555259,0.97845571662501
"LBRM_07_0190",0.523414528955374,-0.437483854516398,3.17175774405255,-0.137931043232017,0.890294915937561,NA
"LBRM_07_0200",1.23347965487507,-1.1230546381556,2.22475285647069,-0.504799728603199,0.613699506458602,0.97845571662501
"LBRM_07_0210",0,NA,NA,NA,NA,NA
"LBRM_07_0220",0.62501388047609,-0.354557413077178,2.77003357119087,-0.127997514818836,0.898150939751908,NA
"LBRM_07_0230",0,NA,NA,NA,NA,NA
"LBRM_07_0240",0,NA,NA,NA,NA,NA
"LBRM_07_0250",0.448596875633931,-1.6064084626618,3.32883792943186,-0.482573347431176,0.629398707248538,NA
"LBRM_07_0260",1.64323831591496,-0.0259139259161702,1.81459976682618,-0.0142807942500152,0.988605962038636,0.996625799556183
"LBRM_07_0270",0,NA,NA,NA,NA,NA
"LBRM_07_0280",0.259210070979104,1.40625154395371,4.07009308958569,0.345508447350243,0.729712160779994,NA
"LBRM_07_0290",3.66896760097806,-0.731707025544107,1.24498974158001,-0.587721329025172,0.556719356739427,0.97845571662501
"LBRM_07_0300",0,NA,NA,NA,NA,NA
"LBRM_07_0310",0.450678105542845,3.32271092996418,4.01688493769328,0.827185986530216,0.408131653169535,NA
"LBRM_07_0320",0.336981559508079,0.558142011562438,3.79863620897194,0.146932209576735,0.883185528260993,NA
"LBRM_07_0330",0.601226695603629,3.65666645920249,3.27360907528349,1.1170137835978,0.263988431772301,NA
"LBRM_07_0340",0.604207721421966,2.57131227611813,3.0525090610705,0.842360243548757,0.399586339388437,NA
"LBRM_07_0350",0,NA,NA,NA,NA,NA
"LBRM_07_0360",0,NA,NA,NA,NA,NA
"LBRM_07_0370",0.458653518358348,0.400531344735834,3.6534483501136,0.109631040691564,0.912701992118303,NA
"LBRM_07_0380",0.106620929128686,0.512386596321632,4.0804728567969,0.125570396937733,0.900071997253288,NA
"LBRM_07_0390",0,NA,NA,NA,NA,NA
"LBRM_07_0400",0.367871551897423,0.360330296647215,4.00569038940248,0.0899546049790844,0.928323288495364,NA
"LBRM_07_0410",0,NA,NA,NA,NA,NA
"LBRM_07_0420",0.262163906186637,-0.836210405206493,4.00377057373284,-0.208855724824129,0.834560868338514,NA
"LBRM_07_0430",0,NA,NA,NA,NA,NA
"LBRM_07_0440",0,NA,NA,NA,NA,NA
"LBRM_07_0450",0,NA,NA,NA,NA,NA
"LBRM_07_0460",0.150548590060784,2.36802554841367,4.07009331419134,0.581811119700128,0.560693913243612,NA
"LBRM_07_0470",0,NA,NA,NA,NA,NA
"LBRM_07_0480",0,NA,NA,NA,NA,NA
"LBRM_07_0490",1.4646444880047,2.88829778770475,2.08166888196663,1.3874914558823,0.16529195468333,0.844357628382363
"LBRM_07_0500",1.32876691412066,-0.586261541920534,2.04520261621204,-0.286652059445514,0.774378748677185,0.97845571662501
"LBRM_07_0510",0.217322961836639,-0.533674641665669,4.02601547254019,-0.132556530223405,0.894544112800906,NA
"LBRM_07_0520",0,NA,NA,NA,NA,NA
"LBRM_07_0530",0.150548590060784,2.36802554841367,4.07009331419134,0.581811119700128,0.560693913243612,NA
"LBRM_07_0540",0.788627329690431,1.90774528637194,2.78000183603179,0.686238858422872,0.492562497500766,NA
"LBRM_07_0550",0,NA,NA,NA,NA,NA
"LBRM_07_0560",0,NA,NA,NA,NA,NA
"LBRM_07_0570",0,NA,NA,NA,NA,NA
"LBRM_07_0580",0,NA,NA,NA,NA,NA
"LBRM_07_0590",0,NA,NA,NA,NA,NA
"LBRM_07_0600",0.225339052771423,2.57585470100848,4.06349269559957,0.633901644218018,0.526145012480435,NA
"LBRM_07_0610",0.150548590060784,2.36802554841367,4.07009331419134,0.581811119700128,0.560693913243612,NA
"LBRM_07_0620",0.150548590060784,2.36802554841367,4.07009331419134,0.581811119700128,0.560693913243612,NA
"LBRM_07_0630",0.409731470429084,0.766215052256748,3.52755227934135,0.21720870212016,0.828045703264168,NA
"LBRM_07_0640",0.453659131361182,2.18767694246641,3.40299717706313,0.642867692401212,0.520309954570993,NA
"LBRM_07_0650",1.45982705040528,2.56153280386667,2.1167413643186,1.21013027242997,0.226228908650558,0.898195964048256
"LBRM_07_0660",0,NA,NA,NA,NA,NA
"LBRM_07_0670",0,NA,NA,NA,NA,NA
"LBRM_07_0680",0,NA,NA,NA,NA,NA
"LBRM_07_0690",0,NA,NA,NA,NA,NA
"LBRM_07_0700",0,NA,NA,NA,NA,NA
"LBRM_07_0710",0.106620929128686,0.512386596321632,4.0804728567969,0.125570396937733,0.900071997253288,NA
"LBRM_07_0720",0,NA,NA,NA,NA,NA
"LBRM_07_0730",0,NA,NA,NA,NA,NA
"LBRM_07_0740",0.150548590060784,2.36802554841367,4.07009331419134,0.581811119700128,0.560693913243612,NA
"LBRM_07_0750",0.262163906186637,-0.836210405206493,4.00377057373284,-0.208855724824129,0.834560868338514,NA
"LBRM_07_0760",0.569600369194135,2.56902019336441,3.72121552354445,0.690371244855345,0.489960754983094,NA
"LBRM_07_0770",0,NA,NA,NA,NA,NA
"LBRM_07_0780",0.228320078589759,1.40625154395371,4.07009308958569,0.345508447350244,0.729712160779994,NA
"LBRM_07_0790",0,NA,NA,NA,NA,NA
"LBRM_07_0800",0.259210070979104,1.40625154395371,4.07009308958569,0.345508447350243,0.729712160779994,NA
"LBRM_07_0810",0,NA,NA,NA,NA,NA
"LBRM_07_0820",0.714882563519115,0.987366960885077,2.84732302877263,0.346770264879532,0.728763917772747,NA
"LBRM_07_0830",0,NA,NA,NA,NA,NA
"LBRM_07_0840",0,NA,NA,NA,NA,NA
"LBRM_07_0850",0.10866148091832,0.512386596321631,4.0804728567969,0.125570396937733,0.900071997253288,NA
"LBRM_07_0860",0,NA,NA,NA,NA,NA
"LBRM_07_0870",0.450678105542845,3.32271092996418,4.01688493769328,0.827185986530216,0.408131653169535,NA
"LBRM_07_0880",7.37687918110396,-0.582250317720072,0.90477629847121,-0.643529587041453,0.519880522839009,0.97845571662501
"LBRM_07_0890",0.72014895925492,3.43948944334506,3.11039865378382,1.10580341177839,0.268811617980153,NA
"LBRM_07_0900",0,NA,NA,NA,NA,NA
"LBRM_07_0910",0,NA,NA,NA,NA,NA
"LBRM_07_0920_A",0,NA,NA,NA,NA,NA
"LBRM_07_0920_B",0,NA,NA,NA,NA,NA
"LBRM_07_0930",0.228320078589759,1.40625154395371,4.07009308958569,0.345508447350244,0.729712160779994,NA
"LBRM_07_0940",0.975033108526922,0.473472425055375,2.18834877331306,0.216360586954592,0.828706685696946,0.97845571662501
"LBRM_07_0950",0,NA,NA,NA,NA,NA
"LBRM_07_0960",0,NA,NA,NA,NA,NA
"LBRM_07_0970",0.589129501089579,1.17883190933294,3.08593973072051,0.382000950179837,0.702460659845937,NA
"LBRM_07_0980",0.10866148091832,0.512386596321631,4.0804728567969,0.125570396937733,0.900071997253288,NA
"LBRM_07_0990",1.0088769361238,-0.42230120530758,2.1695714987433,-0.194647286596543,0.845669081648973,0.97845571662501
"LBRM_07_1000",0.569600369194135,2.56902019336441,3.72121552354445,0.690371244855345,0.489960754983094,NA
"LBRM_07_1010",0.453659131361182,2.18767694246641,3.40299717706313,0.642867692401212,0.520309954570993,NA
"LBRM_07_1020",0.228320078589759,1.40625154395371,4.07009308958569,0.345508447350244,0.729712160779994,NA
"LBRM_07_1030",0,NA,NA,NA,NA,NA
"LBRM_07_1040",17.6301322791477,-0.111282735747939,0.582522833244993,-0.191035834815313,0.848497518012745,0.97845571662501
"LBRM_07_1050",0,NA,NA,NA,NA,NA
"LBRM_07_1060",0,NA,NA,NA,NA,NA
"LBRM_07_1070",0.303110541300398,1.61408529533901,4.06349235823931,0.397216274337571,0.691207982142509,NA
"LBRM_07_1080",0.106620929128686,0.512386596321632,4.0804728567969,0.125570396937733,0.900071997253288,NA
"LBRM_07_1090",0.150548590060784,2.36802554841367,4.07009331419134,0.581811119700128,0.560693913243612,NA
"LBRM_07_1100",0,NA,NA,NA,NA,NA
"LBRM_07_1110",0.215282410047006,-0.521705569758801,4.02699186999459,-0.129552178549469,0.896920740266371,NA
"LBRM_07_1120",0,NA,NA,NA,NA,NA
"LBRM_07_1130",1.02624052637365,2.24418637704459,2.56737172293232,0.874118210853159,0.382053881075068,0.97845571662501
"LBRM_07_1140",0,NA,NA,NA,NA,NA
"LBRM_07_1150",0,NA,NA,NA,NA,NA
"LBRM_07_1160",0.106620929128686,0.512386596321632,4.0804728567969,0.125570396937733,0.900071997253288,NA
"LBRM_07_1170",0.0777714885289751,0.512386596321632,4.0804728567969,0.125570396937733,0.900071997253288,NA
"LBRM_07_1180",0.591170052879213,1.17464533586549,2.87253967067174,0.408922232774875,0.68259673260566,NA
"LBRM_07_1190",0.0777714885289751,0.512386596321632,4.0804728567969,0.125570396937733,0.900071997253288,NA
"LBRM_07_1200",0.635070523200507,1.51651499437601,3.01403461207025,0.503151154370572,0.614858003780267,NA
"LBRM_07_1210",0,NA,NA,NA,NA,NA
"LBRM_07_1220",0,NA,NA,NA,NA,NA
"LBRM_07_1230",0.484549123750526,2.18815698437253,3.32455332860874,0.658180744325201,0.510421996464077,NA
"LBRM_07_1240",0.301097180121568,2.94536147983492,4.04378005220696,0.728368368657302,0.466388120880344,NA
"LBRM_07_1250",0.569600369194135,2.56902019336441,3.72121552354445,0.690371244855345,0.489960754983094,NA
"LBRM_07_tRNA1",2.71182749441701,-0.539775913921137,1.42112206907714,-0.379823750307151,0.704076251046781,0.97845571662501
"LBRM_08_0010",0.414753048037054,0.0468763144403598,3.48132427557038,0.0134650813109559,0.989256744153462,NA
"LBRM_08_0020",0,NA,NA,NA,NA,NA
"LBRM_08_0030",0,NA,NA,NA,NA,NA
"LBRM_08_0040",0,NA,NA,NA,NA,NA
"LBRM_08_0050",0,NA,NA,NA,NA,NA
"LBRM_08_0060",0,NA,NA,NA,NA,NA
"LBRM_08_0070",0.647371857723111,1.59621171071338,3.3100321613617,0.482234501932067,0.629639369888605,NA
"LBRM_08_0080",0.36583100010779,0.37730783828149,3.68378700877705,0.102423901648632,0.918420212664091,NA
"LBRM_08_0090",0.228320078589759,1.40625154395371,4.07009308958569,0.345508447350244,0.729712160779994,NA
"LBRM_08_0100",0.10866148091832,0.512386596321631,4.0804728567969,0.125570396937733,0.900071997253288,NA
"LBRM_08_0110",0.48548959777923,1.15941991701357,3.30651895540538,0.3506466869389,0.725853426540296,NA
"LBRM_08_0120",0,NA,NA,NA,NA,NA
"LBRM_08_0130",0.259210070979104,1.40625154395371,4.07009308958569,0.345508447350243,0.729712160779994,NA
"LBRM_08_0140",0.106620929128686,0.512386596321632,4.0804728567969,0.125570396937733,0.900071997253288,NA
"LBRM_08_0150",0.306091567118734,0.772849864308764,4.05352984767767,0.190660953132377,0.848791232320037,NA
"LBRM_08_0160",0.902323875725197,4.18199133027485,2.78014192873954,1.50423663160639,0.132520448827509,NA
"LBRM_08_0170",0,NA,NA,NA,NA,NA
"LBRM_08_0180",0,NA,NA,NA,NA,NA
"LBRM_08_0190",0.0777714885289751,0.512386596321632,4.0804728567969,0.125570396937733,0.900071997253288,NA
"LBRM_08_0200",0,NA,NA,NA,NA,NA
"LBRM_08_0210",0,NA,NA,NA,NA,NA
"LBRM_08_0220",0.225339052771423,2.57585470100848,4.06349269559957,0.633901644218018,0.526145012480435,NA
"LBRM_08_0230",0.72014895925492,3.43948944334506,3.11039865378382,1.10580341177839,0.268811617980153,NA
"LBRM_08_0240",0.303110541300398,1.61408529533901,4.06349235823931,0.397216274337571,0.691207982142509,NA
"LBRM_08_0250",0.569600369194135,2.56902019336441,3.72121552354445,0.690371244855345,0.489960754983094,NA
"LBRM_08_0260",0,NA,NA,NA,NA,NA
"LBRM_08_0270",0.213241858257373,-0.509664860242396,4.0279820436031,-0.126531065611825,0.899311559853632,NA
"LBRM_08_0280",0.150548590060784,2.36802554841367,4.07009331419134,0.581811119700128,0.560693913243612,NA
"LBRM_08_0290",0,NA,NA,NA,NA,NA
"LBRM_08_0300",0,NA,NA,NA,NA,NA
"LBRM_08_0310",0,NA,NA,NA,NA,NA
"LBRM_08_0320",0,NA,NA,NA,NA,NA
"LBRM_08_0330",0.15554297705795,-0.121015899195086,4.06395245618752,-0.0297778826154414,0.976244198059474,NA
"LBRM_08_0340",0,NA,NA,NA,NA,NA
"LBRM_08_0350",0,NA,NA,NA,NA,NA
"LBRM_08_0360",0,NA,NA,NA,NA,NA
"LBRM_08_0370",0,NA,NA,NA,NA,NA
"LBRM_08_0380",2.02013430150595,2.47915539327877,1.75960977123185,1.40892340666146,0.158857817507855,0.827298504164284
"LBRM_08_0390",0.336981559508079,0.558142011562438,3.79863620897194,0.146932209576735,0.883185528260993,NA
"LBRM_08_0400",0,NA,NA,NA,NA,NA
"LBRM_08_0410",0.106620929128686,0.512386596321632,4.0804728567969,0.125570396937733,0.900071997253288,NA
"LBRM_08_0420",0,NA,NA,NA,NA,NA
"LBRM_08_0430",0,NA,NA,NA,NA,NA
"LBRM_08_0440",0.213241858257373,-0.509664860242396,4.0279820436031,-0.126531065611825,0.899311559853632,NA
"LBRM_08_0450",0.489543510747692,0.234112397790068,3.26909622119532,0.0716137984168808,0.942909258723042,NA
"LBRM_08_0460",0.186432969447295,-0.33622145367943,4.04316669949863,-0.083157949861707,0.933725948031842,NA
"LBRM_08_0470",0.833804827170405,0.209681339224319,2.77777943445743,0.0754852371010065,0.93982864310989,NA
"LBRM_08_0480",1.04281582306156,2.15155655306138,2.35350956225311,0.914190699527732,0.360616650275456,0.97845571662501
"LBRM_08_0490",0.323943890965326,-1.11648607053824,3.98684133574665,-0.280042764814253,0.779444695381189,NA
"LBRM_08_0500",0.453659131361182,2.18767694246641,3.40299717706313,0.642867692401212,0.520309954570993,NA
"LBRM_08_0510",0.303110541300398,1.61408529533901,4.06349235823931,0.397216274337571,0.691207982142509,NA
"LBRM_08_0520",0,NA,NA,NA,NA,NA
"LBRM_08_0530",0.10866148091832,0.512386596321631,4.0804728567969,0.125570396937733,0.900071997253288,NA
"LBRM_08_0540",0.319862787386059,-1.09975022457855,3.98776465918917,-0.275781125158515,0.78271618167723,NA
"LBRM_08_0550",0.370825387104956,-1.32784186481398,3.58695565306301,-0.370186306507606,0.711243678831557,NA
"LBRM_08_0560",0.75603333864143,0.731184174954886,2.91540136064613,0.250800519209758,0.801968340132756,NA
"LBRM_08_0570",0.217322961836639,-0.533674641665669,4.02601547254019,-0.132556530223405,0.894544112800906,NA
"LBRM_08_0580",0.10866148091832,0.512386596321631,4.0804728567969,0.125570396937733,0.900071997253288,NA
"LBRM_08_0590",0,NA,NA,NA,NA,NA
"LBRM_08_0600",0.531430619890157,1.5359759363705,3.20904100485961,0.478640171329843,0.632194635018944,NA
"LBRM_08_0610",0,NA,NA,NA,NA,NA
"LBRM_08_0620",0,NA,NA,NA,NA,NA
"LBRM_08_0630",0.0777714885289751,0.512386596321632,4.0804728567969,0.125570396937733,0.900071997253288,NA
"LBRM_08_0640",2.43593304608233,1.39475092788205,1.45445566277048,0.958950460700391,0.337583702283737,0.958758700639694
"LBRM_08_0650",2.74507350774949,2.70255808362761,1.45428584029377,1.85834036799925,0.0631206946813267,0.723182816206057
"LBRM_08_0660",0.707847624732316,2.7027414285464,2.89869861431774,0.932398220082819,0.351130764312588,NA
"LBRM_08_0670",0.0777714885289751,0.512386596321632,4.0804728567969,0.125570396937733,0.900071997253288,NA
"LBRM_08_0680",0.72014895925492,3.43948944334506,3.11039865378382,1.10580341177839,0.268811617980153,NA
"LBRM_08_0690",0,NA,NA,NA,NA,NA
"LBRM_08_0700",228.49226801687,-1.95192511147889,0.333518846517167,-5.85251817659552,4.84185309958886e-09,7.76633237174053e-07
"LBRM_08_0710",0.477446316233643,-1.68895059591089,3.23689968573715,-0.521780332999805,0.601823284510435,NA
"LBRM_08_0720",2.351045262528,-0.487685573894801,1.56518616826462,-0.311583109909229,0.75535737200099,0.97845571662501
"LBRM_08_0730",1.02468870818076,-1.37738384942591,2.30101954749956,-0.598597196152751,0.549441526256954,0.97845571662501
"LBRM_08_0740",0.10866148091832,0.512386596321631,4.0804728567969,0.125570396937733,0.900071997253288,NA
"LBRM_08_0750",0.370825387104956,-1.32784186481398,3.58695565306301,-0.370186306507606,0.711243678831557,NA
"LBRM_08_0760",0.10866148091832,0.512386596321631,4.0804728567969,0.125570396937733,0.900071997253288,NA
"LBRM_08_0770",0,NA,NA,NA,NA,NA
"LBRM_08_0780",0.15554297705795,-0.121015899195086,4.06395245618752,-0.0297778826154414,0.976244198059474,NA
"LBRM_08_0790",0.826769888383606,2.44990725715277,2.80329475323734,0.873938516213301,0.38215173783949,NA
"LBRM_08_0800",1.07065692090249,-0.536410770867778,2.1126736262528,-0.25390139025837,0.799571740709789,0.97845571662501
"LBRM_08_0810",0,NA,NA,NA,NA,NA
"LBRM_08_0820",0,NA,NA,NA,NA,NA
"LBRM_08_0830",0.0777714885289751,0.512386596321632,4.0804728567969,0.125570396937733,0.900071997253288,NA
"LBRM_08_0840",0,NA,NA,NA,NA,NA
"LBRM_08_0850",0,NA,NA,NA,NA,NA
"LBRM_08_0860",0.72014895925492,3.43948944334506,3.11039865378382,1.10580341177839,0.268811617980153,NA
"LBRM_08_0870",0.10866148091832,0.512386596321631,4.0804728567969,0.125570396937733,0.900071997253288,NA
"LBRM_08_0880",1.31131901213413,2.32455516048839,2.10047578503614,1.1066802945545,0.268432177990434,0.911448662524806
"LBRM_08_0890",0,NA,NA,NA,NA,NA
"LBRM_08_0900",0.301097180121568,2.94536147983492,4.04378005220696,0.728368368657302,0.466388120880344,NA
"LBRM_08_0910",0.186432969447295,-0.33622145367943,4.04316669949863,-0.083157949861707,0.933725948031842,NA
"LBRM_08_0920",0.228320078589759,1.40625154395371,4.07009308958569,0.345508447350244,0.729712160779994,NA
"LBRM_08_0930",0.10866148091832,0.512386596321631,4.0804728567969,0.125570396937733,0.900071997253288,NA
"LBRM_08_0940",0,NA,NA,NA,NA,NA
"LBRM_08_0950",0.15554297705795,-0.121015899195086,4.06395245618752,-0.0297778826154414,0.976244198059474,NA
"LBRM_08_0960",0.184392417657661,-0.322972510444289,4.04440056163657,-0.0798567069513009,0.936351222660643,NA
"LBRM_08_0970",0,NA,NA,NA,NA,NA
"LBRM_09_0010",0.225339052771423,2.57585470100848,4.06349269559957,0.633901644218018,0.526145012480435,NA
"LBRM_09_0020",0.647371857723111,1.59621171071338,3.3100321613617,0.482234501932067,0.629639369888605,NA
"LBRM_09_0030",0.215282410047006,-0.521705569758801,4.02699186999459,-0.129552178549469,0.896920740266371,NA
"LBRM_09_0040",0,NA,NA,NA,NA,NA
"LBRM_09_0050",0,NA,NA,NA,NA,NA
"LBRM_09_0060",0.106620929128686,0.512386596321632,4.0804728567969,0.125570396937733,0.900071997253288,NA
"LBRM_09_0070",0.186432969447295,-0.33622145367943,4.04316669949863,-0.083157949861707,0.933725948031842,NA
"LBRM_09_0080",0,NA,NA,NA,NA,NA
"LBRM_09_0090",0.438580911028795,0.589436153214077,3.73635399916037,0.157757041582927,0.8746482505264,NA
"LBRM_09_0100",0.106620929128686,0.512386596321632,4.0804728567969,0.125570396937733,0.900071997253288,NA
"LBRM_09_0110",0,NA,NA,NA,NA,NA
"LBRM_09_0120",1.1255545079769,0.360189787791917,2.21179933282655,0.162849216222349,0.870637156514411,0.97845571662501
"LBRM_09_0130",0,NA,NA,NA,NA,NA
"LBRM_09_0140",0.106620929128686,0.512386596321632,4.0804728567969,0.125570396937733,0.900071997253288,NA
"LBRM_09_0150",0.10866148091832,0.512386596321631,4.0804728567969,0.125570396937733,0.900071997253288,NA
"LBRM_09_0160",0.225339052771423,2.57585470100848,4.06349269559957,0.633901644218018,0.526145012480435,NA
"LBRM_09_0170",0,NA,NA,NA,NA,NA
"LBRM_09_0180",0,NA,NA,NA,NA,NA
"LBRM_09_0190",0.106620929128686,0.512386596321632,4.0804728567969,0.125570396937733,0.900071997253288,NA
"LBRM_09_0200",0.225339052771423,2.57585470100848,4.06349269559957,0.633901644218018,0.526145012480435,NA
"LBRM_09_0210",0,NA,NA,NA,NA,NA
"LBRM_09_0220",0.482508571960893,2.18812578744307,3.32949496545596,0.657194502513212,0.51105586000068,NA
"LBRM_09_0230",0.10866148091832,0.512386596321631,4.0804728567969,0.125570396937733,0.900071997253288,NA
"LBRM_09_0240",0,NA,NA,NA,NA,NA
"LBRM_09_0250",0.0777714885289751,0.512386596321632,4.0804728567969,0.125570396937733,0.900071997253288,NA
"LBRM_09_0260",0,NA,NA,NA,NA,NA
"LBRM_09_0270",0,NA,NA,NA,NA,NA
"LBRM_09_0280",0.489543510747692,0.234112397790068,3.26909622119532,0.0716137984168808,0.942909258723042,NA
"LBRM_09_0290",0,NA,NA,NA,NA,NA
"LBRM_09_0300",0,NA,NA,NA,NA,NA
"LBRM_09_0310",0.106620929128686,0.512386596321632,4.0804728567969,0.125570396937733,0.900071997253288,NA
"LBRM_09_0320",0,NA,NA,NA,NA,NA
"LBRM_09_0330",0.440621462818429,0.57464025758787,3.43492684945294,0.167293302819357,0.867139273458387,NA
"LBRM_09_0331",0,NA,NA,NA,NA,NA
"LBRM_09_0340",0,NA,NA,NA,NA,NA
"LBRM_09_0350",0.225339052771423,2.57585470100848,4.06349269559957,0.633901644218018,0.526145012480435,NA
"LBRM_09_0360",0,NA,NA,NA,NA,NA
"LBRM_09_0370",0.516379590168574,0.975274502243785,3.23299260215184,0.301663078843624,0.762908916596105,NA
"LBRM_09_0380",0,NA,NA,NA,NA,NA
"LBRM_09_0390",0.588148348941596,-1.98663213372713,2.9928334354846,-0.663796424542901,0.506820614405728,NA
"LBRM_09_0400",0.321903339175692,-1.10813794869592,3.98730059695775,-0.277916831638279,0.78107620291931,NA
"LBRM_09_0410",0,NA,NA,NA,NA,NA
"LBRM_09_0420",0,NA,NA,NA,NA,NA
"LBRM_09_0430",0.225339052771423,2.57585470100848,4.06349269559957,0.633901644218018,0.526145012480435,NA
"LBRM_09_0440",0,NA,NA,NA,NA,NA
"LBRM_09_0450",0.10866148091832,0.512386596321631,4.0804728567969,0.125570396937733,0.900071997253288,NA
"LBRM_09_0460",0.367871551897423,0.360330296647215,4.00569038940248,0.0899546049790844,0.928323288495364,NA
"LBRM_09_0470",0.225339052771423,2.57585470100848,4.06349269559957,0.633901644218018,0.526145012480435,NA
"LBRM_09_0480",0.967998169740123,1.41066424239625,2.36534960824054,0.596387205291642,0.550916585910147,0.97845571662501
"LBRM_09_0490",0.186432969447295,-0.33622145367943,4.04316669949863,-0.083157949861707,0.933725948031842,NA
"LBRM_09_0500",0.409731470429084,0.766215052256748,3.52755227934135,0.21720870212016,0.828045703264168,NA
"LBRM_09_0510",0.784882779241141,0.56756828324782,2.87785768154564,0.197219024028663,0.843656143952082,NA
"LBRM_09_0520",0.736656387212746,-1.0773314205738,2.57543365970059,-0.418310685859036,0.67571997780849,NA
"LBRM_09_0530",0,NA,NA,NA,NA,NA
"LBRM_09_0540",0.15554297705795,-0.121015899195086,4.06395245618752,-0.0297778826154414,0.976244198059474,NA
"LBRM_09_0550",0.225339052771423,2.57585470100848,4.06349269559957,0.633901644218018,0.526145012480435,NA
"LBRM_09_0560",0.334000533689742,1.61408529533901,4.06349235823931,0.397216274337571,0.691207982142509,NA
"LBRM_09_0570",0,NA,NA,NA,NA,NA
"LBRM_09_0580",0,NA,NA,NA,NA,NA
"LBRM_09_0590",0.150548590060784,2.36802554841367,4.07009331419134,0.581811119700128,0.560693913243612,NA
"LBRM_09_0600",0.557299034671532,2.35900010515762,3.42453687215048,0.688852301267896,0.490916218673293,NA
"LBRM_09_0610",0.225339052771423,2.57585470100848,4.06349269559957,0.633901644218018,0.526145012480435,NA
"LBRM_09_0620",0.0777714885289751,0.512386596321632,4.0804728567969,0.125570396937733,0.900071997253288,NA
"LBRM_09_0630",1.00424629286741,-0.441356393769681,3.94905116668066,-0.11176264250348,0.91101160885465,0.97845571662501
"LBRM_09_0640",0,NA,NA,NA,NA,NA
"LBRM_09_0650",0,NA,NA,NA,NA,NA
"LBRM_09_0660",0,NA,NA,NA,NA,NA
"LBRM_09_0670",0,NA,NA,NA,NA,NA
"LBRM_09_0680",0,NA,NA,NA,NA,NA
"LBRM_09_0690",0.0777714885289751,0.512386596321632,4.0804728567969,0.125570396937733,0.900071997253288,NA
"LBRM_09_0700",0.106620929128686,0.512386596321632,4.0804728567969,0.125570396937733,0.900071997253288,NA
"LBRM_09_0710",0.937471921091559,1.4228735414775,2.66327727859695,0.534256629195997,0.593163994351583,0.97845571662501
"LBRM_09_0720",0.301097180121568,2.94536147983492,4.04378005220696,0.728368368657302,0.466388120880344,NA
"LBRM_09_0730",0.225339052771423,2.57585470100848,4.06349269559957,0.633901644218018,0.526145012480435,NA
"LBRM_09_0740",1.64827338103141,1.1832106135579,1.75132901569639,0.675607269081539,0.499290025112329,0.97845571662501
"LBRM_09_0750",0.482508571960893,2.18812578744307,3.32949496545596,0.657194502513212,0.51105586000068,NA
"LBRM_09_0760",0,NA,NA,NA,NA,NA
"LBRM_09_0770",0,NA,NA,NA,NA,NA
"LBRM_09_0780",0,NA,NA,NA,NA,NA
"LBRM_09_0790",0.106620929128686,0.512386596321632,4.0804728567969,0.125570396937733,0.900071997253288,NA
"LBRM_09_0800",0.10866148091832,0.512386596321631,4.0804728567969,0.125570396937733,0.900071997253288,NA
"LBRM_09_0810",0.215282410047006,-0.521705569758801,4.02699186999459,-0.129552178549469,0.896920740266371,NA
"LBRM_09_0820",0.336981559508079,0.558142011562438,3.79863620897194,0.146932209576735,0.883185528260993,NA
"LBRM_09_0830",0.901560351094244,2.66466023462672,2.73321088695414,0.974919369502506,0.329600257279052,NA
"LBRM_09_0840",1.93297463554263,0.249942424836027,1.6488305310459,0.151587698147171,0.87951213672795,0.97845571662501
"LBRM_09_0850",0.150548590060784,2.36802554841367,4.07009331419134,0.581811119700128,0.560693913243612,NA
"LBRM_09_0860",0,NA,NA,NA,NA,NA
"LBRM_09_0870",0.594151078697549,0.519947630579927,2.82675581492527,0.183937936143831,0.854062143776909,NA
"LBRM_09_0880",0.816509105650635,1.7018334107326,2.56642645890122,0.663114037353406,0.507257521003877,NA
"LBRM_09_0890",0,NA,NA,NA,NA,NA
"LBRM_09_0900",0.106620929128686,0.512386596321632,4.0804728567969,0.125570396937733,0.900071997253288,NA
"LBRM_09_0910",0.331959981900109,1.61408529533901,4.06349235823931,0.397216274337571,0.691207982142509,NA
"LBRM_09_0920",0,NA,NA,NA,NA,NA
"LBRM_09_0930",0.0777714885289751,0.512386596321632,4.0804728567969,0.125570396937733,0.900071997253288,NA
"LBRM_09_0940",0,NA,NA,NA,NA,NA
"LBRM_09_0950",0.184392417657661,-0.322972510444289,4.04440056163657,-0.0798567069513009,0.936351222660643,NA
"LBRM_09_0960",0,NA,NA,NA,NA,NA
"LBRM_09_0970",0.150548590060784,2.36802554841367,4.07009331419134,0.581811119700128,0.560693913243612,NA
"LBRM_09_0980",0,NA,NA,NA,NA,NA
"LBRM_09_0990",1.12262786338017,1.6619825362198,2.24478930789268,0.740373508719178,0.459073388567231,0.97845571662501
"LBRM_09_1000",0,NA,NA,NA,NA,NA
"LBRM_09_1010",0.411772022218717,0.753590502948088,3.52106034620548,0.214023739684043,0.830528544494832,NA
"LBRM_09_1020",2.53527421829638,0.855094248905148,1.45124512386722,0.589214209813521,0.555717586076508,0.97845571662501
"LBRM_09_1030",0.228320078589759,1.40625154395371,4.07009308958569,0.345508447350244,0.729712160779994,NA
"LBRM_09_1040",1.85219493058451,0.30974429200972,1.70092756872955,0.182103164005433,0.855501765734181,0.97845571662501
"LBRM_09_1050",0.52137397716574,-0.429612247527212,2.94753201159764,-0.14575320839157,0.88411621561381,NA
"LBRM_09_1060",2.04152461411347,5.17500579093981,2.00499930038837,2.58105117041058,0.00984999805056825,0.23938480110775
"LBRM_09_1070",0,NA,NA,NA,NA,NA
"LBRM_09_1080",1.873367615675,0.463200231716105,1.71740692503923,0.269709074164542,0.787384079003604,0.97845571662501
"LBRM_09_1090",0.15554297705795,-0.121015899195086,4.06395245618752,-0.0297778826154414,0.976244198059474,NA
"LBRM_09_1100",0.430564820094012,-1.52877330229467,3.7013859779186,-0.413027258279708,0.679586642845161,NA
"LBRM_09_1110",0.336981559508079,0.558142011562438,3.79863620897194,0.146932209576735,0.883185528260993,NA
"LBRM_09_1120",0.334000533689742,1.61408529533901,4.06349235823931,0.397216274337571,0.691207982142509,NA
"LBRM_09_1130",0,NA,NA,NA,NA,NA
"LBRM_09_1140",0.15554297705795,-0.121015899195086,4.06395245618752,-0.0297778826154414,0.976244198059474,NA
"LBRM_09_1150",0.228320078589759,1.40625154395371,4.07009308958569,0.345508447350244,0.729712160779994,NA
"LBRM_09_1160",0.593210604668846,1.15726037556781,3.07842132160889,0.375926572313041,0.706971485189533,NA
"LBRM_09_1170",0.445643040426398,-0.092674890627551,3.39371262277472,-0.0273078191729091,0.978214220397376,NA
"LBRM_09_1180",0.0777714885289751,0.512386596321632,4.0804728567969,0.125570396937733,0.900071997253288,NA
"LBRM_09_1190",0.303110541300398,1.61408529533901,4.06349235823931,0.397216274337571,0.691207982142509,NA
"LBRM_09_1200",0.10866148091832,0.512386596321631,4.0804728567969,0.125570396937733,0.900071997253288,NA
"LBRM_09_1210",0.819490131468972,1.10551388165922,2.36394981508287,0.467655393784434,0.640031044757711,NA
"LBRM_09_1220",0.0777714885289751,0.512386596321632,4.0804728567969,0.125570396937733,0.900071997253288,NA
"LBRM_09_1230",0.826769888383606,2.44990725715277,2.80329475323734,0.873938516213301,0.38215173783949,NA
"LBRM_09_1240",0.150548590060784,2.36802554841367,4.07009331419134,0.581811119700128,0.560693913243612,NA
"LBRM_09_1250",1.31131901213413,2.32455516048839,2.10047578503614,1.1066802945545,0.268432177990434,0.911448662524806
"LBRM_09_1260",0,NA,NA,NA,NA,NA
"LBRM_09_1270",0.399674827704668,-1.42721228906698,3.49019211027184,-0.408920839877729,0.682597754835227,NA
"LBRM_09_1280",0,NA,NA,NA,NA,NA
"LBRM_09_1290",1.64401532805439,2.3358153542632,1.94169782683906,1.20297572669468,0.228985713844706,0.900228149526735
"LBRM_09_1300",0,NA,NA,NA,NA,NA
"LBRM_09_1310",0,NA,NA,NA,NA,NA
"LBRM_09_1320",0.106620929128686,0.512386596321632,4.0804728567969,0.125570396937733,0.900071997253288,NA
"LBRM_09_1330",0,NA,NA,NA,NA,NA
"LBRM_09_1340",0.262163906186637,-0.836210405206493,4.00377057373284,-0.208855724824129,0.834560868338514,NA
"LBRM_09_1350",0.106620929128686,0.512386596321632,4.0804728567969,0.125570396937733,0.900071997253288,NA
"LBRM_09_1360",0.217322961836639,-0.533674641665669,4.02601547254019,-0.132556530223405,0.894544112800906,NA
"LBRM_09_1370",0.225339052771423,2.57585470100848,4.06349269559957,0.633901644218018,0.526145012480435,NA
"LBRM_09_1380",0.150548590060784,2.36802554841367,4.07009331419134,0.581811119700128,0.560693913243612,NA
"LBRM_09_1390",0.186432969447295,-0.33622145367943,4.04316669949863,-0.083157949861707,0.933725948031842,NA
"LBRM_09_1400",0.0777714885289751,0.512386596321632,4.0804728567969,0.125570396937733,0.900071997253288,NA
"LBRM_09_1410",0,NA,NA,NA,NA,NA
"LBRM_09_1420",0.106620929128686,0.512386596321632,4.0804728567969,0.125570396937733,0.900071997253288,NA
"LBRM_09_1430",0,NA,NA,NA,NA,NA
"LBRM_09_1450",0,NA,NA,NA,NA,NA
"LBRM_09_1460",0.10866148091832,0.512386596321631,4.0804728567969,0.125570396937733,0.900071997253288,NA
"LBRM_09_1470",0.10866148091832,0.512386596321631,4.0804728567969,0.125570396937733,0.900071997253288,NA
"LBRM_09_1480",1.23756075845434,-1.11982018032612,2.40064976623694,-0.466465452843404,0.640882370505083,0.97845571662501
"LBRM_09_1490",0,NA,NA,NA,NA,NA
"LBRM_09_1500",0.306091567118734,0.772849864308764,4.05352984767767,0.190660953132377,0.848791232320037,NA
"LBRM_09_1510",0.0777714885289751,0.512386596321632,4.0804728567969,0.125570396937733,0.900071997253288,NA
"LBRM_09_1520",0,NA,NA,NA,NA,NA
"LBRM_09_1530",0,NA,NA,NA,NA,NA
"LBRM_09_1540",0.10866148091832,0.512386596321631,4.0804728567969,0.125570396937733,0.900071997253288,NA
"LBRM_09_1550",0.303110541300398,1.61408529533901,4.06349235823931,0.397216274337571,0.691207982142509,NA
"LBRM_09_1560",0,NA,NA,NA,NA,NA
"LBRM_09_1570",0,NA,NA,NA,NA,NA
"LBRM_09_1580",0.186432969447295,-0.33622145367943,4.04316669949863,-0.083157949861707,0.933725948031842,NA
"LBRM_09_1590",0.10866148091832,0.512386596321631,4.0804728567969,0.125570396937733,0.900071997253288,NA
"LBRM_09_1600",0.569600369194135,2.56902019336441,3.72121552354445,0.690371244855345,0.489960754983094,NA
"LBRM_09_1610",0.589129501089579,1.17883190933294,3.08593973072051,0.382000950179837,0.702460659845937,NA
"LBRM_09_1620",0.451645770182352,3.36570143917267,3.99693293608688,0.842071031211195,0.39974819525179,NA
"LBRM_09_rRNA1",0,NA,NA,NA,NA,NA
"LBRM_09_tRNA1",0.0777714885289751,0.512386596321632,4.0804728567969,0.125570396937733,0.900071997253288,NA
"LBRM_09_tRNA2",1.04680186729994,-1.43063049296493,2.29586131547198,-0.623134543591026,0.533196111363317,0.97845571662501
"LBRM_09_tRNA3",0.443602488636765,-0.081680203916819,3.14727451345204,-0.0259526786010253,0.979295082729114,NA
"LBRM_09_tRNA4",0.303110541300398,1.61408529533901,4.06349235823931,0.397216274337571,0.691207982142509,NA
"LBRM_09_tRNA5",0.367871551897423,0.360330296647215,4.00569038940248,0.0899546049790844,0.928323288495364,NA
"LBRM_09_tRNA6",1.96386462793197,0.213261471034034,1.63629369243295,0.130332025369445,0.896303743573878,0.97845571662501
"LBRM_10_0010",0,NA,NA,NA,NA,NA
"LBRM_10_0020",0,NA,NA,NA,NA,NA
"LBRM_10_0030",0.150548590060784,2.36802554841367,4.07009331419134,0.581811119700128,0.560693913243612,NA
"LBRM_10_0040",0.150548590060784,2.36802554841367,4.07009331419134,0.581811119700128,0.560693913243612,NA
"LBRM_10_0050",0.106620929128686,0.512386596321632,4.0804728567969,0.125570396937733,0.900071997253288,NA
"LBRM_10_0060",0.150548590060784,2.36802554841367,4.07009331419134,0.581811119700128,0.560693913243612,NA
"LBRM_10_0070",0.47449248102611,-0.213135733769991,3.32049635102842,-0.0641879138653408,0.94882060088783,NA
"LBRM_10_0080",0,NA,NA,NA,NA,NA
"LBRM_10_0090",0,NA,NA,NA,NA,NA
"LBRM_10_0100",0,NA,NA,NA,NA,NA
"LBRM_10_0110",0.301097180121568,2.94536147983492,4.04378005220696,0.728368368657302,0.466388120880344,NA
"LBRM_10_0120",0,NA,NA,NA,NA,NA
"LBRM_10_0130",0.150548590060784,2.36802554841367,4.07009331419134,0.581811119700128,0.560693913243612,NA
"LBRM_10_0140",0,NA,NA,NA,NA,NA
"LBRM_10_0150",0,NA,NA,NA,NA,NA
"LBRM_10_0160",0,NA,NA,NA,NA,NA
"LBRM_10_0170",0,NA,NA,NA,NA,NA
"LBRM_10_0180",0,NA,NA,NA,NA,NA
"LBRM_10_0190",0,NA,NA,NA,NA,NA
"LBRM_10_0200",0,NA,NA,NA,NA,NA
"LBRM_10_0210",0.933145999384458,-0.233535633932193,2.22741769651659,-0.104845909367343,0.916498080367831,NA
"LBRM_10_0220",0.10866148091832,0.512386596321631,4.0804728567969,0.125570396937733,0.900071997253288,NA
"LBRM_10_0230",0.375887642832207,3.14688176220709,3.93733525674645,0.799241506502413,0.42415038880027,NA
"LBRM_10_0240",0,NA,NA,NA,NA,NA
"LBRM_10_0250",0,NA,NA,NA,NA,NA
"LBRM_10_0260",0,NA,NA,NA,NA,NA
"LBRM_10_0270",0.676017158314268,3.77421191896496,3.42559546891262,1.10176813147263,0.270562488402665,NA
"LBRM_10_0280",0,NA,NA,NA,NA,NA
"LBRM_10_0290",0.10866148091832,0.512386596321631,4.0804728567969,0.125570396937733,0.900071997253288,NA
"LBRM_10_0300",0.918094969662875,-0.529225972734205,2.38799407718836,-0.22161946622469,0.824610127438789,NA
"LBRM_10_0310",0.336981559508079,0.558142011562438,3.79863620897194,0.146932209576735,0.883185528260993,NA
"LBRM_10_0320",0.150548590060784,2.36802554841367,4.07009331419134,0.581811119700128,0.560693913243612,NA
"LBRM_10_0330",0.228320078589759,1.40625154395371,4.07009308958569,0.345508447350244,0.729712160779994,NA
"LBRM_10_0340",0.526368364162906,-1.83962038218202,3.13500265747625,-0.58680026244793,0.557337860532636,NA
"LBRM_10_0360",0,NA,NA,NA,NA,NA
"LBRM_10_0370",0.0777714885289751,0.512386596321632,4.0804728567969,0.125570396937733,0.900071997253288,NA
"LBRM_10_0380",0,NA,NA,NA,NA,NA
"LBRM_10_0390",0,NA,NA,NA,NA,NA
"LBRM_10_0400",0.225339052771423,2.57585470100848,4.06349269559957,0.633901644218018,0.526145012480435,NA
"LBRM_10_0410",0.10866148091832,0.512386596321631,4.0804728567969,0.125570396937733,0.900071997253288,NA
"LBRM_10_0420",0.150548590060784,2.36802554841367,4.07009331419134,0.581811119700128,0.560693913243612,NA
"LBRM_10_0430",0.186432969447295,-0.33622145367943,4.04316669949863,-0.083157949861707,0.933725948031842,NA
"LBRM_10_0440",0,NA,NA,NA,NA,NA
"LBRM_10_0450",0.10866148091832,0.512386596321631,4.0804728567969,0.125570396937733,0.900071997253288,NA
"LBRM_10_0460",0,NA,NA,NA,NA,NA
"LBRM_10_0470",0,NA,NA,NA,NA,NA
"LBRM_10_0480",0.0777714885289751,0.512386596321632,4.0804728567969,0.125570396937733,0.900071997253288,NA
"LBRM_10_0490",0,NA,NA,NA,NA,NA
"LBRM_10_0500",0.0777714885289751,0.512386596321632,4.0804728567969,0.125570396937733,0.900071997253288,NA
"LBRM_10_0510",0.225339052771423,2.57585470100848,4.06349269559957,0.633901644218018,0.526145012480435,NA
"LBRM_10_0520",0.10866148091832,0.512386596321631,4.0804728567969,0.125570396937733,0.900071997253288,NA
"LBRM_10_0530",0.150548590060784,2.36802554841367,4.07009331419134,0.581811119700128,0.560693913243612,NA
"LBRM_10_0540",0.0777714885289751,0.512386596321632,4.0804728567969,0.125570396937733,0.900071997253288,NA
"LBRM_10_0550",0,NA,NA,NA,NA,NA
"LBRM_10_0560",0,NA,NA,NA,NA,NA
"LBRM_10_0570",0,NA,NA,NA,NA,NA
"LBRM_10_0580",0.10866148091832,0.512386596321631,4.0804728567969,0.125570396937733,0.900071997253288,NA
"LBRM_10_0590",0.86469481955975,0.080416639603388,2.74766676939328,0.0292672461228423,0.976651449513523,NA
"LBRM_10_0600",0.0777714885289751,0.512386596321632,4.0804728567969,0.125570396937733,0.900071997253288,NA
"LBRM_10_0610",0,NA,NA,NA,NA,NA
"LBRM_10_0620",0.0777714885289751,0.512386596321632,4.0804728567969,0.125570396937733,0.900071997253288,NA
"LBRM_10_0630",7.22241893614141,-0.07401511498264,0.90353588156075,-0.0819171839139225,0.934712569577054,0.983459365169361
"LBRM_10_0640",2.51095483941233,1.24447892996344,1.46695243004377,0.848343071306212,0.396246937102367,0.97845571662501
"LBRM_10_0650",7.1629988304629,0.332738992484548,0.894042166769321,0.372173712663824,0.709763516811004,0.97845571662501
"LBRM_10_0660",2.51027840881363,-0.638419586847508,1.48819326454455,-0.428989703190796,0.667930718103022,0.97845571662501
"LBRM_10_0670",2.41006463130096,1.21518212365778,1.46292767219611,0.830650856329471,0.406170896073571,0.97845571662501
"LBRM_10_0680",0.15554297705795,-0.121015899195086,4.06395245618752,-0.0297778826154414,0.976244198059474,NA
"LBRM_10_0690",0.375887642832207,3.14688176220709,3.93733525674645,0.799241506502413,0.42415038880027,NA
"LBRM_10_0700",0.526436232892991,3.5231320871403,3.43421411862938,1.0258917951646,0.304942590521467,NA
"LBRM_10_0710",0.89930217178758,0.740812882024225,2.39768143124218,0.308970521425955,0.757343950923829,NA
"LBRM_10_0720",0,NA,NA,NA,NA,NA
"LBRM_10_0730",0.440621462818429,0.57464025758787,3.43492684945294,0.167293302819357,0.867139273458387,NA
"LBRM_10_0740",2.0859138180315,1.21305421102951,1.70964278312722,0.709536648825923,0.477991517032304,0.97845571662501
"LBRM_10_0750",0.363790448318157,0.384202583767737,4.01746610834674,0.0956330615881272,0.923812006182448,NA
"LBRM_10_0760",0.150548590060784,2.36802554841367,4.07009331419134,0.581811119700128,0.560693913243612,NA
"LBRM_10_0770",0,NA,NA,NA,NA,NA
"LBRM_10_0780",0,NA,NA,NA,NA,NA
"LBRM_10_0790",0.334000533689742,1.61408529533901,4.06349235823931,0.397216274337571,0.691207982142509,NA
"LBRM_10_0800",0.10866148091832,0.512386596321631,4.0804728567969,0.125570396937733,0.900071997253288,NA
"LBRM_10_0810",0.443602488636765,-0.081680203916819,3.14727451345204,-0.0259526786010253,0.979295082729114,NA
"LBRM_10_0820",0.321903339175692,-1.10813794869592,3.98730059695775,-0.277916831638279,0.78107620291931,NA
"LBRM_10_0830",0.607188747240302,1.77282990065113,3.29354733397049,0.538273697288546,0.590388107417488,NA
"LBRM_10_0840",0.301097180121568,2.94536147983492,4.04378005220696,0.728368368657302,0.466388120880344,NA
"LBRM_10_0850",0.450678105542845,3.32271092996418,4.01688493769328,0.827185986530216,0.408131653169535,NA
"LBRM_10_0860",0.633057162021677,2.57285816019941,3.00436618237407,0.856373026461879,0.391791479669518,NA
"LBRM_10_0870",0,NA,NA,NA,NA,NA
"LBRM_10_0880",0,NA,NA,NA,NA,NA
"LBRM_10_0890",0.0777714885289751,0.512386596321632,4.0804728567969,0.125570396937733,0.900071997253288,NA
"LBRM_10_0900",1.89167167995355,1.730412086597,1.73337324152962,0.998291680717296,0.318137940528081,0.939506005256609
"LBRM_10_0910",0.961995439984169,-0.294894317944648,2.1915253515173,-0.134561216798372,0.89295880715801,0.97845571662501
"LBRM_10_0920",0.291013346786348,-0.973012266528396,3.99510687890662,-0.243550997763216,0.807578583630658,NA
"LBRM_10_0930",0.363790448318157,0.384202583767737,4.01746610834674,0.0956330615881272,0.923812006182448,NA
"LBRM_10_0940",0.10866148091832,0.512386596321631,4.0804728567969,0.125570396937733,0.900071997253288,NA
"LBRM_10_0950",0.569600369194135,2.56902019336441,3.72121552354445,0.690371244855345,0.489960754983094,NA
"LBRM_10_0960",0,NA,NA,NA,NA,NA
"LBRM_10_0970",0.225339052771423,2.57585470100848,4.06349269559957,0.633901644218018,0.526145012480435,NA
"LBRM_10_0980",0.25716951918947,1.40625154395371,4.07009308958569,0.345508447350243,0.729712160779994,NA
"LBRM_10_0990",0.0777714885289751,0.512386596321632,4.0804728567969,0.125570396937733,0.900071997253288,NA
"LBRM_10_1000",0.725143346252086,0.936588340422912,3.1747934175532,0.295007648448742,0.767988036978739,NA
"LBRM_10_1010",0.150548590060784,2.36802554841367,4.07009331419134,0.581811119700128,0.560693913243612,NA
"LBRM_10_1020",0,NA,NA,NA,NA,NA
"LBRM_10_1030",0,NA,NA,NA,NA,NA
"LBRM_10_1040",0.647371857723111,1.59621171071338,3.3100321613617,0.482234501932067,0.629639369888605,NA
"LBRM_10_1050",0.450678105542845,3.32271092996418,4.01688493769328,0.827185986530216,0.408131653169535,NA
"LBRM_10_1060",0.872710910494533,2.66873039551403,2.76052586748979,0.96674710675353,0.33367047189009,NA
"LBRM_10_1070",0,NA,NA,NA,NA,NA
"LBRM_10_1071",0.10866148091832,0.512386596321631,4.0804728567969,0.125570396937733,0.900071997253288,NA
"LBRM_10_1080",0,NA,NA,NA,NA,NA
"LBRM_10_1090",0,NA,NA,NA,NA,NA
"LBRM_10_1100",0.0777714885289751,0.512386596321632,4.0804728567969,0.125570396937733,0.900071997253288,NA
"LBRM_10_1110",0.150548590060784,2.36802554841367,4.07009331419134,0.581811119700128,0.560693913243612,NA
"LBRM_10_1120",0,NA,NA,NA,NA,NA
"LBRM_10_1130",0.552263969555085,-0.530369081521795,2.89494064573472,-0.183205511416346,0.854636770073978,NA
"LBRM_10_1140",0.63509771381131,2.57296621268561,3.00108970139918,0.857343987914133,0.391254804960616,NA
"LBRM_10_1150",0.0777714885289751,0.512386596321632,4.0804728567969,0.125570396937733,0.900071997253288,NA
"LBRM_10_1160",0,NA,NA,NA,NA,NA
"LBRM_10_1170",0.647371857723111,1.59621171071338,3.3100321613617,0.482234501932067,0.629639369888605,NA
"LBRM_10_1180",1.35448314843528,2.15404811126638,2.40069767517716,0.897259214910274,0.369580614241036,0.97845571662501
"LBRM_10_1190",0.550223417765452,-0.524161063529845,2.89826715030883,-0.180853260360761,0.856482756608131,NA
"LBRM_10_1200",0,NA,NA,NA,NA,NA
"LBRM_10_1210",0.25716951918947,1.40625154395371,4.07009308958569,0.345508447350243,0.729712160779994,NA
"LBRM_10_1220",1.49772479097062,0.929455522814274,1.9281033218708,0.482056906531567,0.629765521486096,0.97845571662501
"LBRM_10_1230",0,NA,NA,NA,NA,NA
"LBRM_10_1240",0.489543510747692,0.234112397790068,3.26909622119532,0.0716137984168808,0.942909258723042,NA
"LBRM_10_1250",0,NA,NA,NA,NA,NA
"LBRM_10_1260",0.375887642832207,3.14688176220709,3.93733525674645,0.799241506502413,0.42415038880027,NA
"LBRM_10_1270",0,NA,NA,NA,NA,NA
"LBRM_10_1280",0,NA,NA,NA,NA,NA
"LBRM_10_1290",0,NA,NA,NA,NA,NA
"LBRM_10_1300",0.228320078589759,1.40625154395371,4.07009308958569,0.345508447350244,0.729712160779994,NA
"LBRM_10_1310",0,NA,NA,NA,NA,NA
"LBRM_10_1320",0.150548590060784,2.36802554841367,4.07009331419134,0.581811119700128,0.560693913243612,NA
"LBRM_10_1330",0.26420445797627,-0.845932859173047,4.00312810314672,-0.21131795870037,0.832639170313903,NA
"LBRM_10_1340",0.820430605497675,0.609029243333153,2.66278449510385,0.228718938559615,0.819087374089252,NA
"LBRM_10_1350",2.26274188518634,1.85918816922521,1.63620651694968,1.13627965049988,0.255839544590059,0.911448662524806
"LBRM_10_1360",7.70799653061183,0.424229603606306,0.841519708635753,0.504123194326672,0.614174808778185,0.97845571662501
"LBRM_10_1370",6.15881987250727,3.6568644014971,1.164455629312,3.14040682138975,0.00168713367796193,0.0712148005118666
"LBRM_10_1380",5.66730035436128,2.99042808002077,1.09525321279107,2.73035316865236,0.00632665089205766,0.174964621221732
"LBRM_10_1390",1.09603660208713,4.29443354273359,2.47346736190558,1.73619980149046,0.0825285123669984,0.786201095137236
"LBRM_10_1400",0.228320078589759,1.40625154395371,4.07009308958569,0.345508447350244,0.729712160779994,NA
"LBRM_10_1410",0,NA,NA,NA,NA,NA
"LBRM_10_1420",0,NA,NA,NA,NA,NA
"LBRM_10_1430",0,NA,NA,NA,NA,NA
"LBRM_10_1440",0,NA,NA,NA,NA,NA
"LBRM_10_1450",0,NA,NA,NA,NA,NA
"LBRM_10_1460",0.10866148091832,0.512386596321631,4.0804728567969,0.125570396937733,0.900071997253288,NA
"LBRM_10_1470",0.225339052771423,2.57585470100848,4.06349269559957,0.633901644218018,0.526145012480435,NA
"LBRM_10_1480",1.96789135028963,-0.324390335251874,1.6553146361533,-0.195968988714863,0.844634438759834,0.97845571662501
"LBRM_10_1490",5.08395370703335,0.0732029025185032,1.03367468833608,0.0708181242556487,0.94354250697053,0.986598553572836
"LBRM_10_1500",4.07254658286425,-0.460269512212621,1.20055244437149,-0.383381429416506,0.701436970591564,0.97845571662501
"LBRM_10_1510",0.57529041209217,-1.97253264075075,3.31748072933493,-0.594587520376099,0.552119224013503,NA
"LBRM_10_1520",0.397634275915034,-1.42140191939976,3.83273587958389,-0.370858301760692,0.710743074256136,NA
"LBRM_10_1530",0.569600369194135,2.56902019336441,3.72121552354445,0.690371244855345,0.489960754983094,NA
"LBRM_10_tRNA1",1.73045510300416,-1.50093847831229,1.79461994941857,-0.836354504360978,0.402955499020819,0.97845571662501
"LBRM_10_tRNA2",0,NA,NA,NA,NA,NA
"LBRM_11_0010",0,NA,NA,NA,NA,NA
"LBRM_11_0020",0,NA,NA,NA,NA,NA
"LBRM_11_0030",0.560280060489868,1.34977552819926,2.9268762572445,0.461165901653117,0.644679583493499,NA
"LBRM_11_0040",0.25716951918947,1.40625154395371,4.07009308958569,0.345508447350243,0.729712160779994,NA
"LBRM_11_0050",0.186432969447295,-0.33622145367943,4.04316669949863,-0.083157949861707,0.933725948031842,NA
"LBRM_11_0060",0.451645770182352,3.36570143917267,3.99693293608688,0.842071031211195,0.39974819525179,NA
"LBRM_11_0070",0.47449248102611,-0.213135733769991,3.32049635102842,-0.0641879138653408,0.94882060088783,NA
"LBRM_11_0080",0.225339052771423,2.57585470100848,4.06349269559957,0.633901644218018,0.526145012480435,NA
"LBRM_11_0090",0.715850228158622,1.07017216754736,2.82744461968759,0.378494475221801,0.705063297192577,NA
"LBRM_11_0100",0,NA,NA,NA,NA,NA
"LBRM_11_0110",0,NA,NA,NA,NA,NA
"LBRM_11_0120",0,NA,NA,NA,NA,NA
"LBRM_11_0130",0.569600369194135,2.56902019336441,3.72121552354445,0.690371244855345,0.489960754983094,NA
"LBRM_11_0140",0.150548590060784,2.36802554841367,4.07009331419134,0.581811119700128,0.560693913243612,NA
"LBRM_11_0150",0.225339052771423,2.57585470100848,4.06349269559957,0.633901644218018,0.526145012480435,NA
"LBRM_11_0160",0.813487401713018,-0.926706015543342,2.50602783372916,-0.369790791255631,0.711538377163289,NA
"LBRM_11_0170",0.150548590060784,2.36802554841367,4.07009331419134,0.581811119700128,0.560693913243612,NA
"LBRM_11_0180",0,NA,NA,NA,NA,NA
"LBRM_11_0190",0.225339052771423,2.57585470100848,4.06349269559957,0.633901644218018,0.526145012480435,NA
"LBRM_11_0200",0,NA,NA,NA,NA,NA
"LBRM_11_0210",0.213241858257373,-0.509664860242396,4.0279820436031,-0.126531065611825,0.899311559853632,NA
"LBRM_11_0220",0.10866148091832,0.512386596321631,4.0804728567969,0.125570396937733,0.900071997253288,NA
"LBRM_11_0230",0.225339052771423,2.57585470100848,4.06349269559957,0.633901644218018,0.526145012480435,NA
"LBRM_11_0240",0.25716951918947,1.40625154395371,4.07009308958569,0.345508447350243,0.729712160779994,NA
"LBRM_11_0250",0,NA,NA,NA,NA,NA
"LBRM_11_0260",0.0777714885289751,0.512386596321632,4.0804728567969,0.125570396937733,0.900071997253288,NA
"LBRM_11_0270",0.0777714885289751,0.512386596321632,4.0804728567969,0.125570396937733,0.900071997253288,NA
"LBRM_11_0280",0.569600369194135,2.56902019336441,3.72121552354445,0.690371244855345,0.489960754983094,NA
"LBRM_11_0290",0,NA,NA,NA,NA,NA
"LBRM_11_0300",0,NA,NA,NA,NA,NA
"LBRM_11_0310",0,NA,NA,NA,NA,NA
"LBRM_11_0320",0.106620929128686,0.512386596321632,4.0804728567969,0.125570396937733,0.900071997253288,NA
"LBRM_11_0330",0.10866148091832,0.512386596321631,4.0804728567969,0.125570396937733,0.900071997253288,NA
"LBRM_11_0340",1.11888331293088,1.01919933134907,2.33460051537231,0.436562625870289,0.662428572195639,0.97845571662501
"LBRM_11_0350",0.0777714885289751,0.512386596321632,4.0804728567969,0.125570396937733,0.900071997253288,NA
"LBRM_11_0360",0.484549123750526,2.18815698437253,3.32455332860874,0.658180744325201,0.510421996464077,NA
"LBRM_11_0370",0,NA,NA,NA,NA,NA
"LBRM_11_0380",0.186432969447295,-0.33622145367943,4.04316669949863,-0.083157949861707,0.933725948031842,NA
"LBRM_11_0390",0.375887642832207,3.14688176220709,3.93733525674645,0.799241506502413,0.42415038880027,NA
"LBRM_11_0400",0,NA,NA,NA,NA,NA
"LBRM_11_0410",0.303110541300398,1.61408529533901,4.06349235823931,0.397216274337571,0.691207982142509,NA
"LBRM_11_0420",0.827533413014559,4.07129918197156,2.89419630842767,1.40671148329374,0.159512959232999,NA
"LBRM_11_0430",0,NA,NA,NA,NA,NA
"LBRM_11_0440",0,NA,NA,NA,NA,NA
"LBRM_11_0450",0,NA,NA,NA,NA,NA
"LBRM_11_0460",0.0777714885289751,0.512386596321632,4.0804728567969,0.125570396937733,0.900071997253288,NA
"LBRM_11_0470",0,NA,NA,NA,NA,NA
"LBRM_11_0480",0.0777714885289751,0.512386596321632,4.0804728567969,0.125570396937733,0.900071997253288,NA
"LBRM_11_0490",0,NA,NA,NA,NA,NA
"LBRM_11_0500",0.10866148091832,0.512386596321631,4.0804728567969,0.125570396937733,0.900071997253288,NA
"LBRM_11_0510",0.0777714885289751,0.512386596321632,4.0804728567969,0.125570396937733,0.900071997253288,NA
"LBRM_11_0520",0.375887642832207,3.14688176220709,3.93733525674645,0.799241506502413,0.42415038880027,NA
"LBRM_11_0530",0,NA,NA,NA,NA,NA
"LBRM_11_0540",0.569600369194135,2.56902019336441,3.72121552354445,0.690371244855345,0.489960754983094,NA
"LBRM_11_0550",0.461634544176684,-0.20540238940105,3.64709680395894,-0.05631942348722,0.955087345686342,NA
"LBRM_11_0560",0.150548590060784,2.36802554841367,4.07009331419134,0.581811119700128,0.560693913243612,NA
"LBRM_11_0570",0,NA,NA,NA,NA,NA
"LBRM_11_0580",0,NA,NA,NA,NA,NA
"LBRM_11_0590",0.828810440173239,2.44968735264397,2.80114695481242,0.874530109330881,0.381829630473633,NA
"LBRM_11_0600",0.215282410047006,-0.521705569758801,4.02699186999459,-0.129552178549469,0.896920740266371,NA
"LBRM_11_0610",0.334941007718446,0.571059908719948,3.80738004106996,0.14998762996075,0.880774374718182,NA
"LBRM_11_0620",0.375887642832207,3.14688176220709,3.93733525674645,0.799241506502413,0.42415038880027,NA
"LBRM_11_0630",0.482508571960893,2.18812578744307,3.32949496545596,0.657194502513212,0.51105586000068,NA
"LBRM_11_0640",0,NA,NA,NA,NA,NA
"LBRM_11_0650",0,NA,NA,NA,NA,NA
"LBRM_11_0660",0.228320078589759,1.40625154395371,4.07009308958569,0.345508447350244,0.729712160779994,NA
"LBRM_11_0670",0,NA,NA,NA,NA,NA
"LBRM_11_0680",0,NA,NA,NA,NA,NA
"LBRM_11_0690",0.150548590060784,2.36802554841367,4.07009331419134,0.581811119700128,0.560693913243612,NA
"LBRM_11_0700",0.569600369194135,2.56902019336441,3.72121552354445,0.690371244855345,0.489960754983094,NA
"LBRM_11_0710",0.15554297705795,-0.121015899195086,4.06395245618752,-0.0297778826154414,0.976244198059474,NA
"LBRM_11_0720",0,NA,NA,NA,NA,NA
"LBRM_11_0730",0,NA,NA,NA,NA,NA
"LBRM_11_0740",0.453659131361182,2.18767694246641,3.40299717706313,0.642867692401212,0.520309954570993,NA
"LBRM_11_0750",0.0777714885289751,0.512386596321632,4.0804728567969,0.125570396937733,0.900071997253288,NA
"LBRM_11_0760",0.0777714885289751,0.512386596321632,4.0804728567969,0.125570396937733,0.900071997253288,NA
"LBRM_11_0770",0.25716951918947,1.40625154395371,4.07009308958569,0.345508447350243,0.729712160779994,NA
"LBRM_11_0780",0,NA,NA,NA,NA,NA
"LBRM_11_0790",0.150548590060784,2.36802554841367,4.07009331419134,0.581811119700128,0.560693913243612,NA
"LBRM_11_0800",0.777603022326507,0.255660996821756,2.40273248630831,0.106404270254225,0.915261605141037,NA
"LBRM_11_0810",0,NA,NA,NA,NA,NA
"LBRM_11_0820",0.150548590060784,2.36802554841367,4.07009331419134,0.581811119700128,0.560693913243612,NA
"LBRM_11_0830",0.411772022218717,0.753590502948088,3.52106034620548,0.214023739684043,0.830528544494832,NA
"LBRM_11_0840",0,NA,NA,NA,NA,NA
"LBRM_11_0850",0.106620929128686,0.512386596321632,4.0804728567969,0.125570396937733,0.900071997253288,NA
"LBRM_11_0860",0.10866148091832,0.512386596321631,4.0804728567969,0.125570396937733,0.900071997253288,NA
"LBRM_11_0870",0,NA,NA,NA,NA,NA
"LBRM_11_0880",0,NA,NA,NA,NA,NA
"LBRM_11_0890",0,NA,NA,NA,NA,NA
"LBRM_11_0900",0.213241858257373,-0.509664860242396,4.0279820436031,-0.126531065611825,0.899311559853632,NA
"LBRM_11_0910",0,NA,NA,NA,NA,NA
"LBRM_11_0920",0.259210070979104,1.40625154395371,4.07009308958569,0.345508447350243,0.729712160779994,NA
"LBRM_11_0930",0.228320078589759,1.40625154395371,4.07009308958569,0.345508447350244,0.729712160779994,NA
"LBRM_11_0940",0,NA,NA,NA,NA,NA
"LBRM_11_0950",0.526436232892991,3.5231320871403,3.43421411862938,1.0258917951646,0.304942590521467,NA
"LBRM_11_0960",1.05287246578598,4.40839174921392,2.62501838060669,1.67937557381791,0.0930788706581909,0.786201095137236
"LBRM_11_0970",0.915293675537866,0.630280689399184,2.58602531480444,0.243725645604072,0.807443309889357,NA
"LBRM_11_0980",0,NA,NA,NA,NA,NA
"LBRM_11_0990",0.647371857723111,1.59621171071338,3.3100321613617,0.482234501932067,0.629639369888605,NA
"LBRM_11_1000",1.1615339467043,3.46466812566514,2.41581538041477,1.43416096848853,0.151526332604264,0.824895983305218
"LBRM_11_1010",0.526436232892991,3.5231320871403,3.43421411862938,1.0258917951646,0.304942590521467,NA
"LBRM_11_1020",0,NA,NA,NA,NA,NA
"LBRM_11_1030",0,NA,NA,NA,NA,NA
"LBRM_11_1040",0,NA,NA,NA,NA,NA
"LBRM_11_1050",0.186432969447295,-0.33622145367943,4.04316669949863,-0.083157949861707,0.933725948031842,NA
"LBRM_11_1060",0.0777714885289751,0.512386596321632,4.0804728567969,0.125570396937733,0.900071997253288,NA
"LBRM_11_1070",0.301097180121568,2.94536147983492,4.04378005220696,0.728368368657302,0.466388120880344,NA
"LBRM_11_1080",1.2054344170256,3.54727035698328,2.38374003120627,1.48811124977761,0.136721557152152,0.806255064970779
"LBRM_11_1090",0.25716951918947,1.40625154395371,4.07009308958569,0.345508447350243,0.729712160779994,NA
"LBRM_11_1100",0,NA,NA,NA,NA,NA
"LBRM_11_1110",0,NA,NA,NA,NA,NA
"LBRM_11_1120",0,NA,NA,NA,NA,NA
"LBRM_11_1130",0,NA,NA,NA,NA,NA
"LBRM_11_1140",0,NA,NA,NA,NA,NA
"LBRM_11_1150",0,NA,NA,NA,NA,NA
"LBRM_11_1160",28.5327826570123,-0.614227636322723,0.569366809123809,-1.07879073117724,0.280681027708521,0.911448662524806
"LBRM_11_1170",1.7193662512489,-0.593623632215711,1.93798570268906,-0.306309603518759,0.75936892787306,0.97845571662501
"LBRM_11_rRNA1",0.0777714885289751,0.512386596321632,4.0804728567969,0.125570396937733,0.900071997253288,NA
"LBRM_11_tRNA1",0.10866148091832,0.512386596321631,4.0804728567969,0.125570396937733,0.900071997253288,NA
"LBRM_11_tRNA2",0,NA,NA,NA,NA,NA
"LBRM_11_tRNA3",0,NA,NA,NA,NA,NA
"LBRM_11_tRNA4",1.27606241991841,-1.19680319377418,2.10663568872069,-0.568111135770691,0.569959506807175,0.97845571662501
"LBRM_11_tRNA5",0,NA,NA,NA,NA,NA
"LBRM_12_0010",0.186432969447295,-0.33622145367943,4.04316669949863,-0.083157949861707,0.933725948031842,NA
"LBRM_12_0020",0.301097180121568,2.94536147983492,4.04378005220696,0.728368368657302,0.466388120880344,NA
"LBRM_12_0030",0,NA,NA,NA,NA,NA
"LBRM_12_0040",0.668968732018992,1.39064575687709,3.17022104355345,0.438658925599188,0.660908693295897,NA
"LBRM_12_0050",0,NA,NA,NA,NA,NA
"LBRM_12_0060",0,NA,NA,NA,NA,NA
"LBRM_12_0070",0.106620929128686,0.512386596321632,4.0804728567969,0.125570396937733,0.900071997253288,NA
"LBRM_12_0080",0,NA,NA,NA,NA,NA
"LBRM_12_0090",0.829546774193388,2.97830239443326,2.72089918078124,1.0946022607049,0.273690924750375,NA
"LBRM_12_0100",0,NA,NA,NA,NA,NA
"LBRM_12_0110",0.225339052771423,2.57585470100848,4.06349269559957,0.633901644218018,0.526145012480435,NA
"LBRM_12_0120",0.10866148091832,0.512386596321631,4.0804728567969,0.125570396937733,0.900071997253288,NA
"LBRM_12_0130",0.106620929128686,0.512386596321632,4.0804728567969,0.125570396937733,0.900071997253288,NA
"LBRM_12_0140",0.635070523200507,1.51651499437601,3.01403461207025,0.503151154370572,0.614858003780267,NA
"LBRM_12_0150",0.569600369194135,2.56902019336441,3.72121552354445,0.690371244855345,0.489960754983094,NA
"LBRM_12_0160",0.150548590060784,2.36802554841367,4.07009331419134,0.581811119700128,0.560693913243612,NA
"LBRM_12_0170",0,NA,NA,NA,NA,NA
"LBRM_12_0180",0.26420445797627,-0.845932859173047,4.00312810314672,-0.21131795870037,0.832639170313903,NA
"LBRM_12_0190",0,NA,NA,NA,NA,NA
"LBRM_12_0200",0.334000533689742,1.61408529533901,4.06349235823931,0.397216274337571,0.691207982142509,NA
"LBRM_12_0210",0.814468553861002,1.70161053773113,2.73890999244474,0.62127289411664,0.534420085108567,NA
"LBRM_12_0220",0.10866148091832,0.512386596321631,4.0804728567969,0.125570396937733,0.900071997253288,NA
"LBRM_12_0230",0.106620929128686,0.512386596321632,4.0804728567969,0.125570396937733,0.900071997253288,NA
"LBRM_12_0240",0,NA,NA,NA,NA,NA
"LBRM_12_0250",0.562320612279501,1.33863253679492,2.92311920970638,0.45794661139714,0.646990798234297,NA
"LBRM_12_0260",0,NA,NA,NA,NA,NA
"LBRM_12_0270",0.746740220547967,0.94065823155591,2.78854542872341,0.337329355249751,0.735868632902438,NA
"LBRM_12_0280",0.519333425376107,-0.423912312366655,3.1802050437095,-0.133297163717528,0.893958370610478,NA
"LBRM_12_0290",0.25716951918947,1.40625154395371,4.07009308958569,0.345508447350243,0.729712160779994,NA
"LBRM_12_0300",0.25716951918947,1.40625154395371,4.07009308958569,0.345508447350243,0.729712160779994,NA
"LBRM_12_0310",0.591170052879213,1.17464533586549,2.87253967067174,0.408922232774875,0.68259673260566,NA
"LBRM_12_0320",0.106620929128686,0.512386596321632,4.0804728567969,0.125570396937733,0.900071997253288,NA
"LBRM_12_0330",1.52133502644533,0.389992526174018,1.84289858266216,0.21161909279384,0.832404212769935,0.97845571662501
"LBRM_12_0340",0.828810440173239,2.44968735264397,2.80114695481242,0.874530109330881,0.381829630473633,NA
"LBRM_12_0350",0.523414528955374,-0.437483854516398,3.17175774405255,-0.137931043232017,0.890294915937561,NA
"LBRM_12_0360",1.94172427820198,-0.014330836901083,1.74510399023241,-0.00821202460214105,0.993447826000641,0.996625799556183
"LBRM_12_0370",0.668001067379485,1.32335921084302,3.18965626584293,0.414890853605287,0.678221805759802,NA
"LBRM_12_0380",0.375887642832207,3.14688176220709,3.93733525674645,0.799241506502413,0.42415038880027,NA
"LBRM_12_0390",0,NA,NA,NA,NA,NA
"LBRM_12_0400",1.34814386554935,0.681449008100759,1.98298280800491,0.343648470047185,0.731110668352274,0.97845571662501
"LBRM_12_0410",0.15554297705795,-0.121015899195086,4.06395245618752,-0.0297778826154414,0.976244198059474,NA
"LBRM_12_0420",1.19326935378146,-0.787723109558807,2.05140703171999,-0.383991620082507,0.700984658488511,0.97845571662501
"LBRM_12_0430",3.50581295484539,-0.391598910731084,1.28794643591343,-0.304049065870784,0.761090510368687,0.97845571662501
"LBRM_12_0440",1.099533552113,-0.163967269185536,2.40941096862565,-0.0680528441684086,0.945743568184969,0.987612424068157
"LBRM_12_0450",1.55115213168455,0.41714652421182,1.83615491648479,0.227184820009862,0.820280030987719,0.97845571662501
"LBRM_12_0460",3.56976216622418,1.46832858089261,1.22666785267098,1.19700583796619,0.231304279287171,0.901878977667925
"LBRM_12_0470",2.196265810101,0.29584949466813,1.57659886927548,0.187650454680388,0.851150671621764,0.97845571662501
"LBRM_12_0480",0.453659131361182,2.18767694246641,3.40299717706313,0.642867692401212,0.520309954570993,NA
"LBRM_12_0490",0.797920447783894,2.45306610466441,2.83457318886527,0.865409337215389,0.386814157936516,NA
"LBRM_12_0500",0,NA,NA,NA,NA,NA
"LBRM_12_0510",0.150548590060784,2.36802554841367,4.07009331419134,0.581811119700128,0.560693913243612,NA
"LBRM_12_0520",0.225339052771423,2.57585470100848,4.06349269559957,0.633901644218018,0.526145012480435,NA
"LBRM_12_0530",0.518392951347404,0.0965461764559848,2.97752437417506,0.0324249827451819,0.97413313961054,NA
"LBRM_12_0540",1.057130518763,2.05785646491937,2.39120290843815,0.860594664575533,0.389461325513296,0.97845571662501
"LBRM_12_0550",0,NA,NA,NA,NA,NA
"LBRM_12_0560",0,NA,NA,NA,NA,NA
"LBRM_12_0570",0.150548590060784,2.36802554841367,4.07009331419134,0.581811119700128,0.560693913243612,NA
"LBRM_12_0580",1.26412482913658,-1.77117039221,2.16682244434583,-0.817404488693454,0.413697311370513,0.97845571662501
"LBRM_12_0590",0,NA,NA,NA,NA,NA
"LBRM_12_0600",0,NA,NA,NA,NA,NA
"LBRM_12_0610",0.225339052771423,2.57585470100848,4.06349269559957,0.633901644218018,0.526145012480435,NA
"LBRM_12_0620",0.627081622876527,0.367452090334554,3.24520355155725,0.113229288855618,0.909848775831408,NA
"LBRM_12_0630",0,NA,NA,NA,NA,NA
"LBRM_12_0640",0.150548590060784,2.36802554841367,4.07009331419134,0.581811119700128,0.560693913243612,NA
"LBRM_12_0650",0.933145999384458,-0.233535633932193,2.22741769651659,-0.104845909367343,0.916498080367831,NA
"LBRM_12_0660",0,NA,NA,NA,NA,NA
"LBRM_12_0670",0.303110541300398,1.61408529533901,4.06349235823931,0.397216274337571,0.691207982142509,NA
"LBRM_12_0680",0.106620929128686,0.512386596321632,4.0804728567969,0.125570396937733,0.900071997253288,NA
"LBRM_12_0690",0,NA,NA,NA,NA,NA
"LBRM_12_0700",0.0777714885289751,0.512386596321632,4.0804728567969,0.125570396937733,0.900071997253288,NA
"LBRM_12_0710",0,NA,NA,NA,NA,NA
"LBRM_12_0720",0,NA,NA,NA,NA,NA
"LBRM_12_0730",0,NA,NA,NA,NA,NA
"LBRM_12_0740",0.259210070979104,1.40625154395371,4.07009308958569,0.345508447350243,0.729712160779994,NA
"LBRM_12_0750",0.225339052771423,2.57585470100848,4.06349269559957,0.633901644218018,0.526145012480435,NA
"LBRM_12_0760",0.569600369194135,2.56902019336441,3.72121552354445,0.690371244855345,0.489960754983094,NA
"LBRM_12_0770",1.08595276875191,1.14170500973417,2.35389144690816,0.485028743034776,0.627655956735928,0.97845571662501
"LBRM_12_0780",0.217322961836639,-0.533674641665669,4.02601547254019,-0.132556530223405,0.894544112800906,NA
"LBRM_12_0790",0,NA,NA,NA,NA,NA
"LBRM_12_0800",0,NA,NA,NA,NA,NA
"LBRM_12_0810",0,NA,NA,NA,NA,NA
"LBRM_12_0820",0,NA,NA,NA,NA,NA
"LBRM_12_0830",0.150548590060784,2.36802554841367,4.07009331419134,0.581811119700128,0.560693913243612,NA
"LBRM_12_0840",0,NA,NA,NA,NA,NA
"LBRM_12_0850",0.323943890965326,-1.11648607053824,3.98684133574665,-0.280042764814253,0.779444695381189,NA
"LBRM_12_0860",0,NA,NA,NA,NA,NA
"LBRM_12_0870",0.306091567118734,0.772849864308764,4.05352984767767,0.190660953132377,0.848791232320037,NA
"LBRM_12_0880",0,NA,NA,NA,NA,NA
"LBRM_12_0890",0.794939421965558,3.66299337614718,3.01117239705661,1.21646750605436,0.223806881932692,NA
"LBRM_12_0900",0.150548590060784,2.36802554841367,4.07009331419134,0.581811119700128,0.560693913243612,NA
"LBRM_12_0910",0,NA,NA,NA,NA,NA
"LBRM_12_0920",0.259210070979104,1.40625154395371,4.07009308958569,0.345508447350243,0.729712160779994,NA
"LBRM_12_0930",0,NA,NA,NA,NA,NA
"LBRM_12_0940",0.0777714885289751,0.512386596321632,4.0804728567969,0.125570396937733,0.900071997253288,NA
"LBRM_13_0010",0.676221298322822,1.59462830001721,3.26104804272725,0.488992581257285,0.624846949119947,NA
"LBRM_13_0020",0,NA,NA,NA,NA,NA
"LBRM_13_0030",0,NA,NA,NA,NA,NA
"LBRM_13_0040",0.225339052771423,2.57585470100848,4.06349269559957,0.633901644218018,0.526145012480435,NA
"LBRM_13_0050",0,NA,NA,NA,NA,NA
"LBRM_13_0060",0.10866148091832,0.512386596321631,4.0804728567969,0.125570396937733,0.900071997253288,NA
"LBRM_13_0070",0.225339052771423,2.57585470100848,4.06349269559957,0.633901644218018,0.526145012480435,NA
"LBRM_13_0080",0,NA,NA,NA,NA,NA
"LBRM_13_0090",0,NA,NA,NA,NA,NA
"LBRM_13_0100",0.303110541300398,1.61408529533901,4.06349235823931,0.397216274337571,0.691207982142509,NA
"LBRM_13_0110",0,NA,NA,NA,NA,NA
"LBRM_13_0120",0.601226695603629,3.65666645920249,3.27360907528349,1.1170137835978,0.263988431772301,NA
"LBRM_13_0130",0,NA,NA,NA,NA,NA
"LBRM_13_0140",0.569600369194135,2.56902019336441,3.72121552354445,0.690371244855345,0.489960754983094,NA
"LBRM_13_0150",0,NA,NA,NA,NA,NA
"LBRM_13_0160",0,NA,NA,NA,NA,NA
"LBRM_13_0170",0,NA,NA,NA,NA,NA
"LBRM_13_0180",0.150548590060784,2.36802554841367,4.07009331419134,0.581811119700128,0.560693913243612,NA
"LBRM_13_0190",0.225339052771423,2.57585470100848,4.06349269559957,0.633901644218018,0.526145012480435,NA
"LBRM_13_0200",0,NA,NA,NA,NA,NA
"LBRM_13_0210",0,NA,NA,NA,NA,NA
"LBRM_13_0220",0,NA,NA,NA,NA,NA
"LBRM_13_0230",1.12689940386567,3.18323005131458,2.52437936227838,1.26099511780256,0.20731060615052,0.898195964048256
"LBRM_13_0240",0.647371857723111,1.59621171071338,3.3100321613617,0.482234501932067,0.629639369888605,NA
"LBRM_13_0250",0.303110541300398,1.61408529533901,4.06349235823931,0.397216274337571,0.691207982142509,NA
"LBRM_13_0260",0.213241858257373,-0.509664860242396,4.0279820436031,-0.126531065611825,0.899311559853632,NA
"LBRM_13_0270",0.453659131361182,2.18767694246641,3.40299717706313,0.642867692401212,0.520309954570993,NA
"LBRM_13_0280",0,NA,NA,NA,NA,NA
"LBRM_13_0290",0.150548590060784,2.36802554841367,4.07009331419134,0.581811119700128,0.560693913243612,NA
"LBRM_13_0300",0.518392951347404,0.0965461764559848,2.97752437417506,0.0324249827451819,0.97413313961054,NA
"LBRM_13_0310",0.819490131468972,1.10551388165922,2.36394981508287,0.467655393784434,0.640031044757711,NA
"LBRM_13_0320",0.62300051929726,0.394492293043218,2.99078155789868,0.131902743616083,0.895061218500274,NA
"LBRM_13_0330",1.12689940386567,3.18323005131458,2.52437936227838,1.26099511780256,0.20731060615052,0.898195964048256
"LBRM_13_0340",3.83168125428298,0.628105442818552,1.17300219783651,0.535468257414207,0.592326101646009,0.97845571662501
"LBRM_13_0350",0.442662014608062,0.565863516806198,3.72331112004407,0.151978574597199,0.879203834331997,NA
"LBRM_13_0360",0.184392417657661,-0.322972510444289,4.04440056163657,-0.0798567069513009,0.936351222660643,NA
"LBRM_13_0370",0.303110541300398,1.61408529533901,4.06349235823931,0.397216274337571,0.691207982142509,NA
"LBRM_13_0380",1.3040392552195,1.34304918272496,1.96519224360418,0.683418727656789,0.494342289473684,0.97845571662501
"LBRM_13_0390",0.75676967266158,2.03422431795343,2.81977068862038,0.721414803750835,0.47065434113815,NA
"LBRM_13_0400",0.961995439984169,-0.294894317944648,2.1915253515173,-0.134561216798372,0.89295880715801,0.97845571662501
"LBRM_13_0410",0.0777714885289751,0.512386596321632,4.0804728567969,0.125570396937733,0.900071997253288,NA
"LBRM_13_0420",0,NA,NA,NA,NA,NA
"LBRM_13_0430",0,NA,NA,NA,NA,NA
"LBRM_13_0440",0,NA,NA,NA,NA,NA
"LBRM_13_0450",0,NA,NA,NA,NA,NA
"LBRM_13_0460",1.55614651868172,-0.136728339686473,1.79945235759189,-0.0759833063151775,0.939432379429686,0.984107944059786
"LBRM_13_0470",0.303110541300398,1.61408529533901,4.06349235823931,0.397216274337571,0.691207982142509,NA
"LBRM_13_0480",0.15554297705795,-0.121015899195086,4.06395245618752,-0.0297778826154414,0.976244198059474,NA
"LBRM_13_0490",0.10866148091832,0.512386596321631,4.0804728567969,0.125570396937733,0.900071997253288,NA
"LBRM_13_0500",0.52137397716574,-0.429612247527212,2.94753201159764,-0.14575320839157,0.88411621561381,NA
"LBRM_13_0510",1.9280719835476,-0.454590347434389,1.67068957161533,-0.272097435189508,0.785547101596219,0.97845571662501
"LBRM_13_0520",17.7481036900067,0.349345243643478,0.576359030306876,0.60612435179071,0.544432181471021,0.97845571662501
"LBRM_13_0530",4.73698337353094,0.509713742662471,1.06520536829841,0.478512179746807,0.632285707489851,0.97845571662501
"LBRM_13_0540",2.08251488284462,-0.799249653602921,1.61508842785889,-0.494864330532342,0.620695890679621,0.97845571662501
"LBRM_13_0550",1.92603143175797,-0.450202816152683,1.6531751010925,-0.272326153385184,0.785371248375472,0.97845571662501
"LBRM_13_0560",2.5404727453021,0.0347382949759426,1.41393730161252,0.0245684832957766,0.980399158394338,0.994222666692539
"LBRM_13_0570",0.441561936847132,-0.0755863754738768,3.40471935311889,-0.0222004716496342,0.982288041362266,NA
"LBRM_13_0580",5.62379044955094,-0.642578970196791,1.06448369435836,-0.603653182855112,0.546074246424131,0.97845571662501
"LBRM_13_0590",1.43850128218911,-0.903182371293793,2.00471954973009,-0.450528040899981,0.65232973986262,0.97845571662501
"LBRM_13_0600",2.1387573658078,0.609016486081798,1.54336718269161,0.394602459422314,0.693136298177714,0.97845571662501
"LBRM_13_0610",1.13765170249095,1.44173317062769,2.39881665406456,0.601018493091088,0.547827669061515,0.97845571662501
"LBRM_13_0620",0.10866148091832,0.512386596321631,4.0804728567969,0.125570396937733,0.900071997253288,NA
"LBRM_13_0630",0,NA,NA,NA,NA,NA
"LBRM_13_0640",0.785619113261291,1.86565901069572,2.60257904460232,0.716850085519995,0.473466603527077,NA
"LBRM_13_0650",0.440621462818429,0.57464025758787,3.43492684945294,0.167293302819357,0.867139273458387,NA
"LBRM_13_0660",0.596164439876379,-0.259540084448729,2.80972114425568,-0.0923721861079859,0.9264023371988,NA
"LBRM_13_0670",0.10866148091832,0.512386596321631,4.0804728567969,0.125570396937733,0.900071997253288,NA
"LBRM_13_0680",1.55950477574931,0.802752264187013,2.03144721955333,0.395162747257357,0.692722783444666,0.97845571662501
"LBRM_13_0690",2.37261494621307,-0.64775790172928,1.5255666181595,-0.424601517900779,0.671127186302487,0.97845571662501
"LBRM_13_0700",0.450678105542845,3.32271092996418,4.01688493769328,0.827185986530216,0.408131653169535,NA
"LBRM_13_0710",1.2054344170256,3.54727035698328,2.38374003120627,1.48811124977761,0.136721557152152,0.806255064970779
"LBRM_13_0720",0.378868668650543,1.9850001311204,3.95440054501736,0.501972450317799,0.615686900261154,NA
"LBRM_13_0730",1.13057608558487,0.0422128163890935,2.08403101694742,0.0202553685841608,0.98383965918487,0.995005556956199
"LBRM_13_0740",0,NA,NA,NA,NA,NA
"LBRM_13_0750",2.00812884199405,0.165827529889226,1.6100372390799,0.102996083484375,0.9179660793501,0.97845571662501
"LBRM_13_0760",0.225339052771423,2.57585470100848,4.06349269559957,0.633901644218018,0.526145012480435,NA
"LBRM_13_0770",0.25716951918947,1.40625154395371,4.07009308958569,0.345508447350243,0.729712160779994,NA
"LBRM_13_0780",0.636038187840014,1.59307543426503,2.99450509115844,0.531999574476844,0.594726290221246,NA
"LBRM_13_0790",1.53439988559889,1.28201198430368,1.93723016529894,0.661775769997804,0.508114936835211,0.97845571662501
"LBRM_13_0800",1.32983980127079,-0.735071595533765,2.05909715879394,-0.356987329322679,0.721101291353932,0.97845571662501
"LBRM_13_0810",0.811446849923385,-0.923325382242781,2.48748876597019,-0.371187759669202,0.710497689306356,NA
"LBRM_13_0820",0.150548590060784,2.36802554841367,4.07009331419134,0.581811119700128,0.560693913243612,NA
"LBRM_13_0830",0.106620929128686,0.512386596321632,4.0804728567969,0.125570396937733,0.900071997253288,NA
"LBRM_13_0840",0.375887642832207,3.14688176220709,3.93733525674645,0.799241506502413,0.42415038880027,NA
"LBRM_13_0850",0.0777714885289751,0.512386596321632,4.0804728567969,0.125570396937733,0.900071997253288,NA
"LBRM_13_0860",1.01893357884822,0.670923574268788,2.31509705198201,0.289803649352149,0.771966455845604,0.97845571662501
"LBRM_13_0870",0.10866148091832,0.512386596321631,4.0804728567969,0.125570396937733,0.900071997253288,NA
"LBRM_13_0880",0,NA,NA,NA,NA,NA
"LBRM_13_0890",0.15554297705795,-0.121015899195086,4.06395245618752,-0.0297778826154414,0.976244198059474,NA
"LBRM_13_0900",0.36583100010779,0.37730783828149,3.68378700877705,0.102423901648632,0.918420212664091,NA
"LBRM_13_0910",0.627994906294427,-0.787043088060642,2.74273295765184,-0.286955784690924,0.774146175737777,NA
"LBRM_13_0920",0,NA,NA,NA,NA,NA
"LBRM_13_0930",0.217322961836639,-0.533674641665669,4.02601547254019,-0.132556530223405,0.894544112800906,NA
"LBRM_13_0940",0.550223417765452,-0.524161063529845,2.89826715030883,-0.180853260360761,0.856482756608131,NA
"LBRM_13_0950",0.213241858257373,-0.509664860242396,4.0279820436031,-0.126531065611825,0.899311559853632,NA
"LBRM_13_0960",0.228320078589759,1.40625154395371,4.07009308958569,0.345508447350244,0.729712160779994,NA
"LBRM_13_0970",0.560280060489868,1.34977552819926,2.9268762572445,0.461165901653117,0.644679583493499,NA
"LBRM_13_0980",0,NA,NA,NA,NA,NA
"LBRM_13_0990",0.0777714885289751,0.512386596321632,4.0804728567969,0.125570396937733,0.900071997253288,NA
"LBRM_13_1000",7.58447117493072,1.06067325986819,0.920480930257324,1.15230335034933,0.249196440715671,0.911448662524806
"LBRM_13_1010",0,NA,NA,NA,NA,NA
"LBRM_13_1020",0.150548590060784,2.36802554841367,4.07009331419134,0.581811119700128,0.560693913243612,NA
"LBRM_13_1030",0,NA,NA,NA,NA,NA
"LBRM_13_1040",1.05414949294466,3.05685082185166,2.43640776948099,1.25465484888962,0.209604083045471,0.898195964048256
"LBRM_13_1050",0,NA,NA,NA,NA,NA
"LBRM_13_1060",0.569600369194135,2.56902019336441,3.72121552354445,0.690371244855345,0.489960754983094,NA
"LBRM_13_1070",0,NA,NA,NA,NA,NA
"LBRM_13_1080",1.28974932844905,4.51793781430259,3.68178102878178,1.22710660383773,0.219782526113915,0.898195964048256
"LBRM_13_1090",0.225339052771423,2.57585470100848,4.06349269559957,0.633901644218018,0.526145012480435,NA
"LBRM_13_1100",0.259210070979104,1.40625154395371,4.07009308958569,0.345508447350243,0.729712160779994,NA
"LBRM_13_1110",0.814468553861002,1.70161053773113,2.73890999244474,0.62127289411664,0.534420085108567,NA
"LBRM_13_1120",1.54140763377489,0.314820034696574,1.97287712833375,0.159574070871035,0.873216605656208,0.97845571662501
"LBRM_13_1130",0.57703230657553,-0.617090861559846,3.36838729336393,-0.18320068561462,0.854640556429079,NA
"LBRM_13_1140",0.25716951918947,1.40625154395371,4.07009308958569,0.345508447350243,0.729712160779994,NA
"LBRM_13_1150",0.407718109250254,1.98689895994212,3.84338000175693,0.516966565635935,0.605179498552988,NA
"LBRM_13_1160",0.375887642832207,3.14688176220709,3.93733525674645,0.799241506502413,0.42415038880027,NA
"LBRM_13_1170",0,NA,NA,NA,NA,NA
"LBRM_13_1180",0.186432969447295,-0.33622145367943,4.04316669949863,-0.083157949861707,0.933725948031842,NA
"LBRM_13_1190",0.225339052771423,2.57585470100848,4.06349269559957,0.633901644218018,0.526145012480435,NA
"LBRM_13_1200",0.0777714885289751,0.512386596321632,4.0804728567969,0.125570396937733,0.900071997253288,NA
"LBRM_13_1210",0.0777714885289751,0.512386596321632,4.0804728567969,0.125570396937733,0.900071997253288,NA
"LBRM_13_1220",0.150548590060784,2.36802554841367,4.07009331419134,0.581811119700128,0.560693913243612,NA
"LBRM_13_1230",3.02616262493284,1.4924119429937,1.35978269102701,1.09753709386205,0.2724066746653,0.911448662524806
"LBRM_13_1240",0.225339052771423,2.57585470100848,4.06349269559957,0.633901644218018,0.526145012480435,NA
"LBRM_13_1250",0.150548590060784,2.36802554841367,4.07009331419134,0.581811119700128,0.560693913243612,NA
"LBRM_13_1260",0.52840891595254,-1.84304679990155,3.39855106318784,-0.542303695202616,0.587609310448975,NA
"LBRM_13_1270",0,NA,NA,NA,NA,NA
"LBRM_13_1280",0,NA,NA,NA,NA,NA
"LBRM_13_1290",0,NA,NA,NA,NA,NA
"LBRM_13_1300",0,NA,NA,NA,NA,NA
"LBRM_13_1310",0.784882779241141,0.56756828324782,2.87785768154564,0.197219024028663,0.843656143952082,NA
"LBRM_13_1320",0.303110541300398,1.61408529533901,4.06349235823931,0.397216274337571,0.691207982142509,NA
"LBRM_13_1321",0,NA,NA,NA,NA,NA
"LBRM_13_1330",0,NA,NA,NA,NA,NA
"LBRM_13_1340",0,NA,NA,NA,NA,NA
"LBRM_13_1350",0.334941007718446,0.571059908719948,3.80738004106996,0.14998762996075,0.880774374718182,NA
"LBRM_13_1360",0.0777714885289751,0.512386596321632,4.0804728567969,0.125570396937733,0.900071997253288,NA
"LBRM_13_1370",0,NA,NA,NA,NA,NA
"LBRM_13_1380",0,NA,NA,NA,NA,NA
"LBRM_13_1390",0.150548590060784,2.36802554841367,4.07009331419134,0.581811119700128,0.560693913243612,NA
"LBRM_13_1400",0.443602488636765,-0.081680203916819,3.14727451345204,-0.0259526786010253,0.979295082729114,NA
"LBRM_13_1410",0.259210070979104,1.40625154395371,4.07009308958569,0.345508447350243,0.729712160779994,NA
"LBRM_13_1420",0.150548590060784,2.36802554841367,4.07009331419134,0.581811119700128,0.560693913243612,NA
"LBRM_13_1430",0.440621462818429,0.57464025758787,3.43492684945294,0.167293302819357,0.867139273458387,NA
"LBRM_13_1440",0.0777714885289751,0.512386596321632,4.0804728567969,0.125570396937733,0.900071997253288,NA
"LBRM_13_1450",0.938167576992427,-0.603104020139528,2.53678311847275,-0.237743627252858,0.812079943964217,0.97845571662501
"LBRM_13_1460",0.97731847844439,2.93136641660503,2.62795345716967,1.11545598671376,0.264655069233063,0.911448662524806
"LBRM_13_1470",0.518392951347404,0.0965461764559848,2.97752437417506,0.0324249827451819,0.97413313961054,NA
"LBRM_13_1480",0,NA,NA,NA,NA,NA
"LBRM_13_1490",1.54969573344831,3.80371477104388,2.1060950414163,1.80605086486789,0.070910394770683,0.738573202676465
"LBRM_13_1500",0.647371857723111,1.59621171071338,3.3100321613617,0.482234501932067,0.629639369888605,NA
"LBRM_13_1510",1.61308465754577,0.497941318344076,1.77757325684443,0.280124217905948,0.779382205005334,0.97845571662501
"LBRM_13_1520",0.558266699311038,2.41907671009906,3.40563983209507,0.710314898041024,0.477508883258517,NA
"LBRM_13_1530",0.225339052771423,2.57585470100848,4.06349269559957,0.633901644218018,0.526145012480435,NA
"LBRM_13_1540",0.150548590060784,2.36802554841367,4.07009331419134,0.581811119700128,0.560693913243612,NA
"LBRM_13_1550",0,NA,NA,NA,NA,NA
"LBRM_13_1560",0.150548590060784,2.36802554841367,4.07009331419134,0.581811119700128,0.560693913243612,NA
"LBRM_13_1570",0.10866148091832,0.512386596321631,4.0804728567969,0.125570396937733,0.900071997253288,NA
"LBRM_14_0010",0,NA,NA,NA,NA,NA
"LBRM_14_0020",0,NA,NA,NA,NA,NA
"LBRM_14_0030",0.262163906186637,-0.836210405206493,4.00377057373284,-0.208855724824129,0.834560868338514,NA
"LBRM_14_0040",0,NA,NA,NA,NA,NA
"LBRM_14_0050",0,NA,NA,NA,NA,NA
"LBRM_14_0060",0,NA,NA,NA,NA,NA
"LBRM_14_0070",0,NA,NA,NA,NA,NA
"LBRM_14_0080",1.02027847473698,4.16491545285351,2.73941895978004,1.52036454226335,0.128419380876531,0.786201095137236
"LBRM_14_0090",0,NA,NA,NA,NA,NA
"LBRM_14_0100",0.106620929128686,0.512386596321632,4.0804728567969,0.125570396937733,0.900071997253288,NA
"LBRM_14_0110",0.10866148091832,0.512386596321631,4.0804728567969,0.125570396937733,0.900071997253288,NA
"LBRM_14_0120",0.301097180121568,2.94536147983492,4.04378005220696,0.728368368657302,0.466388120880344,NA
"LBRM_14_0130",0.0777714885289751,0.512386596321632,4.0804728567969,0.125570396937733,0.900071997253288,NA
"LBRM_14_0140",0.0777714885289751,0.512386596321632,4.0804728567969,0.125570396937733,0.900071997253288,NA
"LBRM_14_0150",0,NA,NA,NA,NA,NA
"LBRM_14_0160",0.106620929128686,0.512386596321632,4.0804728567969,0.125570396937733,0.900071997253288,NA
"LBRM_14_0170",0,NA,NA,NA,NA,NA
"LBRM_14_0180",0,NA,NA,NA,NA,NA
"LBRM_14_0190",0,NA,NA,NA,NA,NA
"LBRM_14_0200",0,NA,NA,NA,NA,NA
"LBRM_14_0210",0.213241858257373,-0.509664860242396,4.0279820436031,-0.126531065611825,0.899311559853632,NA
"LBRM_14_0220",0,NA,NA,NA,NA,NA
"LBRM_14_0230",0.551323495526382,-0.0295381212264684,3.41795866200124,-0.00864203583116876,0.993104738865026,NA
"LBRM_14_0240",0,NA,NA,NA,NA,NA
"LBRM_14_0250",0,NA,NA,NA,NA,NA
"LBRM_14_0260",0,NA,NA,NA,NA,NA
"LBRM_14_0270",0.678261850112455,1.59451783523087,3.25770653029984,0.489460244623112,0.624515893587791,NA
"LBRM_14_0280",0.453659131361182,2.18767694246641,3.40299717706313,0.642867692401212,0.520309954570993,NA
"LBRM_14_0290",0,NA,NA,NA,NA,NA
"LBRM_14_0300",0,NA,NA,NA,NA,NA
"LBRM_14_0310",1.0202377966177,-0.557199044079654,2.5597313679841,-0.217678718575252,0.827679446195624,0.97845571662501
"LBRM_14_0320",0,NA,NA,NA,NA,NA
"LBRM_14_0330",0.15554297705795,-0.121015899195086,4.06395245618752,-0.0297778826154414,0.976244198059474,NA
"LBRM_14_0340",0.334000533689742,1.61408529533901,4.06349235823931,0.397216274337571,0.691207982142509,NA
"LBRM_14_0350",0,NA,NA,NA,NA,NA
"LBRM_14_0360",0.565301638097838,0.637177363423459,3.08998274328751,0.206207418085951,0.836628893575581,NA
"LBRM_14_0370",1.20167637906783,0.195301150542492,2.23109553466867,0.0875359873693153,0.930245481421012,0.983459365169361
"LBRM_14_0380",0.10866148091832,0.512386596321631,4.0804728567969,0.125570396937733,0.900071997253288,NA
"LBRM_14_0390",0,NA,NA,NA,NA,NA
"LBRM_14_0400",0,NA,NA,NA,NA,NA
"LBRM_14_0410",0,NA,NA,NA,NA,NA
"LBRM_14_0420",0.8412367645518,-1.31213871785978,2.48666758703565,-0.527669530378999,0.597728724798144,NA
"LBRM_14_0430",0.0777714885289751,0.512386596321632,4.0804728567969,0.125570396937733,0.900071997253288,NA
"LBRM_14_0440",0.186432969447295,-0.33622145367943,4.04316669949863,-0.083157949861707,0.933725948031842,NA
"LBRM_14_0450",0.301097180121568,2.94536147983492,4.04378005220696,0.728368368657302,0.466388120880344,NA
"LBRM_14_0460",1.0995063615022,-0.588061509659481,2.11989776684878,-0.277400881710269,0.781472304675692,0.97845571662501
"LBRM_14_0470",0,NA,NA,NA,NA,NA
"LBRM_14_0480",0.186432969447295,-0.33622145367943,4.04316669949863,-0.083157949861707,0.933725948031842,NA
"LBRM_14_0490",0,NA,NA,NA,NA,NA
"LBRM_14_0500",0,NA,NA,NA,NA,NA
"LBRM_14_0510",0.291013346786348,-0.973012266528396,3.99510687890662,-0.243550997763216,0.807578583630658,NA
"LBRM_14_0520",0,NA,NA,NA,NA,NA
"LBRM_14_0530",0.647371857723111,1.59621171071338,3.3100321613617,0.482234501932067,0.629639369888605,NA
"LBRM_14_0540",0,NA,NA,NA,NA,NA
"LBRM_14_0550",2.02620157565325,1.65558832292373,1.59561023480793,1.03758943556978,0.29946123837266,0.939506005256609
"LBRM_14_0560",0,NA,NA,NA,NA,NA
"LBRM_14_0570",0.150548590060784,2.36802554841367,4.07009331419134,0.581811119700128,0.560693913243612,NA
"LBRM_14_0580",0.0777714885289751,0.512386596321632,4.0804728567969,0.125570396937733,0.900071997253288,NA
"LBRM_14_0590",0,NA,NA,NA,NA,NA
"LBRM_14_0600",0.10866148091832,0.512386596321631,4.0804728567969,0.125570396937733,0.900071997253288,NA
"LBRM_14_0610",0.0777714885289751,0.512386596321632,4.0804728567969,0.125570396937733,0.900071997253288,NA
"LBRM_14_0620",0,NA,NA,NA,NA,NA
"LBRM_14_0630",0,NA,NA,NA,NA,NA
"LBRM_14_0640",0,NA,NA,NA,NA,NA
"LBRM_14_0650",0,NA,NA,NA,NA,NA
"LBRM_14_0660",0.0777714885289751,0.512386596321632,4.0804728567969,0.125570396937733,0.900071997253288,NA
"LBRM_14_0670",0.375887642832207,3.14688176220709,3.93733525674645,0.799241506502413,0.42415038880027,NA
"LBRM_14_0680",0.150548590060784,2.36802554841367,4.07009331419134,0.581811119700128,0.560693913243612,NA
"LBRM_14_0690",0,NA,NA,NA,NA,NA
"LBRM_14_0700",0,NA,NA,NA,NA,NA
"LBRM_14_0710",0,NA,NA,NA,NA,NA
"LBRM_14_0720",0,NA,NA,NA,NA,NA
"LBRM_14_0730",1.71487080340951,1.36047678313725,1.90950898989557,0.712474667747782,0.476170892731714,0.97845571662501
"LBRM_14_0740",0.184392417657661,-0.322972510444289,4.04440056163657,-0.0798567069513009,0.936351222660643,NA
"LBRM_14_0750",0,NA,NA,NA,NA,NA
"LBRM_14_0760",0,NA,NA,NA,NA,NA
"LBRM_14_0770",1.64598801111394,0.134397337659918,1.7835599930745,0.0753534157425477,0.939933522630669,0.984107944059786
"LBRM_14_0780",0.334941007718446,0.571059908719948,3.80738004106996,0.14998762996075,0.880774374718182,NA
"LBRM_14_0785",0,NA,NA,NA,NA,NA
"LBRM_14_0790",0.150548590060784,2.36802554841367,4.07009331419134,0.581811119700128,0.560693913243612,NA
"LBRM_14_0800",0,NA,NA,NA,NA,NA
"LBRM_14_0810",0.567314999276668,-0.146684565793814,3.08832184412241,-0.0474965282756973,0.962117497249484,NA
"LBRM_14_0820",0.375887642832207,3.14688176220709,3.93733525674645,0.799241506502413,0.42415038880027,NA
"LBRM_14_0830",0,NA,NA,NA,NA,NA
"LBRM_14_0840",0.150548590060784,2.36802554841367,4.07009331419134,0.581811119700128,0.560693913243612,NA
"LBRM_14_0850",0.150548590060784,2.36802554841367,4.07009331419134,0.581811119700128,0.560693913243612,NA
"LBRM_14_0860",0,NA,NA,NA,NA,NA
"LBRM_14_0870",0,NA,NA,NA,NA,NA
"LBRM_14_0880",0,NA,NA,NA,NA,NA
"LBRM_14_0890",0.228320078589759,1.40625154395371,4.07009308958569,0.345508447350244,0.729712160779994,NA
"LBRM_14_0900",0.453659131361182,2.18767694246641,3.40299717706313,0.642867692401212,0.520309954570993,NA
"LBRM_14_0910",1.32563370783557,2.30162269509316,2.42214483525608,0.950241563424025,0.341989523949735,0.958758700639694
"LBRM_14_0920",0,NA,NA,NA,NA,NA
"LBRM_14_0930",0,NA,NA,NA,NA,NA
"LBRM_14_0940",0,NA,NA,NA,NA,NA
"LBRM_14_0950",0,NA,NA,NA,NA,NA
"LBRM_14_0960",0,NA,NA,NA,NA,NA
"LBRM_14_0970",0,NA,NA,NA,NA,NA
"LBRM_14_0980",0.569600369194135,2.56902019336441,3.72121552354445,0.690371244855345,0.489960754983094,NA
"LBRM_14_0990",0.150548590060784,2.36802554841367,4.07009331419134,0.581811119700128,0.560693913243612,NA
"LBRM_14_1000",0.375887642832207,3.14688176220709,3.93733525674645,0.799241506502413,0.42415038880027,NA
"LBRM_14_1010",0.0777714885289751,0.512386596321632,4.0804728567969,0.125570396937733,0.900071997253288,NA
"LBRM_14_1020",0.870697549315704,3.91534140563664,2.88151220519597,1.35878008726684,0.174216285085023,NA
"LBRM_14_1030",0,NA,NA,NA,NA,NA
"LBRM_14_1040",2.15189009369144,4.3561614499254,1.91876556751884,2.27029373659147,0.0231897668344882,0.464954825031489
"LBRM_14_1050",0.969098247501053,1.96555936037713,2.55337465552474,0.769788858099713,0.441425150026585,0.97845571662501
"LBRM_14_1060",0.407718109250254,1.98689895994212,3.84338000175693,0.516966565635935,0.605179498552988,NA
"LBRM_14_1070",0,NA,NA,NA,NA,NA
"LBRM_14_1080",0.106620929128686,0.512386596321632,4.0804728567969,0.125570396937733,0.900071997253288,NA
"LBRM_14_1090",0,NA,NA,NA,NA,NA
"LBRM_14_1100",0.10866148091832,0.512386596321631,4.0804728567969,0.125570396937733,0.900071997253288,NA
"LBRM_14_1110",0.383863055647709,0.204738946669101,3.92149544373455,0.0522094057245985,0.95836183847219,NA
"LBRM_14_1120",0.451645770182352,3.36570143917267,3.99693293608688,0.842071031211195,0.39974819525179,NA
"LBRM_14_1130",0.10866148091832,0.512386596321631,4.0804728567969,0.125570396937733,0.900071997253288,NA
"LBRM_14_1140",0,NA,NA,NA,NA,NA
"LBRM_14_1150",0.0777714885289751,0.512386596321632,4.0804728567969,0.125570396937733,0.900071997253288,NA
"LBRM_14_1160",0,NA,NA,NA,NA,NA
"LBRM_14_1170",0,NA,NA,NA,NA,NA
"LBRM_14_1180",0,NA,NA,NA,NA,NA
"LBRM_14_1190",0,NA,NA,NA,NA,NA
"LBRM_14_1200",0,NA,NA,NA,NA,NA
"LBRM_14_1210",0.409758661039888,1.98703088806636,3.83602284252577,0.517992454590814,0.604463533839926,NA
"LBRM_14_1220",0.0777714885289751,0.512386596321632,4.0804728567969,0.125570396937733,0.900071997253288,NA
"LBRM_14_1230",0.557299034671532,2.35900010515762,3.42453687215048,0.688852301267896,0.490916218673293,NA
"LBRM_14_1240",0.225339052771423,2.57585470100848,4.06349269559957,0.633901644218018,0.526145012480435,NA
"LBRM_14_1250",0.0777714885289751,0.512386596321632,4.0804728567969,0.125570396937733,0.900071997253288,NA
"LBRM_14_1260",0,NA,NA,NA,NA,NA
"LBRM_14_1270",0.225339052771423,2.57585470100848,4.06349269559957,0.633901644218018,0.526145012480435,NA
"LBRM_14_1280",0,NA,NA,NA,NA,NA
"LBRM_14_1290",0,NA,NA,NA,NA,NA
"LBRM_14_1300",0,NA,NA,NA,NA,NA
"LBRM_14_1310",0,NA,NA,NA,NA,NA
"LBRM_14_1320",0,NA,NA,NA,NA,NA
"LBRM_14_1330",0.375887642832207,3.14688176220709,3.93733525674645,0.799241506502413,0.42415038880027,NA
"LBRM_14_1340",0,NA,NA,NA,NA,NA
"LBRM_14_1350",0,NA,NA,NA,NA,NA
"LBRM_14_1360",0,NA,NA,NA,NA,NA
"LBRM_14_1370",0,NA,NA,NA,NA,NA
"LBRM_14_1380",0,NA,NA,NA,NA,NA
"LBRM_14_1390",0,NA,NA,NA,NA,NA
"LBRM_14_1400",0,NA,NA,NA,NA,NA
"LBRM_14_1410",0,NA,NA,NA,NA,NA
"LBRM_14_1420",0,NA,NA,NA,NA,NA
"LBRM_14_1430",0,NA,NA,NA,NA,NA
"LBRM_14_1440",1.66006121302628,3.26836211194303,2.12875351132072,1.53534079665018,0.124700137950576,0.786201095137236
"LBRM_14_1450",0.106620929128686,0.512386596321632,4.0804728567969,0.125570396937733,0.900071997253288,NA
"LBRM_14_1460",0,NA,NA,NA,NA,NA
"LBRM_14_1470",0,NA,NA,NA,NA,NA
"LBRM_14_1480",0.225339052771423,2.57585470100848,4.06349269559957,0.633901644218018,0.526145012480435,NA
"LBRM_14_1490",0,NA,NA,NA,NA,NA
"LBRM_14_1500",0.15554297705795,-0.121015899195086,4.06395245618752,-0.0297778826154414,0.976244198059474,NA
"LBRM_14_1510",0,NA,NA,NA,NA,NA
"LBRM_14_1520",0.0777714885289751,0.512386596321632,4.0804728567969,0.125570396937733,0.900071997253288,NA
"LBRM_14_1530",0,NA,NA,NA,NA,NA
"LBRM_14_1540",0.526436232892991,3.5231320871403,3.43421411862938,1.0258917951646,0.304942590521467,NA
"LBRM_14_1550",0,NA,NA,NA,NA,NA
"LBRM_14_1560",0.0777714885289751,0.512386596321632,4.0804728567969,0.125570396937733,0.900071997253288,NA
"LBRM_14_1570",0.0777714885289751,0.512386596321632,4.0804728567969,0.125570396937733,0.900071997253288,NA
"LBRM_14_1580",0,NA,NA,NA,NA,NA
"LBRM_14_1590",0.25716951918947,1.40625154395371,4.07009308958569,0.345508447350243,0.729712160779994,NA
"LBRM_14_1600",0,NA,NA,NA,NA,NA
"LBRM_14_1610",0.150548590060784,2.36802554841367,4.07009331419134,0.581811119700128,0.560693913243612,NA
"LBRM_14_1620",0.295094450365614,-0.991002081466368,3.99402597456254,-0.248121090793585,0.804040717664925,NA
"LBRM_14_1630",0.895221068208314,0.752800426795497,2.40076424858788,0.313566993193226,0.753849931626196,NA
"LBRM_14_1640",0,NA,NA,NA,NA,NA
"LBRM_14_1650",0,NA,NA,NA,NA,NA
"LBRM_14_1660",0,NA,NA,NA,NA,NA
"LBRM_14_1670",0,NA,NA,NA,NA,NA
"LBRM_14_1680",0.72014895925492,3.43948944334506,3.11039865378382,1.10580341177839,0.268811617980153,NA
"LBRM_15_0010",0.331959981900109,1.61408529533901,4.06349235823931,0.397216274337571,0.691207982142509,NA
"LBRM_15_0020",0.106620929128686,0.512386596321632,4.0804728567969,0.125570396937733,0.900071997253288,NA
"LBRM_15_0030",0.225339052771423,2.57585470100848,4.06349269559957,0.633901644218018,0.526145012480435,NA
"LBRM_15_0040",0,NA,NA,NA,NA,NA
"LBRM_15_0050",0,NA,NA,NA,NA,NA
"LBRM_15_0060",0,NA,NA,NA,NA,NA
"LBRM_15_0070",0.569600369194135,2.56902019336441,3.72121552354445,0.690371244855345,0.489960754983094,NA
"LBRM_15_0080",0.150548590060784,2.36802554841367,4.07009331419134,0.581811119700128,0.560693913243612,NA
"LBRM_15_0090",0,NA,NA,NA,NA,NA
"LBRM_15_0100",0,NA,NA,NA,NA,NA
"LBRM_15_0110",0.450678105542845,3.32271092996418,4.01688493769328,0.827185986530216,0.408131653169535,NA
"LBRM_15_0120",0,NA,NA,NA,NA,NA
"LBRM_15_0130",0.233314465586925,-0.688087203449716,4.0140974204965,-0.171417664139453,0.863895366368199,NA
"LBRM_15_0140",0,NA,NA,NA,NA,NA
"LBRM_15_0141",0,NA,NA,NA,NA,NA
"LBRM_15_0141_1",0,NA,NA,NA,NA,NA
"LBRM_15_0150",0.225339052771423,2.57585470100848,4.06349269559957,0.633901644218018,0.526145012480435,NA
"LBRM_15_0160",0.438580911028795,0.589436153214077,3.73635399916037,0.157757041582927,0.8746482505264,NA
"LBRM_15_0170",0,NA,NA,NA,NA,NA
"LBRM_15_0180",0,NA,NA,NA,NA,NA
"LBRM_15_0190",0,NA,NA,NA,NA,NA
"LBRM_15_0200",0.10866148091832,0.512386596321631,4.0804728567969,0.125570396937733,0.900071997253288,NA
"LBRM_15_0210",0,NA,NA,NA,NA,NA
"LBRM_15_0220",0.225339052771423,2.57585470100848,4.06349269559957,0.633901644218018,0.526145012480435,NA
"LBRM_15_0230",0.225339052771423,2.57585470100848,4.06349269559957,0.633901644218018,0.526145012480435,NA
"LBRM_15_0240",0.827533413014559,4.07129918197156,2.89419630842767,1.40671148329374,0.159512959232999,NA
"LBRM_15_0250",0.783605752082461,2.87246961660672,2.78777490619844,1.0303807564305,0.302831303075129,NA
"LBRM_15_0260",0.676984822953775,3.8172477551769,3.11862425883364,1.22401656575472,0.220945978364487,NA
"LBRM_15_0270",0.259210070979104,1.40625154395371,4.07009308958569,0.345508447350243,0.729712160779994,NA
"LBRM_15_0280",0.25716951918947,1.40625154395371,4.07009308958569,0.345508447350243,0.729712160779994,NA
"LBRM_15_0290",0.334000533689742,1.61408529533901,4.06349235823931,0.397216274337571,0.691207982142509,NA
"LBRM_15_0300",0,NA,NA,NA,NA,NA
"LBRM_15_0310",0,NA,NA,NA,NA,NA
"LBRM_15_0320",0.150548590060784,2.36802554841367,4.07009331419134,0.581811119700128,0.560693913243612,NA
"LBRM_15_0330",0.150548590060784,2.36802554841367,4.07009331419134,0.581811119700128,0.560693913243612,NA
"LBRM_15_0340",0,NA,NA,NA,NA,NA
"LBRM_15_0350",0.228320078589759,1.40625154395371,4.07009308958569,0.345508447350244,0.729712160779994,NA
"LBRM_15_0360",0.676221298322822,1.59462830001721,3.26104804272725,0.488992581257285,0.624846949119947,NA
"LBRM_15_0370",0.184392417657661,-0.322972510444289,4.04440056163657,-0.0798567069513009,0.936351222660643,NA
"LBRM_15_0380",0,NA,NA,NA,NA,NA
"LBRM_15_0390",0.225339052771423,2.57585470100848,4.06349269559957,0.633901644218018,0.526145012480435,NA
"LBRM_15_0400",0.184392417657661,-0.322972510444289,4.04440056163657,-0.0798567069513009,0.936351222660643,NA
"LBRM_15_0401",0,NA,NA,NA,NA,NA
"LBRM_15_0402",0,NA,NA,NA,NA,NA
"LBRM_15_0410",0.0777714885289751,0.512386596321632,4.0804728567969,0.125570396937733,0.900071997253288,NA
"LBRM_15_0420",0,NA,NA,NA,NA,NA
"LBRM_15_0430",0.10866148091832,0.512386596321631,4.0804728567969,0.125570396937733,0.900071997253288,NA
"LBRM_15_0440",0,NA,NA,NA,NA,NA
"LBRM_15_0450",0.0777714885289751,0.512386596321632,4.0804728567969,0.125570396937733,0.900071997253288,NA
"LBRM_15_0460",0.748753581726796,0.343246603236985,2.58225639584841,0.132925066538255,0.894252642581717,NA
"LBRM_15_0470",2.78387104422425,0.461647407448783,1.35941382641952,0.339592991094323,0.734163057084578,0.97845571662501
"LBRM_15_0480",0.943161963989594,-1.52648259927646,2.5653821143739,-0.595031278468628,0.551822563299547,0.97845571662501
"LBRM_15_0490",0.150548590060784,2.36802554841367,4.07009331419134,0.581811119700128,0.560693913243612,NA
"LBRM_15_0500",0.569600369194135,2.56902019336441,3.72121552354445,0.690371244855345,0.489960754983094,NA
"LBRM_15_0510",0.589129501089579,1.17883190933294,3.08593973072051,0.382000950179837,0.702460659845937,NA
"LBRM_15_0520",0,NA,NA,NA,NA,NA
"LBRM_15_0530",0.10866148091832,0.512386596321631,4.0804728567969,0.125570396937733,0.900071997253288,NA
"LBRM_15_0540",0,NA,NA,NA,NA,NA
"LBRM_15_0550",0.0777714885289751,0.512386596321632,4.0804728567969,0.125570396937733,0.900071997253288,NA
"LBRM_15_0560",0.25716951918947,1.40625154395371,4.07009308958569,0.345508447350243,0.729712160779994,NA
"LBRM_15_0570",0.10866148091832,0.512386596321631,4.0804728567969,0.125570396937733,0.900071997253288,NA
"LBRM_15_0580",0.106620929128686,0.512386596321632,4.0804728567969,0.125570396937733,0.900071997253288,NA
"LBRM_15_0590",0,NA,NA,NA,NA,NA
"LBRM_15_0600",0,NA,NA,NA,NA,NA
"LBRM_15_0610",0,NA,NA,NA,NA,NA
"LBRM_15_0620",0,NA,NA,NA,NA,NA
"LBRM_15_0630",0.828810440173239,2.44968735264397,2.80114695481242,0.874530109330881,0.381829630473633,NA
"LBRM_15_0640",0.150548590060784,2.36802554841367,4.07009331419134,0.581811119700128,0.560693913243612,NA
"LBRM_15_0650",0.225339052771423,2.57585470100848,4.06349269559957,0.633901644218018,0.526145012480435,NA
"LBRM_15_0660",0,NA,NA,NA,NA,NA
"LBRM_15_0670",0.184392417657661,-0.322972510444289,4.04440056163657,-0.0798567069513009,0.936351222660643,NA
"LBRM_15_0680",0.215282410047006,-0.521705569758801,4.02699186999459,-0.129552178549469,0.896920740266371,NA
"LBRM_15_0690",0.559339586461165,2.35897828775056,3.41997486185782,0.689764803262065,0.490342105949544,NA
"LBRM_15_0700",0.828810440173239,2.44968735264397,2.80114695481242,0.874530109330881,0.381829630473633,NA
"LBRM_15_0710",0.529417258711327,2.41691879820607,3.47326299083334,0.695864034651225,0.486513982610758,NA
"LBRM_15_0720",2.46276912550321,1.62588312340015,1.46346236925515,1.11098389514974,0.266575281506273,0.911448662524806
"LBRM_15_0730",0.0777714885289751,0.512386596321632,4.0804728567969,0.125570396937733,0.900071997253288,NA
"LBRM_15_0740",0.150548590060784,2.36802554841367,4.07009331419134,0.581811119700128,0.560693913243612,NA
"LBRM_15_0750",1.26510598128457,0.0479214380998385,1.96451570171577,0.0243935123847495,0.980538723154467,0.994222666692539
"LBRM_15_0760",2.35334411995394,1.34320371827046,1.5795099516251,0.850392691029571,0.395106798341615,0.97845571662501
"LBRM_15_0770",0.106620929128686,0.512386596321632,4.0804728567969,0.125570396937733,0.900071997253288,NA
"LBRM_15_0790",0.339935394715612,-1.21155545015764,3.981790425827,-0.304274037704033,0.760919122927854,NA
"LBRM_15_0800",0,NA,NA,NA,NA,NA
"LBRM_15_0810",0,NA,NA,NA,NA,NA
"LBRM_15_0820",1.71598822683597,0.0919249959654852,1.71894724240205,0.0534774969806693,0.957351459796208,0.991984329142841
"LBRM_15_0830",0,NA,NA,NA,NA,NA
"LBRM_15_0840",0,NA,NA,NA,NA,NA
"LBRM_15_0850",0.150548590060784,2.36802554841367,4.07009331419134,0.581811119700128,0.560693913243612,NA
"LBRM_15_0860",0,NA,NA,NA,NA,NA
"LBRM_15_0870",0,NA,NA,NA,NA,NA
"LBRM_15_0880",0.63711107499014,1.50505814136872,3.01048876571126,0.499938135797406,0.617118638607064,NA
"LBRM_15_0890",0.563261086308205,0.645934811827879,3.09383345573238,0.208781377882854,0.834618909276328,NA
"LBRM_15_0900",0.569600369194135,2.56902019336441,3.72121552354445,0.690371244855345,0.489960754983094,NA
"LBRM_15_0910",0.301097180121568,2.94536147983492,4.04378005220696,0.728368368657302,0.466388120880344,NA
"LBRM_15_0920",0,NA,NA,NA,NA,NA
"LBRM_15_0930",0,NA,NA,NA,NA,NA
"LBRM_15_0940",0.228320078589759,1.40625154395371,4.07009308958569,0.345508447350244,0.729712160779994,NA
"LBRM_15_0950",2.84665937176173,1.47871433450783,1.35028317618149,1.09511424017704,0.273466590778808,0.911448662524806
"LBRM_15_0960",0.378868668650543,1.9850001311204,3.95440054501736,0.501972450317799,0.615686900261154,NA
"LBRM_15_0970",0,NA,NA,NA,NA,NA
"LBRM_15_0980",0.411772022218717,0.753590502948088,3.52106034620548,0.214023739684043,0.830528544494832,NA
"LBRM_15_0990",0.331959981900109,1.61408529533901,4.06349235823931,0.397216274337571,0.691207982142509,NA
"LBRM_15_1000",0,NA,NA,NA,NA,NA
"LBRM_15_1010",0,NA,NA,NA,NA,NA
"LBRM_15_1020",0,NA,NA,NA,NA,NA
"LBRM_15_1030",0.450678105542845,3.32271092996418,4.01688493769328,0.827185986530216,0.408131653169535,NA
"LBRM_15_1040",0.453659131361182,2.18767694246641,3.40299717706313,0.642867692401212,0.520309954570993,NA
"LBRM_15_1050",0.10866148091832,0.512386596321631,4.0804728567969,0.125570396937733,0.900071997253288,NA
"LBRM_15_1060",0,NA,NA,NA,NA,NA
"LBRM_15_1070",0.443602488636765,-0.081680203916819,3.14727451345204,-0.0259526786010253,0.979295082729114,NA
"LBRM_15_1080",0.569600369194135,2.56902019336441,3.72121552354445,0.690371244855345,0.489960754983094,NA
"LBRM_15_1090",0,NA,NA,NA,NA,NA
"LBRM_15_1100",0,NA,NA,NA,NA,NA
"LBRM_15_1110",0.150548590060784,2.36802554841367,4.07009331419134,0.581811119700128,0.560693913243612,NA
"LBRM_15_1120",0.7426591169687,0.956365579389753,2.79349882909822,0.342354029086342,0.732084479944324,NA
"LBRM_15_1130",0.184392417657661,-0.322972510444289,4.04440056163657,-0.0798567069513009,0.936351222660643,NA
"LBRM_15_1140",0.555217804762618,-1.91032541638644,3.05132691664185,-0.626063830121768,0.53127307525077,NA
"LBRM_15_1150",0,NA,NA,NA,NA,NA
"LBRM_15_1160",0.228320078589759,1.40625154395371,4.07009308958569,0.345508447350244,0.729712160779994,NA
"LBRM_15_1170",0.948469037844679,2.9337131034358,2.65229440333641,1.10610386982131,0.268681563942234,0.911448662524806
"LBRM_15_1180",0,NA,NA,NA,NA,NA
"LBRM_15_1190",0,NA,NA,NA,NA,NA
"LBRM_15_1200",0,NA,NA,NA,NA,NA
"LBRM_15_1210",0,NA,NA,NA,NA,NA
"LBRM_15_1220",1.04613340200988,0.821078371700173,2.54677745340182,0.322398947973812,0.747150481109318,0.97845571662501
"LBRM_15_1230",0.378868668650543,1.9850001311204,3.95440054501736,0.501972450317799,0.615686900261154,NA
"LBRM_15_1240",0,NA,NA,NA,NA,NA
"LBRM_15_1250",0.106620929128686,0.512386596321632,4.0804728567969,0.125570396937733,0.900071997253288,NA
"LBRM_15_1260",0.184392417657661,-0.322972510444289,4.04440056163657,-0.0798567069513009,0.936351222660643,NA
"LBRM_15_1270",0.334941007718446,0.571059908719948,3.80738004106996,0.14998762996075,0.880774374718182,NA
"LBRM_15_1280",0,NA,NA,NA,NA,NA
"LBRM_15_1290",0.0777714885289751,0.512386596321632,4.0804728567969,0.125570396937733,0.900071997253288,NA
"LBRM_15_1300",0,NA,NA,NA,NA,NA
"LBRM_15_1310",0,NA,NA,NA,NA,NA
"LBRM_15_1320",0.228320078589759,1.40625154395371,4.07009308958569,0.345508447350244,0.729712160779994,NA
"LBRM_15_1330",0.484549123750526,2.18815698437253,3.32455332860874,0.658180744325201,0.510421996464077,NA
"LBRM_15_1340",0.186432969447295,-0.33622145367943,4.04316669949863,-0.083157949861707,0.933725948031842,NA
"LBRM_15_1350",0,NA,NA,NA,NA,NA
"LBRM_15_1360",0.334000533689742,1.61408529533901,4.06349235823931,0.397216274337571,0.691207982142509,NA
"LBRM_15_1370",0,NA,NA,NA,NA,NA
"LBRM_15_1380",0.217322961836639,-0.533674641665669,4.02601547254019,-0.132556530223405,0.894544112800906,NA
"LBRM_15_1390",0,NA,NA,NA,NA,NA
"LBRM_15_1400",0.10866148091832,0.512386596321631,4.0804728567969,0.125570396937733,0.900071997253288,NA
"LBRM_15_1410",0.186432969447295,-0.33622145367943,4.04316669949863,-0.083157949861707,0.933725948031842,NA
"LBRM_15_1420",0.295094450365614,-0.991002081466368,3.99402597456254,-0.248121090793585,0.804040717664925,NA
"LBRM_15_1430",0.150548590060784,2.36802554841367,4.07009331419134,0.581811119700128,0.560693913243612,NA
"LBRM_15_1440",0,NA,NA,NA,NA,NA
"LBRM_15_1450",0,NA,NA,NA,NA,NA
"LBRM_15_1460",0.150548590060784,2.36802554841367,4.07009331419134,0.581811119700128,0.560693913243612,NA
"LBRM_15_1470",0.331959981900109,1.61408529533901,4.06349235823931,0.397216274337571,0.691207982142509,NA
"LBRM_15_1480",0,NA,NA,NA,NA,NA
"LBRM_15_1490",1.20469808300545,3.32172419149831,2.30848884542242,1.43891715053554,0.150173997681913,0.824895983305218
"LBRM_15_1500",0,NA,NA,NA,NA,NA
"LBRM_15_1510",0,NA,NA,NA,NA,NA
"LBRM_15_1520",0.967057695711419,1.99089227839874,2.40378814348866,0.828231174944278,0.407539591776243,0.97845571662501
"LBRM_15_1530",0,NA,NA,NA,NA,NA
"LBRM_15_1540",0,NA,NA,NA,NA,NA
"LBRM_15_1550",0.106620929128686,0.512386596321632,4.0804728567969,0.125570396937733,0.900071997253288,NA
"LBRM_15_1560",0.150548590060784,2.36802554841367,4.07009331419134,0.581811119700128,0.560693913243612,NA
"LBRM_15_1570",0.481527419812909,-1.70016177700513,3.53050287024041,-0.481563629741322,0.630115968152118,NA
"LBRM_15_1580",12.2641928101578,2.08922588024049,0.703938559428498,2.96790941802742,0.00299832676211905,0.0972414183630986
"LBRM_15_rRNA1",4.53402944622603,-1.83893892679399,1.33223590027715,-1.38034031841615,0.167481886559043,0.85012957607818
"LBRM_15_tRNA1",0,NA,NA,NA,NA,NA
"LBRM_15_tRNA2",4.1979466067659,-0.48721326862474,1.20562647227883,-0.404116266378779,0.68612722390339,0.97845571662501
"LBRM_16_0010",0,NA,NA,NA,NA,NA
"LBRM_16_0020",0.228320078589759,1.40625154395371,4.07009308958569,0.345508447350244,0.729712160779994,NA
"LBRM_16_0030",0.225339052771423,2.57585470100848,4.06349269559957,0.633901644218018,0.526145012480435,NA
"LBRM_16_0040",0.225339052771423,2.57585470100848,4.06349269559957,0.633901644218018,0.526145012480435,NA
"LBRM_16_0050",0.228320078589759,1.40625154395371,4.07009308958569,0.345508447350244,0.729712160779994,NA
"LBRM_16_0060",0,NA,NA,NA,NA,NA
"LBRM_16_0070",0.407718109250254,1.98689895994212,3.84338000175693,0.516966565635935,0.605179498552988,NA
"LBRM_16_0080",0,NA,NA,NA,NA,NA
"LBRM_16_0090",0.301097180121568,2.94536147983492,4.04378005220696,0.728368368657302,0.466388120880344,NA
"LBRM_16_0100",0.10866148091832,0.512386596321631,4.0804728567969,0.125570396937733,0.900071997253288,NA
"LBRM_16_0110",0.215282410047006,-0.521705569758801,4.02699186999459,-0.129552178549469,0.896920740266371,NA
"LBRM_16_0120",0.106620929128686,0.512386596321632,4.0804728567969,0.125570396937733,0.900071997253288,NA
"LBRM_16_0130",0,NA,NA,NA,NA,NA
"LBRM_16_0140",0,NA,NA,NA,NA,NA
"LBRM_16_0150",0.569600369194135,2.56902019336441,3.72121552354445,0.690371244855345,0.489960754983094,NA
"LBRM_16_0160",0.150548590060784,2.36802554841367,4.07009331419134,0.581811119700128,0.560693913243612,NA
"LBRM_16_0170",0.331959981900109,1.61408529533901,4.06349235823931,0.397216274337571,0.691207982142509,NA
"LBRM_16_0180",1.14842840943146,-0.694321616341369,2.05405765019824,-0.338024405631633,0.735344796133263,0.97845571662501
"LBRM_16_0190",0.225339052771423,2.57585470100848,4.06349269559957,0.633901644218018,0.526145012480435,NA
"LBRM_16_0200",0,NA,NA,NA,NA,NA
"LBRM_16_0210",0,NA,NA,NA,NA,NA
"LBRM_16_0220",0.106620929128686,0.512386596321632,4.0804728567969,0.125570396937733,0.900071997253288,NA
"LBRM_16_0230",0.0777714885289751,0.512386596321632,4.0804728567969,0.125570396937733,0.900071997253288,NA
"LBRM_16_0240",0.225339052771423,2.57585470100848,4.06349269559957,0.633901644218018,0.526145012480435,NA
"LBRM_16_0250",0.0777714885289751,0.512386596321632,4.0804728567969,0.125570396937733,0.900071997253288,NA
"LBRM_16_0260",0,NA,NA,NA,NA,NA
"LBRM_16_0270",0,NA,NA,NA,NA,NA
"LBRM_16_0280",0,NA,NA,NA,NA,NA
"LBRM_16_0290",0.150548590060784,2.36802554841367,4.07009331419134,0.581811119700128,0.560693913243612,NA
"LBRM_16_0300",0,NA,NA,NA,NA,NA
"LBRM_16_0310",0.41974743503422,-1.51608762947676,3.74232332035127,-0.405119360273354,0.68538977616524,NA
"LBRM_16_0320",0,NA,NA,NA,NA,NA
"LBRM_16_0330",0.150548590060784,2.36802554841367,4.07009331419134,0.581811119700128,0.560693913243612,NA
"LBRM_16_0340",0,NA,NA,NA,NA,NA
"LBRM_16_0350",0,NA,NA,NA,NA,NA
"LBRM_16_0360",0,NA,NA,NA,NA,NA
"LBRM_16_0370",0.979359030234023,2.93120269249755,2.62627421494273,1.11610686950352,0.264376392030046,0.911448662524806
"LBRM_16_0380",0,NA,NA,NA,NA,NA
"LBRM_16_0390",0.549282943736748,-0.0258016479116078,3.14342165408712,-0.00820814092123472,0.993450924625241,NA
"LBRM_16_0400",0.453659131361182,2.18767694246641,3.40299717706313,0.642867692401212,0.520309954570993,NA
"LBRM_16_0410",0,NA,NA,NA,NA,NA
"LBRM_16_0420",0.15554297705795,-0.121015899195086,4.06395245618752,-0.0297778826154414,0.976244198059474,NA
"LBRM_16_0430",0,NA,NA,NA,NA,NA
"LBRM_16_0440",0.407718109250254,1.98689895994212,3.84338000175693,0.516966565635935,0.605179498552988,NA
"LBRM_16_0450",1.13920073838827,4.32272944599793,3.98264050920487,1.08539282820205,0.277747707443976,0.911448662524806
"LBRM_16_0460",861.559784167122,-2.06626363576115,0.296444451597321,-6.9701545251651,3.16593051424804e-12,1.26953813621346e-09
"LBRM_16_0470",2573.69197160371,-0.729382779481089,0.244158357258551,-2.98733489064522,0.00281421260581072,0.0972414183630986
"LBRM_16_0480",0.150548590060784,2.36802554841367,4.07009331419134,0.581811119700128,0.560693913243612,NA
"LBRM_16_0490",0,NA,NA,NA,NA,NA
"LBRM_16_0500",0.794939421965558,3.66299337614718,3.01117239705661,1.21646750605436,0.223806881932692,NA
"LBRM_16_0510",0,NA,NA,NA,NA,NA
"LBRM_16_0520",0.569600369194135,2.56902019336441,3.72121552354445,0.690371244855345,0.489960754983094,NA
"LBRM_16_0530",1.0816268470448,-0.262001936858877,2.41490944139326,-0.108493483179111,0.913604249671982,0.97845571662501
"LBRM_16_0540",0.225339052771423,2.57585470100848,4.06349269559957,0.633901644218018,0.526145012480435,NA
"LBRM_16_0550",0,NA,NA,NA,NA,NA
"LBRM_16_0560",0.186432969447295,-0.33622145367943,4.04316669949863,-0.083157949861707,0.933725948031842,NA
"LBRM_16_0570",1.24152293642066,1.04216670678265,2.06519452267894,0.504633677524367,0.613816151398165,0.97845571662501
"LBRM_16_0580",0.10866148091832,0.512386596321631,4.0804728567969,0.125570396937733,0.900071997253288,NA
"LBRM_16_0590",0.217322961836639,-0.533674641665669,4.02601547254019,-0.132556530223405,0.894544112800906,NA
"LBRM_16_0600",0.945488012026342,4.03915708245817,2.63014996729183,1.53571360290803,0.124608637341088,0.786201095137236
"LBRM_16_0610",0.482508571960893,2.18812578744307,3.32949496545596,0.657194502513212,0.51105586000068,NA
"LBRM_16_0620",0.150548590060784,2.36802554841367,4.07009331419134,0.581811119700128,0.560693913243612,NA
"LBRM_16_0630",0.150548590060784,2.36802554841367,4.07009331419134,0.581811119700128,0.560693913243612,NA
"LBRM_16_0640",0.225339052771423,2.57585470100848,4.06349269559957,0.633901644218018,0.526145012480435,NA
"LBRM_16_0650",0.0777714885289751,0.512386596321632,4.0804728567969,0.125570396937733,0.900071997253288,NA
"LBRM_16_0660",0.150548590060784,2.36802554841367,4.07009331419134,0.581811119700128,0.560693913243612,NA
"LBRM_16_0670",0.10866148091832,0.512386596321631,4.0804728567969,0.125570396937733,0.900071997253288,NA
"LBRM_16_0680",0.569600369194135,2.56902019336441,3.72121552354445,0.690371244855345,0.489960754983094,NA
"LBRM_16_0690",0.25716951918947,1.40625154395371,4.07009308958569,0.345508447350243,0.729712160779994,NA
"LBRM_16_0700",0.228320078589759,1.40625154395371,4.07009308958569,0.345508447350244,0.729712160779994,NA
"LBRM_16_0710",0,NA,NA,NA,NA,NA
"LBRM_16_0720",1.80814227979646,2.15005626752966,1.80621909959097,1.19036293438407,0.233903774756769,0.901878977667925
"LBRM_16_0730",0.75603333864143,0.731184174954886,2.91540136064613,0.250800519209758,0.801968340132756,NA
"LBRM_16_0740",0,NA,NA,NA,NA,NA
"LBRM_16_0750",0,NA,NA,NA,NA,NA
"LBRM_16_0760",0,NA,NA,NA,NA,NA
"LBRM_16_0770",2.12236144019746,-0.415004654942925,1.60529223659265,-0.258522806927542,0.796003449628093,0.97845571662501
"LBRM_16_0780",15.2814886688907,-0.908242782791189,0.718775125574953,-1.26359796057867,0.206374365975721,0.898195964048256
"LBRM_16_0790",5265.63244118221,-1.79033989108581,0.296555389718189,-6.03711803311731,1.5689096654603e-09,3.1456638792479e-07
"LBRM_16_0800",0,NA,NA,NA,NA,NA
"LBRM_16_0810",0.225339052771423,2.57585470100848,4.06349269559957,0.633901644218018,0.526145012480435,NA
"LBRM_16_0820",0,NA,NA,NA,NA,NA
"LBRM_16_0830",0,NA,NA,NA,NA,NA
"LBRM_16_0840",0,NA,NA,NA,NA,NA
"LBRM_16_0850",0.0777714885289751,0.512386596321632,4.0804728567969,0.125570396937733,0.900071997253288,NA
"LBRM_16_0860",0.569600369194135,2.56902019336441,3.72121552354445,0.690371244855345,0.489960754983094,NA
"LBRM_16_0870",0.225339052771423,2.57585470100848,4.06349269559957,0.633901644218018,0.526145012480435,NA
"LBRM_16_0880",0.150548590060784,2.36802554841367,4.07009331419134,0.581811119700128,0.560693913243612,NA
"LBRM_16_0890",1.27037237702037,0.95924822611146,2.05429667432199,0.466947271103407,0.640537603716048,0.97845571662501
"LBRM_16_0900",0.697790982007899,0.5871462862096,2.68084722141043,0.219015198449352,0.826638208521183,NA
"LBRM_16_0910",0.259210070979104,1.40625154395371,4.07009308958569,0.345508447350243,0.729712160779994,NA
"LBRM_16_0920",0.228320078589759,1.40625154395371,4.07009308958569,0.345508447350244,0.729712160779994,NA
"LBRM_16_0930",0.443602488636765,-0.081680203916819,3.14727451345204,-0.0259526786010253,0.979295082729114,NA
"LBRM_16_0940",0.150548590060784,2.36802554841367,4.07009331419134,0.581811119700128,0.560693913243612,NA
"LBRM_16_0950",0.484549123750526,2.18815698437253,3.32455332860874,0.658180744325201,0.510421996464077,NA
"LBRM_16_0960",0.150548590060784,2.36802554841367,4.07009331419134,0.581811119700128,0.560693913243612,NA
"LBRM_16_0970",0.0777714885289751,0.512386596321632,4.0804728567969,0.125570396937733,0.900071997253288,NA
"LBRM_16_0980",0.106620929128686,0.512386596321632,4.0804728567969,0.125570396937733,0.900071997253288,NA
"LBRM_16_0990",0.681979209950941,1.90987309807228,2.91583686845847,0.654999982588867,0.512467765269221,NA
"LBRM_16_1000",0,NA,NA,NA,NA,NA
"LBRM_16_1010",0,NA,NA,NA,NA,NA
"LBRM_16_1020",0.106620929128686,0.512386596321632,4.0804728567969,0.125570396937733,0.900071997253288,NA
"LBRM_16_1030",0,NA,NA,NA,NA,NA
"LBRM_16_1040",0.150548590060784,2.36802554841367,4.07009331419134,0.581811119700128,0.560693913243612,NA
"LBRM_16_1050",0,NA,NA,NA,NA,NA
"LBRM_16_1060",0,NA,NA,NA,NA,NA
"LBRM_16_1070",0,NA,NA,NA,NA,NA
"LBRM_16_1080",1.31131901213413,2.32455516048839,2.10047578503614,1.1066802945545,0.268432177990434,0.911448662524806
"LBRM_16_1090",0.106620929128686,0.512386596321632,4.0804728567969,0.125570396937733,0.900071997253288,NA
"LBRM_16_1100",0.372865938894589,-1.33443373612058,3.91130706876304,-0.341173350151359,0.73297308449078,NA
"LBRM_16_1110",0.850380123858316,0.980208526116344,2.48241340943566,0.394861114748481,0.692945388878593,NA
"LBRM_16_1120",4.93830408401308,-1.61789249899864,1.14567758460239,-1.41217085918647,0.15789965863275,0.827298504164284
"LBRM_16_1130",3.18500227016516,-0.906420519660432,1.35668069825772,-0.668116323040846,0.50405934314644,0.97845571662501
"LBRM_16_1140",6.23443615576292,0.242064773029587,0.924903358215133,0.261718990291829,0.793538098583699,0.97845571662501
"LBRM_16_1150",2.13649918650114,0.137716046699277,1.56559072510743,0.0879642709238889,0.929905073698135,0.983459365169361
"LBRM_16_1160",3.8946700368745,-1.28781220854996,1.28881647602841,-0.999220783178105,0.31768775010031,0.939506005256609
"LBRM_16_1170",4.8051353540062,-0.203611343169798,1.10166394466215,-0.184821645617385,0.85336892959165,0.97845571662501
"LBRM_16_1180",0.370825387104956,-1.32784186481398,3.58695565306301,-0.370186306507606,0.711243678831557,NA
"LBRM_16_1190",1.2680870071029,-0.228088681784195,1.9542277737744,-0.11671550514486,0.907085502927618,0.97845571662501
"LBRM_16_1200",1.91251851712696,2.45108340554153,1.81083029422813,1.35356880948709,0.175873983445939,0.881568342022769
"LBRM_16_1210",0.259210070979104,1.40625154395371,4.07009308958569,0.345508447350243,0.729712160779994,NA
"LBRM_16_1220",2.36609629224958,-0.348613450332978,1.50442922297347,-0.231724726567031,0.816751825021048,0.97845571662501
"LBRM_16_1230",1.50274636857859,0.564016741777423,1.82521061288008,0.309014607847056,0.757310414830612,0.97845571662501
"LBRM_16_1240",0,NA,NA,NA,NA,NA
"LBRM_16_1250",0.966989826981335,-1.27919185186097,2.33419285613232,-0.548023205751965,0.583675968909979,0.97845571662501
"LBRM_16_1260",1.79882197109219,1.40521242804271,1.66798181491148,0.842462678837591,0.399529021579163,0.97845571662501
"LBRM_16_1270",0.671922567226524,0.173530861126921,2.67940922036572,0.0647645980345007,0.948361428923766,NA
"LBRM_16_1280",0.150548590060784,2.36802554841367,4.07009331419134,0.581811119700128,0.560693913243612,NA
"LBRM_16_1290",1.4223501747066,-1.37294794552496,2.03869831506491,-0.673443410130668,0.500665239315598,0.97845571662501
"LBRM_16_1300",0.10866148091832,0.512386596321631,4.0804728567969,0.125570396937733,0.900071997253288,NA
"LBRM_16_1310",0.829478905463304,-0.986883393874701,2.50856840327232,-0.393405016417872,0.694020365182324,NA
"LBRM_16_1320",3.13942755849674,0.801657615703848,1.45401773925494,0.551339639167421,0.581400870229546,0.97845571662501
"LBRM_16_1330",0.150548590060784,2.36802554841367,4.07009331419134,0.581811119700128,0.560693913243612,NA
"LBRM_16_1340",0.409731470429084,0.766215052256748,3.52755227934135,0.21720870212016,0.828045703264168,NA
"LBRM_16_1350",0.10866148091832,0.512386596321631,4.0804728567969,0.125570396937733,0.900071997253288,NA
"LBRM_16_1360",0,NA,NA,NA,NA,NA
"LBRM_16_1370",0,NA,NA,NA,NA,NA
"LBRM_16_1380",0.725143346252086,0.936588340422912,3.1747934175532,0.295007648448742,0.767988036978739,NA
"LBRM_16_1390",2.25947536312089,-0.219748274678715,1.55710600598773,-0.141126085079429,0.887770336963929,0.97845571662501
"LBRM_16_1400",0.710760781820568,-2.27125966742868,2.78794622540265,-0.8146712611362,0.415260507932568,NA
"LBRM_16_1410",0.10866148091832,0.512386596321631,4.0804728567969,0.125570396937733,0.900071997253288,NA
"LBRM_16_1420",0,NA,NA,NA,NA,NA
"LBRM_16_1430",0.225339052771423,2.57585470100848,4.06349269559957,0.633901644218018,0.526145012480435,NA
"LBRM_16_1440",0.709888176521949,2.7028098098096,2.89593850703885,0.933310497871474,0.350659676482764,NA
"LBRM_16_1450",0,NA,NA,NA,NA,NA
"LBRM_16_1460",0,NA,NA,NA,NA,NA
"LBRM_16_1470",0.10866148091832,0.512386596321631,4.0804728567969,0.125570396937733,0.900071997253288,NA
"LBRM_16_1480",1.20429366114538,0.231209677788604,2.30868871204864,0.100147619114678,0.920227130744123,0.97845571662501
"LBRM_16_1490",0.10866148091832,0.512386596321631,4.0804728567969,0.125570396937733,0.900071997253288,NA
"LBRM_16_1500",0.378868668650543,1.9850001311204,3.95440054501736,0.501972450317799,0.615686900261154,NA
"LBRM_16_1501",0.215282410047006,-0.521705569758801,4.02699186999459,-0.129552178549469,0.896920740266371,NA
"LBRM_16_1510",0.10866148091832,0.512386596321631,4.0804728567969,0.125570396937733,0.900071997253288,NA
"LBRM_16_1520",0.228320078589759,1.40625154395371,4.07009308958569,0.345508447350244,0.729712160779994,NA
"LBRM_16_1530",0.47449248102611,-0.213135733769991,3.32049635102842,-0.0641879138653408,0.94882060088783,NA
"LBRM_16_1540",0.0777714885289751,0.512386596321632,4.0804728567969,0.125570396937733,0.900071997253288,NA
"LBRM_16_1550",0,NA,NA,NA,NA,NA
"LBRM_16_1560",0,NA,NA,NA,NA,NA
"LBRM_16_1570",0,NA,NA,NA,NA,NA
"LBRM_16_1580",1.05786685278315,2.55139045878183,2.4744336505564,1.03110077661938,0.30249356366015,0.939506005256609
"LBRM_16_1590",1.65333563675866,3.86981783121592,2.07548925775913,1.86453281641847,0.0622469175679446,0.723182816206057
"LBRM_16_1600",1.18328057978713,0.645161991466481,2.05449846704629,0.314024080238919,0.753502749790523,0.97845571662501
"LBRM_16_1610",0.905304901543534,3.12973291150751,2.65185638395554,1.18020452783312,0.237918878640534,NA
"LBRM_16_1620",0.25716951918947,1.40625154395371,4.07009308958569,0.345508447350243,0.729712160779994,NA
"LBRM_16_1630",0,NA,NA,NA,NA,NA
"LBRM_16_1640",0.225339052771423,2.57585470100848,4.06349269559957,0.633901644218018,0.526145012480435,NA
"LBRM_16_1650",0,NA,NA,NA,NA,NA
"LBRM_16_1660",0,NA,NA,NA,NA,NA
"LBRM_16_1670",0.150548590060784,2.36802554841367,4.07009331419134,0.581811119700128,0.560693913243612,NA
"LBRM_16_1680",0,NA,NA,NA,NA,NA
"LBRM_16_1690",0.829546774193388,2.97830239443326,2.72089918078124,1.0946022607049,0.273690924750375,NA
"LBRM_16_1700",0,NA,NA,NA,NA,NA
"LBRM_16_1710",0.10866148091832,0.512386596321631,4.0804728567969,0.125570396937733,0.900071997253288,NA
"LBRM_16_1720",0.301097180121568,2.94536147983492,4.04378005220696,0.728368368657302,0.466388120880344,NA
"LBRM_16_tRNA1",3.0284916284677,-0.886635344468161,1.37431542770538,-0.645146904847403,0.518831990097594,0.97845571662501
"LBRM_17_0010",0,NA,NA,NA,NA,NA
"LBRM_17_0020",0.0777714885289751,0.512386596321632,4.0804728567969,0.125570396937733,0.900071997253288,NA
"LBRM_17_0030",0,NA,NA,NA,NA,NA
"LBRM_17_0040",0,NA,NA,NA,NA,NA
"LBRM_17_0050",0,NA,NA,NA,NA,NA
"LBRM_17_0060",0.0777714885289751,0.512386596321632,4.0804728567969,0.125570396937733,0.900071997253288,NA
"LBRM_17_0070",0.150548590060784,2.36802554841367,4.07009331419134,0.581811119700128,0.560693913243612,NA
"LBRM_17_0080",0.106620929128686,0.512386596321632,4.0804728567969,0.125570396937733,0.900071997253288,NA
"LBRM_17_0090",11.0418903501343,-0.207572401348082,0.775655620615268,-0.267608969536546,0.789000326024987,0.97845571662501
"LBRM_17_0100",0,NA,NA,NA,NA,NA
"LBRM_17_0110",0,NA,NA,NA,NA,NA
"LBRM_17_0120",0,NA,NA,NA,NA,NA
"LBRM_17_0130",0,NA,NA,NA,NA,NA
"LBRM_17_0140",0.647371857723111,1.59621171071338,3.3100321613617,0.482234501932067,0.629639369888605,NA
"LBRM_17_0150",0,NA,NA,NA,NA,NA
"LBRM_17_0160",0,NA,NA,NA,NA,NA
"LBRM_17_0170",0.150548590060784,2.36802554841367,4.07009331419134,0.581811119700128,0.560693913243612,NA
"LBRM_17_0180",0.0777714885289751,0.512386596321632,4.0804728567969,0.125570396937733,0.900071997253288,NA
"LBRM_17_0190",0.676221298322822,1.59462830001721,3.26104804272725,0.488992581257285,0.624846949119947,NA
"LBRM_17_0200",0,NA,NA,NA,NA,NA
"LBRM_17_0210",0,NA,NA,NA,NA,NA
"LBRM_17_0220",0.451645770182352,3.36570143917267,3.99693293608688,0.842071031211195,0.39974819525179,NA
"LBRM_17_0230",0.569600369194135,2.56902019336441,3.72121552354445,0.690371244855345,0.489960754983094,NA
"LBRM_17_0240",0.826769888383606,2.44990725715277,2.80329475323734,0.873938516213301,0.38215173783949,NA
"LBRM_17_0250",0.569600369194135,2.56902019336441,3.72121552354445,0.690371244855345,0.489960754983094,NA
"LBRM_17_0260",0.150548590060784,2.36802554841367,4.07009331419134,0.581811119700128,0.560693913243612,NA
"LBRM_17_0270",0,NA,NA,NA,NA,NA
"LBRM_17_0280",0,NA,NA,NA,NA,NA
"LBRM_17_0290",0.10866148091832,0.512386596321631,4.0804728567969,0.125570396937733,0.900071997253288,NA
"LBRM_17_0300",0.0777714885289751,0.512386596321632,4.0804728567969,0.125570396937733,0.900071997253288,NA
"LBRM_17_0310",0.150548590060784,2.36802554841367,4.07009331419134,0.581811119700128,0.560693913243612,NA
"LBRM_17_0320",0,NA,NA,NA,NA,NA
"LBRM_17_0330",0.25716951918947,1.40625154395371,4.07009308958569,0.345508447350243,0.729712160779994,NA
"LBRM_17_0340",0,NA,NA,NA,NA,NA
"LBRM_17_0350",0,NA,NA,NA,NA,NA
"LBRM_17_0360",0.225339052771423,2.57585470100848,4.06349269559957,0.633901644218018,0.526145012480435,NA
"LBRM_17_0370",0.150548590060784,2.36802554841367,4.07009331419134,0.581811119700128,0.560693913243612,NA
"LBRM_17_0380",0.0777714885289751,0.512386596321632,4.0804728567969,0.125570396937733,0.900071997253288,NA
"LBRM_17_0390",0.0777714885289751,0.512386596321632,4.0804728567969,0.125570396937733,0.900071997253288,NA
"LBRM_17_0400",0,NA,NA,NA,NA,NA
"LBRM_17_0410",0.63711107499014,1.50505814136872,3.01048876571126,0.499938135797406,0.617118638607064,NA
"LBRM_17_0420",0.375887642832207,3.14688176220709,3.93733525674645,0.799241506502413,0.42415038880027,NA
"LBRM_17_0430",0.106620929128686,0.512386596321632,4.0804728567969,0.125570396937733,0.900071997253288,NA
"LBRM_17_0440",0,NA,NA,NA,NA,NA
"LBRM_17_0450",1.69854032484944,3.77574654743003,2.22889604200409,1.69399849803452,0.09026556845395,0.786201095137236
"LBRM_17_0460",0,NA,NA,NA,NA,NA
"LBRM_17_0470",0.184392417657661,-0.322972510444289,4.04440056163657,-0.0798567069513009,0.936351222660643,NA
"LBRM_17_0480",0.106620929128686,0.512386596321632,4.0804728567969,0.125570396937733,0.900071997253288,NA
"LBRM_17_0490",0.106620929128686,0.512386596321632,4.0804728567969,0.125570396937733,0.900071997253288,NA
"LBRM_17_0500",0.933390817512292,1.4428076960505,2.66688908845269,0.541007761551723,0.588502232969668,NA
"LBRM_17_0510",0.569600369194135,2.56902019336441,3.72121552354445,0.690371244855345,0.489960754983094,NA
"LBRM_17_0520",0.150548590060784,2.36802554841367,4.07009331419134,0.581811119700128,0.560693913243612,NA
"LBRM_17_0530",0.184392417657661,-0.322972510444289,4.04440056163657,-0.0798567069513009,0.936351222660643,NA
"LBRM_17_0540",0.10866148091832,0.512386596321631,4.0804728567969,0.125570396937733,0.900071997253288,NA
"LBRM_17_0550",0,NA,NA,NA,NA,NA
"LBRM_17_0560",0.828810440173239,2.44968735264397,2.80114695481242,0.874530109330881,0.381829630473633,NA
"LBRM_17_0570",0.10866148091832,0.512386596321631,4.0804728567969,0.125570396937733,0.900071997253288,NA
"LBRM_17_0580",0.303110541300398,1.61408529533901,4.06349235823931,0.397216274337571,0.691207982142509,NA
"LBRM_17_0590",0,NA,NA,NA,NA,NA
"LBRM_17_0600",0.10866148091832,0.512386596321631,4.0804728567969,0.125570396937733,0.900071997253288,NA
"LBRM_17_0610",0,NA,NA,NA,NA,NA
"LBRM_17_0620",0.225339052771423,2.57585470100848,4.06349269559957,0.633901644218018,0.526145012480435,NA
"LBRM_17_0630",0,NA,NA,NA,NA,NA
"LBRM_17_0640",0,NA,NA,NA,NA,NA
"LBRM_17_0650",0,NA,NA,NA,NA,NA
"LBRM_17_0660",0,NA,NA,NA,NA,NA
"LBRM_17_0670",0.334000533689742,1.61408529533901,4.06349235823931,0.397216274337571,0.691207982142509,NA
"LBRM_17_0680",1.20467089239464,2.31823431693568,2.30963667835482,1.00372250694728,0.315512385451414,0.939506005256609
"LBRM_17_0690",1.08366739883444,-0.270919200400056,2.24624213820251,-0.120609971557586,0.903999970345053,0.97845571662501
"LBRM_17_0700",0,NA,NA,NA,NA,NA
"LBRM_17_0710",0.184392417657661,-0.322972510444289,4.04440056163657,-0.0798567069513009,0.936351222660643,NA
"LBRM_17_0720",0.150548590060784,2.36802554841367,4.07009331419134,0.581811119700128,0.560693913243612,NA
"LBRM_17_0730",2.15947921312525,5.30038312908434,3.75446367634728,1.41175506969908,0.158022092134568,0.827298504164284
"LBRM_17_0740",0,NA,NA,NA,NA,NA
"LBRM_17_0750",0.259210070979104,1.40625154395371,4.07009308958569,0.345508447350243,0.729712160779994,NA
"LBRM_17_0760",0.0777714885289751,0.512386596321632,4.0804728567969,0.125570396937733,0.900071997253288,NA
"LBRM_17_0770",0.10866148091832,0.512386596321631,4.0804728567969,0.125570396937733,0.900071997253288,NA
"LBRM_17_0780",0.106620929128686,0.512386596321632,4.0804728567969,0.125570396937733,0.900071997253288,NA
"LBRM_17_0790",0,NA,NA,NA,NA,NA
"LBRM_17_0800",0,NA,NA,NA,NA,NA
"LBRM_17_0810",0.150548590060784,2.36802554841367,4.07009331419134,0.581811119700128,0.560693913243612,NA
"LBRM_17_0820",0.0777714885289751,0.512386596321632,4.0804728567969,0.125570396937733,0.900071997253288,NA
"LBRM_17_0830",0.150548590060784,2.36802554841367,4.07009331419134,0.581811119700128,0.560693913243612,NA
"LBRM_17_0840",0,NA,NA,NA,NA,NA
"LBRM_17_0850",0,NA,NA,NA,NA,NA
"LBRM_17_0860",0.663919963800218,1.34544607989956,3.19679559277811,0.420873352972289,0.673847564294695,NA
"LBRM_17_0870",1.53139166916975,1.2448268227361,1.86725020494613,0.666663106764534,0.504987349503817,0.97845571662501
"LBRM_17_0880",0,NA,NA,NA,NA,NA
"LBRM_17_0890",0,NA,NA,NA,NA,NA
"LBRM_17_0900",0,NA,NA,NA,NA,NA
"LBRM_17_0910",0.306091567118734,0.772849864308764,4.05352984767767,0.190660953132377,0.848791232320037,NA
"LBRM_17_0920",0,NA,NA,NA,NA,NA
"LBRM_17_0930",0.10866148091832,0.512386596321631,4.0804728567969,0.125570396937733,0.900071997253288,NA
"LBRM_17_0940",0.25716951918947,1.40625154395371,4.07009308958569,0.345508447350243,0.729712160779994,NA
"LBRM_17_0950",0.228320078589759,1.40625154395371,4.07009308958569,0.345508447350244,0.729712160779994,NA
"LBRM_17_0960",0.225339052771423,2.57585470100848,4.06349269559957,0.633901644218018,0.526145012480435,NA
"LBRM_17_0970",0,NA,NA,NA,NA,NA
"LBRM_17_0980",0.569600369194135,2.56902019336441,3.72121552354445,0.690371244855345,0.489960754983094,NA
"LBRM_17_0990",0,NA,NA,NA,NA,NA
"LBRM_17_1000",0,NA,NA,NA,NA,NA
"LBRM_17_1010",0,NA,NA,NA,NA,NA
"LBRM_17_1020",0.10866148091832,0.512386596321631,4.0804728567969,0.125570396937733,0.900071997253288,NA
"LBRM_17_1030",0.215282410047006,-0.521705569758801,4.02699186999459,-0.129552178549469,0.896920740266371,NA
"LBRM_17_1040",0.150548590060784,2.36802554841367,4.07009331419134,0.581811119700128,0.560693913243612,NA
"LBRM_17_1050",0,NA,NA,NA,NA,NA
"LBRM_17_1060",0.26420445797627,-0.845932859173047,4.00312810314672,-0.21131795870037,0.832639170313903,NA
"LBRM_17_1070",1.02325950055532,3.05921905245086,2.45641478636544,1.24540003155466,0.212984741715557,0.898195964048256
"LBRM_17_1080",0,NA,NA,NA,NA,NA
"LBRM_17_1090",0,NA,NA,NA,NA,NA
"LBRM_17_1100",1.30702028103783,0.981347311854956,1.95403786240815,0.502215095589573,0.615516225432909,0.97845571662501
"LBRM_17_1110",0,NA,NA,NA,NA,NA
"LBRM_17_1120",0.106620929128686,0.512386596321632,4.0804728567969,0.125570396937733,0.900071997253288,NA
"LBRM_17_1130",0,NA,NA,NA,NA,NA
"LBRM_17_1140",0.106620929128686,0.512386596321632,4.0804728567969,0.125570396937733,0.900071997253288,NA
"LBRM_17_1150",0,NA,NA,NA,NA,NA
"LBRM_17_1160",0,NA,NA,NA,NA,NA
"LBRM_17_1170",0.106620929128686,0.512386596321632,4.0804728567969,0.125570396937733,0.900071997253288,NA
"LBRM_17_1180",0,NA,NA,NA,NA,NA
"LBRM_17_1190",0,NA,NA,NA,NA,NA
"LBRM_17_1200",0.0777714885289751,0.512386596321632,4.0804728567969,0.125570396937733,0.900071997253288,NA
"LBRM_17_1210",0.334941007718446,0.571059908719948,3.80738004106996,0.14998762996075,0.880774374718182,NA
"LBRM_17_1220",0.753992786851797,0.742235396893765,2.91817413612435,0.25434924794431,0.799225756091841,NA
"LBRM_17_1230",0,NA,NA,NA,NA,NA
"LBRM_17_1240",0.215282410047006,-0.521705569758801,4.02699186999459,-0.129552178549469,0.896920740266371,NA
"LBRM_17_1250",0.215282410047006,-0.521705569758801,4.02699186999459,-0.129552178549469,0.896920740266371,NA
"LBRM_17_1260",0.601226695603629,3.65666645920249,3.27360907528349,1.1170137835978,0.263988431772301,NA
"LBRM_17_1270",0,NA,NA,NA,NA,NA
"LBRM_17_1280",0,NA,NA,NA,NA,NA
"LBRM_17_1290",0.375887642832207,3.14688176220709,3.93733525674645,0.799241506502413,0.42415038880027,NA
"LBRM_17_1300",0,NA,NA,NA,NA,NA
"LBRM_17_1310",0.526436232892991,3.5231320871403,3.43421411862938,1.0258917951646,0.304942590521467,NA
"LBRM_17_1320",0,NA,NA,NA,NA,NA
"LBRM_17_1330",0,NA,NA,NA,NA,NA
"LBRM_17_1340",0,NA,NA,NA,NA,NA
"LBRM_17_1350",0,NA,NA,NA,NA,NA
"LBRM_17_1360",0.225339052771423,2.57585470100848,4.06349269559957,0.633901644218018,0.526145012480435,NA
"LBRM_17_1370",0,NA,NA,NA,NA,NA
"LBRM_17_1380",0,NA,NA,NA,NA,NA
"LBRM_17_1390",0,NA,NA,NA,NA,NA
"LBRM_17_1400",0,NA,NA,NA,NA,NA
"LBRM_17_1410",0,NA,NA,NA,NA,NA
"LBRM_17_1420",0,NA,NA,NA,NA,NA
"LBRM_17_1430",0.25716951918947,1.40625154395371,4.07009308958569,0.345508447350243,0.729712160779994,NA
"LBRM_17_1440",0.0777714885289751,0.512386596321632,4.0804728567969,0.125570396937733,0.900071997253288,NA
"LBRM_17_1450",0.150548590060784,2.36802554841367,4.07009331419134,0.581811119700128,0.560693913243612,NA
"LBRM_17_1460",0,NA,NA,NA,NA,NA
"LBRM_17_1470",0,NA,NA,NA,NA,NA
"LBRM_17_1480",0,NA,NA,NA,NA,NA
"LBRM_17_1490",0.10866148091832,0.512386596321631,4.0804728567969,0.125570396937733,0.900071997253288,NA
"LBRM_17_1500",0,NA,NA,NA,NA,NA
"LBRM_17_1510",0,NA,NA,NA,NA,NA
"LBRM_17_1520",0.407718109250254,1.98689895994212,3.84338000175693,0.516966565635935,0.605179498552988,NA
"LBRM_17_1530",0,NA,NA,NA,NA,NA
"LBRM_17_1540",0,NA,NA,NA,NA,NA
"LBRM_17_1550",0.325984442754959,-1.12480235985684,3.98638640040744,-0.282160896330038,0.777820140766097,NA
"LBRM_17_1560",0,NA,NA,NA,NA,NA
"LBRM_17_1570",0.0777714885289751,0.512386596321632,4.0804728567969,0.125570396937733,0.900071997253288,NA
"LBRM_17_1580",0.10866148091832,0.512386596321631,4.0804728567969,0.125570396937733,0.900071997253288,NA
"LBRM_17_1590",0,NA,NA,NA,NA,NA
"LBRM_17_1600",0.10866148091832,0.512386596321631,4.0804728567969,0.125570396937733,0.900071997253288,NA
"LBRM_17_1610",0.225339052771423,2.57585470100848,4.06349269559957,0.633901644218018,0.526145012480435,NA
"LBRM_17_1620",0,NA,NA,NA,NA,NA
"LBRM_17_tRNA1",0.363790448318157,0.384202583767737,4.01746610834674,0.0956330615881272,0.923812006182448,NA
"LBRM_17_tRNA2",0.36583100010779,0.37730783828149,3.68378700877705,0.102423901648632,0.918420212664091,NA
"LBRM_17_tRNA3",2.18133734855556,-1.47231339120244,1.69883786858083,-0.866659154726979,0.386128791388047,0.97845571662501
"LBRM_18_0010",0,NA,NA,NA,NA,NA
"LBRM_18_0020",0.10866148091832,0.512386596321631,4.0804728567969,0.125570396937733,0.900071997253288,NA
"LBRM_18_0030",0.0777714885289751,0.512386596321632,4.0804728567969,0.125570396937733,0.900071997253288,NA
"LBRM_18_0040",0,NA,NA,NA,NA,NA
"LBRM_18_0050",0.150548590060784,2.36802554841367,4.07009331419134,0.581811119700128,0.560693913243612,NA
"LBRM_18_0060",0.569600369194135,2.56902019336441,3.72121552354445,0.690371244855345,0.489960754983094,NA
"LBRM_18_0080",0.0777714885289751,0.512386596321632,4.0804728567969,0.125570396937733,0.900071997253288,NA
"LBRM_18_0090",0.0777714885289751,0.512386596321632,4.0804728567969,0.125570396937733,0.900071997253288,NA
"LBRM_18_0100",0.225339052771423,2.57585470100848,4.06349269559957,0.633901644218018,0.526145012480435,NA
"LBRM_18_0110",0.676017158314268,3.77421191896496,3.42559546891262,1.10176813147263,0.270562488402665,NA
"LBRM_18_0120",0,NA,NA,NA,NA,NA
"LBRM_18_0130",0,NA,NA,NA,NA,NA
"LBRM_18_0140",0,NA,NA,NA,NA,NA
"LBRM_18_0150",0,NA,NA,NA,NA,NA
"LBRM_18_0160",0,NA,NA,NA,NA,NA
"LBRM_18_0170",0,NA,NA,NA,NA,NA
"LBRM_18_0180",0,NA,NA,NA,NA,NA
"LBRM_18_0190",0,NA,NA,NA,NA,NA
"LBRM_18_0200",0,NA,NA,NA,NA,NA
"LBRM_18_0210",0,NA,NA,NA,NA,NA
"LBRM_18_0220",0.150548590060784,2.36802554841367,4.07009331419134,0.581811119700128,0.560693913243612,NA
"LBRM_18_0230",0.969098247501053,1.96555936037713,2.55337465552474,0.769788858099713,0.441425150026585,0.97845571662501
"LBRM_18_0240",0.0777714885289751,0.512386596321632,4.0804728567969,0.125570396937733,0.900071997253288,NA
"LBRM_18_0250",0.331959981900109,1.61408529533901,4.06349235823931,0.397216274337571,0.691207982142509,NA
"LBRM_18_0260",0,NA,NA,NA,NA,NA
"LBRM_18_0270",0,NA,NA,NA,NA,NA
"LBRM_18_0280",0.569600369194135,2.56902019336441,3.72121552354445,0.690371244855345,0.489960754983094,NA
"LBRM_18_0290",0,NA,NA,NA,NA,NA
"LBRM_18_0300",0.150548590060784,2.36802554841367,4.07009331419134,0.581811119700128,0.560693913243612,NA
"LBRM_18_0310",0.10866148091832,0.512386596321631,4.0804728567969,0.125570396937733,0.900071997253288,NA
"LBRM_18_0320",0.10866148091832,0.512386596321631,4.0804728567969,0.125570396937733,0.900071997253288,NA
"LBRM_18_0330",0,NA,NA,NA,NA,NA
"LBRM_18_0340",0,NA,NA,NA,NA,NA
"LBRM_18_0350",0.150548590060784,2.36802554841367,4.07009331419134,0.581811119700128,0.560693913243612,NA
"LBRM_18_0360",0.0777714885289751,0.512386596321632,4.0804728567969,0.125570396937733,0.900071997253288,NA
"LBRM_18_0370",0.0777714885289751,0.512386596321632,4.0804728567969,0.125570396937733,0.900071997253288,NA
"LBRM_18_0380",0.0777714885289751,0.512386596321632,4.0804728567969,0.125570396937733,0.900071997253288,NA
"LBRM_18_0390",0,NA,NA,NA,NA,NA
"LBRM_18_0400",0.303110541300398,1.61408529533901,4.06349235823931,0.397216274337571,0.691207982142509,NA
"LBRM_18_0410",0,NA,NA,NA,NA,NA
"LBRM_18_0420",0.303110541300398,1.61408529533901,4.06349235823931,0.397216274337571,0.691207982142509,NA
"LBRM_18_0430",0,NA,NA,NA,NA,NA
"LBRM_18_0440",0,NA,NA,NA,NA,NA
"LBRM_18_0450",0,NA,NA,NA,NA,NA
"LBRM_18_0460",0.259210070979104,1.40625154395371,4.07009308958569,0.345508447350243,0.729712160779994,NA
"LBRM_18_0470",0,NA,NA,NA,NA,NA
"LBRM_18_0480",0.225339052771423,2.57585470100848,4.06349269559957,0.633901644218018,0.526145012480435,NA
"LBRM_18_0490",0,NA,NA,NA,NA,NA
"LBRM_18_0500",0.106620929128686,0.512386596321632,4.0804728567969,0.125570396937733,0.900071997253288,NA
"LBRM_18_0510",0,NA,NA,NA,NA,NA
"LBRM_18_0520",0,NA,NA,NA,NA,NA
"LBRM_18_0530",0,NA,NA,NA,NA,NA
"LBRM_18_0540",0,NA,NA,NA,NA,NA
"LBRM_18_0550",0,NA,NA,NA,NA,NA
"LBRM_18_0560",0,NA,NA,NA,NA,NA
"LBRM_18_0570",0.741718642939997,1.5735880505167,2.64100243256516,0.595829837607648,0.55128890866228,NA
"LBRM_18_0580",0.48548959777923,1.15941991701357,3.30651895540538,0.3506466869389,0.725853426540296,NA
"LBRM_18_0590",0.150548590060784,2.36802554841367,4.07009331419134,0.581811119700128,0.560693913243612,NA
"LBRM_18_0600",0.213241858257373,-0.509664860242396,4.0279820436031,-0.126531065611825,0.899311559853632,NA
"LBRM_18_0610",0.378868668650543,1.9850001311204,3.95440054501736,0.501972450317799,0.615686900261154,NA
"LBRM_18_0620",2.52576437534482,5.61796440190144,1.89504512778649,2.9645544158959,0.00303121628313898,0.0972414183630986
"LBRM_18_0630",4.81001770483759,5.55545919794805,1.60283850892922,3.4660130555881,0.000528237628739579,0.0249203869558319
"LBRM_18_0640",0,NA,NA,NA,NA,NA
"LBRM_18_0650",0.301097180121568,2.94536147983492,4.04378005220696,0.728368368657302,0.466388120880344,NA
"LBRM_18_0660",0.448596875633931,-1.6064084626618,3.32883792943186,-0.482573347431176,0.629398707248538,NA
"LBRM_18_0670",0,NA,NA,NA,NA,NA
"LBRM_18_0680",0,NA,NA,NA,NA,NA
"LBRM_18_0690",0,NA,NA,NA,NA,NA
"LBRM_18_0700",0,NA,NA,NA,NA,NA
"LBRM_18_0710",0,NA,NA,NA,NA,NA
"LBRM_18_0720",0,NA,NA,NA,NA,NA
"LBRM_18_0730",0.184392417657661,-0.322972510444289,4.04440056163657,-0.0798567069513009,0.936351222660643,NA
"LBRM_18_0740",0,NA,NA,NA,NA,NA
"LBRM_18_0750",0,NA,NA,NA,NA,NA
"LBRM_18_0760",0.0777714885289751,0.512386596321632,4.0804728567969,0.125570396937733,0.900071997253288,NA
"LBRM_18_0770",0,NA,NA,NA,NA,NA
"LBRM_18_0780",0.889463156580195,-0.0142267150084712,2.93545700415537,-0.00484650771185957,0.996133061461087,NA
"LBRM_18_0790",0,NA,NA,NA,NA,NA
"LBRM_18_0800",0.106620929128686,0.512386596321632,4.0804728567969,0.125570396937733,0.900071997253288,NA
"LBRM_18_0810",0.225339052771423,2.57585470100848,4.06349269559957,0.633901644218018,0.526145012480435,NA
"LBRM_18_0820",0.662966002263038,-0.881417324875818,2.94183993772895,-0.299614303814318,0.764471372287586,NA
"LBRM_18_0830",0.331959981900109,1.61408529533901,4.06349235823931,0.397216274337571,0.691207982142509,NA
"LBRM_18_0840",0,NA,NA,NA,NA,NA
"LBRM_18_0850",0.411772022218717,0.753590502948088,3.52106034620548,0.214023739684043,0.830528544494832,NA
"LBRM_18_0860",0.375887642832207,3.14688176220709,3.93733525674645,0.799241506502413,0.42415038880027,NA
"LBRM_18_0870",0.106620929128686,0.512386596321632,4.0804728567969,0.125570396937733,0.900071997253288,NA
"LBRM_18_0880",1.13920073838827,4.32272944599793,3.98264050920487,1.08539282820205,0.277747707443976,0.911448662524806
"LBRM_18_0890",0.401715379494301,-1.43380111314668,3.48376812167954,-0.411566172910336,0.680657429795647,NA
"LBRM_18_0900",0,NA,NA,NA,NA,NA
"LBRM_18_0910",1.23128934429849,1.2198553059462,2.16290450878687,0.563989441508165,0.572761317850477,0.97845571662501
"LBRM_18_0920",0.0777714885289751,0.512386596321632,4.0804728567969,0.125570396937733,0.900071997253288,NA
"LBRM_18_0930",0.10866148091832,0.512386596321631,4.0804728567969,0.125570396937733,0.900071997253288,NA
"LBRM_18_0940",0.945488012026342,4.03915708245817,2.63014996729183,1.53571360290803,0.124608637341088,0.786201095137236
"LBRM_18_0950",0.225339052771423,2.57585470100848,4.06349269559957,0.633901644218018,0.526145012480435,NA
"LBRM_18_0960",0.334941007718446,0.571059908719948,3.80738004106996,0.14998762996075,0.880774374718182,NA
"LBRM_18_0970",0.717863589337452,0.445737345189416,2.63464168202207,0.169183289033564,0.865652473731723,NA
"LBRM_18_0980",0.375887642832207,3.14688176220709,3.93733525674645,0.799241506502413,0.42415038880027,NA
"LBRM_18_0990",1.5192944746557,0.393296912381871,1.84334700010479,0.213360215065049,0.831046009788272,0.97845571662501
"LBRM_18_1000",0,NA,NA,NA,NA,NA
"LBRM_18_1010",0.225339052771423,2.57585470100848,4.06349269559957,0.633901644218018,0.526145012480435,NA
"LBRM_18_1020",0.697790982007899,0.5871462862096,2.68084722141043,0.219015198449352,0.826638208521183,NA
"LBRM_18_1030",0.106620929128686,0.512386596321632,4.0804728567969,0.125570396937733,0.900071997253288,NA
"LBRM_18_1040",0.301097180121568,2.94536147983492,4.04378005220696,0.728368368657302,0.466388120880344,NA
"LBRM_18_1050",0,NA,NA,NA,NA,NA
"LBRM_18_1060",0.0777714885289751,0.512386596321632,4.0804728567969,0.125570396937733,0.900071997253288,NA
"LBRM_18_1070",0,NA,NA,NA,NA,NA
"LBRM_18_1080",0.63711107499014,1.50505814136872,3.01048876571126,0.499938135797406,0.617118638607064,NA
"LBRM_18_1090",0.228320078589759,1.40625154395371,4.07009308958569,0.345508447350244,0.729712160779994,NA
"LBRM_18_1100",0,NA,NA,NA,NA,NA
"LBRM_18_1110",0,NA,NA,NA,NA,NA
"LBRM_18_1120",0,NA,NA,NA,NA,NA
"LBRM_18_1130",0.225339052771423,2.57585470100848,4.06349269559957,0.633901644218018,0.526145012480435,NA
"LBRM_18_1140",0.903600902883878,2.66437570759425,2.73133055819798,0.975486361252477,0.329319063767457,NA
"LBRM_18_1150",2.78819696593135,1.12511660171574,1.40743314293566,0.799410336017056,0.424052519090753,0.97845571662501
"LBRM_18_1160",0.484549123750526,2.18815698437253,3.32455332860874,0.658180744325201,0.510421996464077,NA
"LBRM_18_1170",0.569600369194135,2.56902019336441,3.72121552354445,0.690371244855345,0.489960754983094,NA
"LBRM_18_1180",0,NA,NA,NA,NA,NA
"LBRM_18_1190",0,NA,NA,NA,NA,NA
"LBRM_18_1200",0.0777714885289751,0.512386596321632,4.0804728567969,0.125570396937733,0.900071997253288,NA
"LBRM_18_1210",0.150548590060784,2.36802554841367,4.07009331419134,0.581811119700128,0.560693913243612,NA
"LBRM_18_1220",0,NA,NA,NA,NA,NA
"LBRM_18_1230",0,NA,NA,NA,NA,NA
"LBRM_18_1240",0.25716951918947,1.40625154395371,4.07009308958569,0.345508447350243,0.729712160779994,NA
"LBRM_18_1250",0.596164439876379,-0.259540084448729,2.80972114425568,-0.0923721861079859,0.9264023371988,NA
"LBRM_18_1260",0,NA,NA,NA,NA,NA
"LBRM_18_1270",0.106620929128686,0.512386596321632,4.0804728567969,0.125570396937733,0.900071997253288,NA
"LBRM_18_1280",0.150548590060784,2.36802554841367,4.07009331419134,0.581811119700128,0.560693913243612,NA
"LBRM_18_1290",0.225339052771423,2.57585470100848,4.06349269559957,0.633901644218018,0.526145012480435,NA
"LBRM_18_1300",0.150548590060784,2.36802554841367,4.07009331419134,0.581811119700128,0.560693913243612,NA
"LBRM_18_1310",0.472451929236477,-0.205230080564095,3.32543391046448,-0.0617152786943914,0.950789572524572,NA
"LBRM_18_1320",0,NA,NA,NA,NA,NA
"LBRM_18_1330",0.228320078589759,1.40625154395371,4.07009308958569,0.345508447350244,0.729712160779994,NA
"LBRM_18_1340",0,NA,NA,NA,NA,NA
"LBRM_18_1350",0,NA,NA,NA,NA,NA
"LBRM_18_1360",0,NA,NA,NA,NA,NA
"LBRM_18_1370",0,NA,NA,NA,NA,NA
"LBRM_18_1380",0,NA,NA,NA,NA,NA
"LBRM_18_1390",0.295094450365614,-0.991002081466368,3.99402597456254,-0.248121090793585,0.804040717664925,NA
"LBRM_18_1400",1.74764174385626,0.78749997365898,1.70145401398912,0.462839410988639,0.643479479579024,0.97845571662501
"LBRM_18_1410",0.303110541300398,1.61408529533901,4.06349235823931,0.397216274337571,0.691207982142509,NA
"LBRM_18_1420",0,NA,NA,NA,NA,NA
"LBRM_18_1430",2.29244658541915,1.01124975960363,1.58861530165257,0.636560505587268,0.524411157595403,0.97845571662501
"LBRM_18_1440",0.10866148091832,0.512386596321631,4.0804728567969,0.125570396937733,0.900071997253288,NA
"LBRM_18_1450",0.106620929128686,0.512386596321632,4.0804728567969,0.125570396937733,0.900071997253288,NA
"LBRM_18_1460",0.341975946505245,-1.21925835011793,3.98139526061418,-0.306238961546823,0.759422709459565,NA
"LBRM_18_1470",0,NA,NA,NA,NA,NA
"LBRM_18_1480",0.228320078589759,1.40625154395371,4.07009308958569,0.345508447350244,0.729712160779994,NA
"LBRM_18_1490",0.588148348941596,-1.98663213372713,2.9928334354846,-0.663796424542901,0.506820614405728,NA
"LBRM_18_1500",0.601226695603629,3.65666645920249,3.27360907528349,1.1170137835978,0.263988431772301,NA
"LBRM_18_1510",1.06864355972366,-0.0854910072089665,2.25056854355662,-0.037986404570404,0.969698521786563,0.994222666692539
"LBRM_18_1520",0.150548590060784,2.36802554841367,4.07009331419134,0.581811119700128,0.560693913243612,NA
"LBRM_18_1530",0.0777714885289751,0.512386596321632,4.0804728567969,0.125570396937733,0.900071997253288,NA
"LBRM_18_1540",0.896321145969244,1.21470369237533,2.44235464858435,0.497349430018037,0.618942660105812,NA
"LBRM_18_1550",0.334000533689742,1.61408529533901,4.06349235823931,0.397216274337571,0.691207982142509,NA
"LBRM_18_1560",0.409758661039888,1.98703088806636,3.83602284252577,0.517992454590814,0.604463533839926,NA
"LBRM_18_1570",0,NA,NA,NA,NA,NA
"LBRM_18_1580",0,NA,NA,NA,NA,NA
"LBRM_18_1590",0,NA,NA,NA,NA,NA
"LBRM_18_1600",0,NA,NA,NA,NA,NA
"LBRM_18_1610",0,NA,NA,NA,NA,NA
"LBRM_18_1620",0,NA,NA,NA,NA,NA
"LBRM_18_1630",0.594151078697549,0.519947630579927,2.82675581492527,0.183937936143831,0.854062143776909,NA
"LBRM_18_1640",0,NA,NA,NA,NA,NA
"LBRM_18_1650",0,NA,NA,NA,NA,NA
"LBRM_18_1660",0,NA,NA,NA,NA,NA
"LBRM_18_1670",0.52844959407182,2.35930608095002,3.49189540690243,0.675651990115848,0.499261624380705,NA
"LBRM_18_1680",0,NA,NA,NA,NA,NA
"LBRM_18_1690",0.225339052771423,2.57585470100848,4.06349269559957,0.633901644218018,0.526145012480435,NA
"LBRM_18_1700",0.106620929128686,0.512386596321632,4.0804728567969,0.125570396937733,0.900071997253288,NA
"LBRM_18_1710",0.228320078589759,1.40625154395371,4.07009308958569,0.345508447350244,0.729712160779994,NA
"LBRM_18_1720",0,NA,NA,NA,NA,NA
"LBRM_19_0010",0.186432969447295,-0.33622145367943,4.04316669949863,-0.083157949861707,0.933725948031842,NA
"LBRM_19_0020",0.150548590060784,2.36802554841367,4.07009331419134,0.581811119700128,0.560693913243612,NA
"LBRM_19_0030",0,NA,NA,NA,NA,NA
"LBRM_19_0040",1.82971196348154,1.3396050218745,1.66350488548588,0.805290704922234,0.420651944365522,0.97845571662501
"LBRM_19_0050",0.450678105542845,3.32271092996418,4.01688493769328,0.827185986530216,0.408131653169535,NA
"LBRM_19_0060",0,NA,NA,NA,NA,NA
"LBRM_19_0070",1.02027847473698,4.16491545285351,2.73941895978004,1.52036454226335,0.128419380876531,0.786201095137236
"LBRM_19_0080",0,NA,NA,NA,NA,NA
"LBRM_19_0090",0.301097180121568,2.94536147983492,4.04378005220696,0.728368368657302,0.466388120880344,NA
"LBRM_19_0100",0.10866148091832,0.512386596321631,4.0804728567969,0.125570396937733,0.900071997253288,NA
"LBRM_19_0110",0,NA,NA,NA,NA,NA
"LBRM_19_0120",0.375887642832207,3.14688176220709,3.93733525674645,0.799241506502413,0.42415038880027,NA
"LBRM_19_0130",0.106620929128686,0.512386596321632,4.0804728567969,0.125570396937733,0.900071997253288,NA
"LBRM_19_0140",0.150548590060784,2.36802554841367,4.07009331419134,0.581811119700128,0.560693913243612,NA
"LBRM_19_0150",0.678261850112455,1.59451783523087,3.25770653029984,0.489460244623112,0.624515893587791,NA
"LBRM_19_0160",0.0777714885289751,0.512386596321632,4.0804728567969,0.125570396937733,0.900071997253288,NA
"LBRM_19_0170",0.10866148091832,0.512386596321631,4.0804728567969,0.125570396937733,0.900071997253288,NA
"LBRM_19_0180",0.228320078589759,1.40625154395371,4.07009308958569,0.345508447350244,0.729712160779994,NA
"LBRM_19_0190",0.450678105542845,3.32271092996418,4.01688493769328,0.827185986530216,0.408131653169535,NA
"LBRM_19_0200",0,NA,NA,NA,NA,NA
"LBRM_19_0210",0.150548590060784,2.36802554841367,4.07009331419134,0.581811119700128,0.560693913243612,NA
"LBRM_19_0220",0.15554297705795,-0.121015899195086,4.06395245618752,-0.0297778826154414,0.976244198059474,NA
"LBRM_19_0230",0,NA,NA,NA,NA,NA
"LBRM_19_0240",0.259210070979104,1.40625154395371,4.07009308958569,0.345508447350243,0.729712160779994,NA
"LBRM_19_0250",0.106620929128686,0.512386596321632,4.0804728567969,0.125570396937733,0.900071997253288,NA
"LBRM_19_0260",1.24859855332674,3.41508570317484,2.28928550339216,1.49176924333576,0.135759649523184,0.806255064970779
"LBRM_19_0270",0.945488012026342,4.03915708245817,2.63014996729183,1.53571360290803,0.124608637341088,0.786201095137236
"LBRM_19_0280",0.0777714885289751,0.512386596321632,4.0804728567969,0.125570396937733,0.900071997253288,NA
"LBRM_19_0290",0,NA,NA,NA,NA,NA
"LBRM_19_0300",0.215282410047006,-0.521705569758801,4.02699186999459,-0.129552178549469,0.896920740266371,NA
"LBRM_19_0310",0,NA,NA,NA,NA,NA
"LBRM_19_0320",0.303110541300398,1.61408529533901,4.06349235823931,0.397216274337571,0.691207982142509,NA
"LBRM_19_0330",0.487530149568863,1.14742425389296,3.30139878998407,0.347556998377193,0.728172905436024,NA
"LBRM_19_0340",0,NA,NA,NA,NA,NA
"LBRM_19_0350",0,NA,NA,NA,NA,NA
"LBRM_19_0360",0,NA,NA,NA,NA,NA
"LBRM_19_0370",0.52844959407182,2.35930608095002,3.49189540690243,0.675651990115848,0.499261624380705,NA
"LBRM_19_0380",0.106620929128686,0.512386596321632,4.0804728567969,0.125570396937733,0.900071997253288,NA
"LBRM_19_0390",2.44670975302284,0.175947546289414,1.46121897516774,0.120411484712082,0.904157194111776,0.97845571662501
"LBRM_19_0400",0.106620929128686,0.512386596321632,4.0804728567969,0.125570396937733,0.900071997253288,NA
"LBRM_19_0410",0.225339052771423,2.57585470100848,4.06349269559957,0.633901644218018,0.526145012480435,NA
"LBRM_19_0420",0.516379590168574,0.975274502243785,3.23299260215184,0.301663078843624,0.762908916596105,NA
"LBRM_19_0430",0.215282410047006,-0.521705569758801,4.02699186999459,-0.129552178549469,0.896920740266371,NA
"LBRM_19_0440",0,NA,NA,NA,NA,NA
"LBRM_19_0450",0.150548590060784,2.36802554841367,4.07009331419134,0.581811119700128,0.560693913243612,NA
"LBRM_19_0460",0,NA,NA,NA,NA,NA
"LBRM_19_0470",0.225339052771423,2.57585470100848,4.06349269559957,0.633901644218018,0.526145012480435,NA
"LBRM_19_0480",0.25716951918947,1.40625154395371,4.07009308958569,0.345508447350243,0.729712160779994,NA
"LBRM_19_0490",0,NA,NA,NA,NA,NA
"LBRM_19_0500",0.334000533689742,1.61408529533901,4.06349235823931,0.397216274337571,0.691207982142509,NA
"LBRM_19_0510",0,NA,NA,NA,NA,NA
"LBRM_19_0520",0,NA,NA,NA,NA,NA
"LBRM_19_0530",0,NA,NA,NA,NA,NA
"LBRM_19_0540",0,NA,NA,NA,NA,NA
"LBRM_19_0550",0,NA,NA,NA,NA,NA
"LBRM_19_0560",0.150548590060784,2.36802554841367,4.07009331419134,0.581811119700128,0.560693913243612,NA
"LBRM_19_0570",1.30699309042703,0.591838160302437,1.9374669782115,0.305470063210455,0.760008167134715,0.97845571662501
"LBRM_19_0580",0.10866148091832,0.512386596321631,4.0804728567969,0.125570396937733,0.900071997253288,NA
"LBRM_19_0590",0.150548590060784,2.36802554841367,4.07009331419134,0.581811119700128,0.560693913243612,NA
"LBRM_19_0600",0,NA,NA,NA,NA,NA
"LBRM_19_0610",0,NA,NA,NA,NA,NA
"LBRM_19_0620",0.638051549018843,0.830007610807484,2.75631717726881,0.301129208805325,0.763315968723415,NA
"LBRM_19_0630",0.409731470429084,0.766215052256748,3.52755227934135,0.21720870212016,0.828045703264168,NA
"LBRM_19_0640",0.10866148091832,0.512386596321631,4.0804728567969,0.125570396937733,0.900071997253288,NA
"LBRM_19_0650",0,NA,NA,NA,NA,NA
"LBRM_19_0660",0,NA,NA,NA,NA,NA
"LBRM_19_0670",0.303110541300398,1.61408529533901,4.06349235823931,0.397216274337571,0.691207982142509,NA
"LBRM_19_0680",0.150548590060784,2.36802554841367,4.07009331419134,0.581811119700128,0.560693913243612,NA
"LBRM_19_0690",0.0777714885289751,0.512386596321632,4.0804728567969,0.125570396937733,0.900071997253288,NA
"LBRM_19_0700",0.106620929128686,0.512386596321632,4.0804728567969,0.125570396937733,0.900071997253288,NA
"LBRM_19_0710",0.558266699311038,2.41907671009906,3.40563983209507,0.710314898041024,0.477508883258517,NA
"LBRM_19_0720",0,NA,NA,NA,NA,NA
"LBRM_19_0730",0.150548590060784,2.36802554841367,4.07009331419134,0.581811119700128,0.560693913243612,NA
"LBRM_19_0740",0.15554297705795,-0.121015899195086,4.06395245618752,-0.0297778826154414,0.976244198059474,NA
"LBRM_19_0750",0.225339052771423,2.57585470100848,4.06349269559957,0.633901644218018,0.526145012480435,NA
"LBRM_19_0760",0.998124637498514,-0.447628766973332,2.61795968193806,-0.170983827620277,0.864236482018852,0.97845571662501
"LBRM_19_0770",0.560280060489868,1.34977552819926,2.9268762572445,0.461165901653117,0.644679583493499,NA
"LBRM_19_0780",0.150548590060784,2.36802554841367,4.07009331419134,0.581811119700128,0.560693913243612,NA
"LBRM_19_0790",0,NA,NA,NA,NA,NA
"LBRM_19_0800",0.331959981900109,1.61408529533901,4.06349235823931,0.397216274337571,0.691207982142509,NA
"LBRM_19_0810",0,NA,NA,NA,NA,NA
"LBRM_19_0820",0,NA,NA,NA,NA,NA
"LBRM_19_0830",0.225339052771423,2.57585470100848,4.06349269559957,0.633901644218018,0.526145012480435,NA
"LBRM_19_0840",0.150548590060784,2.36802554841367,4.07009331419134,0.581811119700128,0.560693913243612,NA
"LBRM_19_0850",0,NA,NA,NA,NA,NA
"LBRM_19_0860",0,NA,NA,NA,NA,NA
"LBRM_19_0870",0.25716951918947,1.40625154395371,4.07009308958569,0.345508447350243,0.729712160779994,NA
"LBRM_19_0880",0.370825387104956,-1.32784186481398,3.58695565306301,-0.370186306507606,0.711243678831557,NA
"LBRM_19_0890",1.54893220881735,2.62619160353328,2.16765905927016,1.21153351690718,0.225690997141611,0.898195964048256
"LBRM_19_0900",0.0777714885289751,0.512386596321632,4.0804728567969,0.125570396937733,0.900071997253288,NA
"LBRM_19_0910",0.861377240611436,2.04284611822173,2.51282076386841,0.812969292356863,0.416235664315244,NA
"LBRM_19_0920",0.150548590060784,2.36802554841367,4.07009331419134,0.581811119700128,0.560693913243612,NA
"LBRM_19_0930",0,NA,NA,NA,NA,NA
"LBRM_19_0940",0,NA,NA,NA,NA,NA
"LBRM_19_0950",0.872710910494533,2.66873039551403,2.76052586748979,0.96674710675353,0.33367047189009,NA
"LBRM_19_0960",0.10866148091832,0.512386596321631,4.0804728567969,0.125570396937733,0.900071997253288,NA
"LBRM_19_0970",2.35160222547058,0.82740604050956,1.74766321280264,0.473435633621132,0.635902412418945,0.97845571662501
"LBRM_19_0980",0.259210070979104,1.40625154395371,4.07009308958569,0.345508447350243,0.729712160779994,NA
"LBRM_19_0990",0.551323495526382,-0.0295381212264684,3.41795866200124,-0.00864203583116876,0.993104738865026,NA
"LBRM_19_1000",1.10103098908429,2.35657823824088,2.37963205274795,0.990312025558553,0.322021630506111,0.939506005256609
"LBRM_19_1010",1.60638627188894,0.631542383263054,1.85883354766214,0.339751982665338,0.734043311287814,0.97845571662501
"LBRM_19_1020",0.331959981900109,1.61408529533901,4.06349235823931,0.397216274337571,0.691207982142509,NA
"LBRM_19_1030",0,NA,NA,NA,NA,NA
"LBRM_19_1040",0.106620929128686,0.512386596321632,4.0804728567969,0.125570396937733,0.900071997253288,NA
"LBRM_19_1050",0.0777714885289751,0.512386596321632,4.0804728567969,0.125570396937733,0.900071997253288,NA
"LBRM_19_1060",0.301097180121568,2.94536147983492,4.04378005220696,0.728368368657302,0.466388120880344,NA
"LBRM_19_1070",0.262163906186637,-0.836210405206493,4.00377057373284,-0.208855724824129,0.834560868338514,NA
"LBRM_19_1080",0,NA,NA,NA,NA,NA
"LBRM_19_1090",0,NA,NA,NA,NA,NA
"LBRM_19_1100",0.0777714885289751,0.512386596321632,4.0804728567969,0.125570396937733,0.900071997253288,NA
"LBRM_19_1110",0.681979209950941,1.90987309807228,2.91583686845847,0.654999982588867,0.512467765269221,NA
"LBRM_19_1120",0.601226695603629,3.65666645920249,3.27360907528349,1.1170137835978,0.263988431772301,NA
"LBRM_19_1130",0.443602488636765,-0.081680203916819,3.14727451345204,-0.0259526786010253,0.979295082729114,NA
"LBRM_19_1140",0,NA,NA,NA,NA,NA
"LBRM_19_1150",0.0777714885289751,0.512386596321632,4.0804728567969,0.125570396937733,0.900071997253288,NA
"LBRM_19_1160",0.150548590060784,2.36802554841367,4.07009331419134,0.581811119700128,0.560693913243612,NA
"LBRM_19_1170",0,NA,NA,NA,NA,NA
"LBRM_19_1180",0,NA,NA,NA,NA,NA
"LBRM_19_1190",1.08574862874335,2.34786191823818,2.51889411964248,0.93210028159954,0.351284702531692,0.964829902158962
"LBRM_19_1200",0.10866148091832,0.512386596321631,4.0804728567969,0.125570396937733,0.900071997253288,NA
"LBRM_19_1210",0,NA,NA,NA,NA,NA
"LBRM_19_1220",0,NA,NA,NA,NA,NA
"LBRM_19_1230",0.259210070979104,1.40625154395371,4.07009308958569,0.345508447350243,0.729712160779994,NA
"LBRM_19_1240",1.93425166270131,-0.499466360202769,1.70299497761787,-0.293287042397163,0.769302757075233,0.97845571662501
"LBRM_19_1250",0,NA,NA,NA,NA,NA
"LBRM_19_1260",0,NA,NA,NA,NA,NA
"LBRM_19_1270",0.10866148091832,0.512386596321631,4.0804728567969,0.125570396937733,0.900071997253288,NA
"LBRM_19_1280",0,NA,NA,NA,NA,NA
"LBRM_19_1290",0.10866148091832,0.512386596321631,4.0804728567969,0.125570396937733,0.900071997253288,NA
"LBRM_19_1300",0,NA,NA,NA,NA,NA
"LBRM_19_1310",0.293053898575981,-0.981973165309184,3.95663099556679,-0.248184166380296,0.803991916578278,NA
"LBRM_19_1320",0.215282410047006,-0.521705569758801,4.02699186999459,-0.129552178549469,0.896920740266371,NA
"LBRM_19_1330",0.228320078589759,1.40625154395371,4.07009308958569,0.345508447350244,0.729712160779994,NA
"LBRM_19_1340",0,NA,NA,NA,NA,NA
"LBRM_19_1350",0.150548590060784,2.36802554841367,4.07009331419134,0.581811119700128,0.560693913243612,NA
"LBRM_19_1360",0.0777714885289751,0.512386596321632,4.0804728567969,0.125570396937733,0.900071997253288,NA
"LBRM_19_1370",0,NA,NA,NA,NA,NA
"LBRM_19_1380",0.303110541300398,1.61408529533901,4.06349235823931,0.397216274337571,0.691207982142509,NA
"LBRM_19_1390",1.37376746220289,-0.164501051087572,1.90497483654966,-0.086353398444633,0.931185491143072,0.983459365169361
"LBRM_19_1400",1.66563697128126,4.83417245625074,2.17306276520596,2.22458942910127,0.026108812925821,0.498553999202582
"LBRM_19_1410",1.00592310091627,0.397800239420385,2.15191784907513,0.184858469198234,0.853340046275061,0.97845571662501
"LBRM_19_1420",0.186432969447295,-0.33622145367943,4.04316669949863,-0.083157949861707,0.933725948031842,NA
"LBRM_19_1430",0,NA,NA,NA,NA,NA
"LBRM_19_1440",0,NA,NA,NA,NA,NA
"LBRM_19_1450",0,NA,NA,NA,NA,NA
"LBRM_19_1460",0.856314984884186,-0.397770033989679,2.43306390151783,-0.163485239225134,0.870136394188354,NA
"LBRM_19_1470",0,NA,NA,NA,NA,NA
"LBRM_19_1480",0,NA,NA,NA,NA,NA
"LBRM_19_1490",0.186432969447295,-0.33622145367943,4.04316669949863,-0.083157949861707,0.933725948031842,NA
"LBRM_19_1500",0,NA,NA,NA,NA,NA
"LBRM_19_1510",0.225339052771423,2.57585470100848,4.06349269559957,0.633901644218018,0.526145012480435,NA
"LBRM_19_1520",0,NA,NA,NA,NA,NA
"LBRM_19_1530",0,NA,NA,NA,NA,NA
"LBRM_19_1540",0.228320078589759,1.40625154395371,4.07009308958569,0.345508447350244,0.729712160779994,NA
"LBRM_19_1541",0,NA,NA,NA,NA,NA
"LBRM_19_1550",0,NA,NA,NA,NA,NA
"LBRM_19_1560",0,NA,NA,NA,NA,NA
"LBRM_19_1570",0.0777714885289751,0.512386596321632,4.0804728567969,0.125570396937733,0.900071997253288,NA
"LBRM_19_1580",0.25716951918947,1.40625154395371,4.07009308958569,0.345508447350243,0.729712160779994,NA
"LBRM_19_1590",0,NA,NA,NA,NA,NA
"LBRM_19_1600",0,NA,NA,NA,NA,NA
"LBRM_19_1601",0.26420445797627,-0.845932859173047,4.00312810314672,-0.21131795870037,0.832639170313903,NA
"LBRM_19_1602",60.990151542937,-0.241733677304223,0.384139107895895,-0.629286819111725,0.529161299006608,0.97845571662501
"LBRM_19_1610",0.215282410047006,-0.521705569758801,4.02699186999459,-0.129552178549469,0.896920740266371,NA
"LBRM_19_1620",0.0777714885289751,0.512386596321632,4.0804728567969,0.125570396937733,0.900071997253288,NA
"LBRM_19_1630",0,NA,NA,NA,NA,NA
"LBRM_19_1640",0.150548590060784,2.36802554841367,4.07009331419134,0.581811119700128,0.560693913243612,NA
"LBRM_19_1650",0,NA,NA,NA,NA,NA
"LBRM_19_1660",0,NA,NA,NA,NA,NA
"LBRM_19_1670",0.259210070979104,1.40625154395371,4.07009308958569,0.345508447350243,0.729712160779994,NA
"LBRM_19_1680",0.10866148091832,0.512386596321631,4.0804728567969,0.125570396937733,0.900071997253288,NA
"LBRM_19_1690",0.301097180121568,2.94536147983492,4.04378005220696,0.728368368657302,0.466388120880344,NA
"LBRM_19_1700",0.451645770182352,3.36570143917267,3.99693293608688,0.842071031211195,0.39974819525179,NA
"LBRM_19_1710",0.75274295030392,3.94506251118992,3.27169187870395,1.20581725218963,0.227887961900962,NA
"LBRM_19_1720",0,NA,NA,NA,NA,NA
"LBRM_19_1730",0,NA,NA,NA,NA,NA
"LBRM_19_1740",0,NA,NA,NA,NA,NA
"LBRM_19_1750",0,NA,NA,NA,NA,NA
"LBRM_19_1760",0,NA,NA,NA,NA,NA
"LBRM_19_1770",0.150548590060784,2.36802554841367,4.07009331419134,0.581811119700128,0.560693913243612,NA
"LBRM_19_1780",0,NA,NA,NA,NA,NA
"LBRM_19_1790",0.785646303872094,2.87261491553564,2.78540630932455,1.03130911491051,0.302395885305479,NA
"LBRM_19_1800",0.259210070979104,1.40625154395371,4.07009308958569,0.345508447350243,0.729712160779994,NA
"LBRM_19_1810",0,NA,NA,NA,NA,NA
"LBRM_19_1820",0.0777714885289751,0.512386596321632,4.0804728567969,0.125570396937733,0.900071997253288,NA
"LBRM_19_1830",0,NA,NA,NA,NA,NA
"LBRM_19_1840",0.10866148091832,0.512386596321631,4.0804728567969,0.125570396937733,0.900071997253288,NA
"LBRM_19_1850",0,NA,NA,NA,NA,NA
"LBRM_19_1860",0,NA,NA,NA,NA,NA
"LBRM_19_1870",0,NA,NA,NA,NA,NA
"LBRM_19_1880",0,NA,NA,NA,NA,NA
"LBRM_19_1890",0,NA,NA,NA,NA,NA
"LBRM_19_1900",0,NA,NA,NA,NA,NA
"LBRM_20_0010",0,NA,NA,NA,NA,NA
"LBRM_20_0020",0,NA,NA,NA,NA,NA
"LBRM_20_0030",0.150548590060784,2.36802554841367,4.07009331419134,0.581811119700128,0.560693913243612,NA
"LBRM_20_0040",0,NA,NA,NA,NA,NA
"LBRM_20_0050",0,NA,NA,NA,NA,NA
"LBRM_20_0060",0,NA,NA,NA,NA,NA
"LBRM_20_0070",0,NA,NA,NA,NA,NA
"LBRM_20_0080",0,NA,NA,NA,NA,NA
"LBRM_20_0090",0.301097180121568,2.94536147983492,4.04378005220696,0.728368368657302,0.466388120880344,NA
"LBRM_20_0100",0.664887628439725,1.41246749605093,3.17735154926625,0.444542403995904,0.656650478272781,NA
"LBRM_20_0110",0.601226695603629,3.65666645920249,3.27360907528349,1.1170137835978,0.263988431772301,NA
"LBRM_20_0120",0.225339052771423,2.57585470100848,4.06349269559957,0.633901644218018,0.526145012480435,NA
"LBRM_20_0130",0.0777714885289751,0.512386596321632,4.0804728567969,0.125570396937733,0.900071997253288,NA
"LBRM_20_0140",0.150548590060784,2.36802554841367,4.07009331419134,0.581811119700128,0.560693913243612,NA
"LBRM_20_0150",0.225339052771423,2.57585470100848,4.06349269559957,0.633901644218018,0.526145012480435,NA
"LBRM_20_0160",0,NA,NA,NA,NA,NA
"LBRM_20_0170",0,NA,NA,NA,NA,NA
"LBRM_20_0180",0,NA,NA,NA,NA,NA
"LBRM_20_0190",0,NA,NA,NA,NA,NA
"LBRM_20_0191",0,NA,NA,NA,NA,NA
"LBRM_20_0200",0,NA,NA,NA,NA,NA
"LBRM_20_0210",0,NA,NA,NA,NA,NA
"LBRM_20_0220",0.215282410047006,-0.521705569758801,4.02699186999459,-0.129552178549469,0.896920740266371,NA
"LBRM_20_0230",0,NA,NA,NA,NA,NA
"LBRM_20_0240",0.150548590060784,2.36802554841367,4.07009331419134,0.581811119700128,0.560693913243612,NA
"LBRM_20_0250",0.15554297705795,-0.121015899195086,4.06395245618752,-0.0297778826154414,0.976244198059474,NA
"LBRM_20_0260",0,NA,NA,NA,NA,NA
"LBRM_20_0270",0,NA,NA,NA,NA,NA
"LBRM_20_0280",0.150548590060784,2.36802554841367,4.07009331419134,0.581811119700128,0.560693913243612,NA
"LBRM_20_0290",0.150548590060784,2.36802554841367,4.07009331419134,0.581811119700128,0.560693913243612,NA
"LBRM_20_0300",0,NA,NA,NA,NA,NA
"LBRM_20_0310",0,NA,NA,NA,NA,NA
"LBRM_20_0320",0.741718642939997,1.5735880505167,2.64100243256516,0.595829837607648,0.55128890866228,NA
"LBRM_20_0330",0.106620929128686,0.512386596321632,4.0804728567969,0.125570396937733,0.900071997253288,NA
"LBRM_20_0340",0.518420141958207,0.952811523343431,3.49715496640834,0.272453332064375,0.785273469986478,NA
"LBRM_20_0350",0.72014895925492,3.43948944334506,3.11039865378382,1.10580341177839,0.268811617980153,NA
"LBRM_20_0360",0.215282410047006,-0.521705569758801,4.02699186999459,-0.129552178549469,0.896920740266371,NA
"LBRM_20_0370",0,NA,NA,NA,NA,NA
"LBRM_20_0380",0.106620929128686,0.512386596321632,4.0804728567969,0.125570396937733,0.900071997253288,NA
"LBRM_20_0390",0,NA,NA,NA,NA,NA
"LBRM_20_0400",0.569600369194135,2.56902019336441,3.72121552354445,0.690371244855345,0.489960754983094,NA
"LBRM_20_0410",1.70590717579632,0.512471348964588,1.91401864850213,0.267746267449189,0.788894633295862,0.97845571662501
"LBRM_20_0420",0.334000533689742,1.61408529533901,4.06349235823931,0.397216274337571,0.691207982142509,NA
"LBRM_20_0430",0.15554297705795,-0.121015899195086,4.06395245618752,-0.0297778826154414,0.976244198059474,NA
"LBRM_20_0440",0,NA,NA,NA,NA,NA
"LBRM_20_0450",0,NA,NA,NA,NA,NA
"LBRM_20_0460",0.753788646843243,2.81725610927141,3.07263539647892,0.91688591249708,0.359202426759341,NA
"LBRM_20_0470",0,NA,NA,NA,NA,NA
"LBRM_20_0480",0,NA,NA,NA,NA,NA
"LBRM_20_0481",0,NA,NA,NA,NA,NA
"LBRM_20_0490",1.20469808300545,3.32172419149831,2.30848884542242,1.43891715053554,0.150173997681913,0.824895983305218
"LBRM_20_0500",0.0777714885289751,0.512386596321632,4.0804728567969,0.125570396937733,0.900071997253288,NA
"LBRM_20_0510",0,NA,NA,NA,NA,NA
"LBRM_20_0520",0,NA,NA,NA,NA,NA
"LBRM_20_0530",0.784882779241141,0.56756828324782,2.87785768154564,0.197219024028663,0.843656143952082,NA
"LBRM_20_0540",0,NA,NA,NA,NA,NA
"LBRM_20_0550",1.92612406941905,2.93110826205501,3.90067551756437,0.751436065075524,0.452390264758033,0.97845571662501
"LBRM_20_0560",0,NA,NA,NA,NA,NA
"LBRM_20_0570",0.303110541300398,1.61408529533901,4.06349235823931,0.397216274337571,0.691207982142509,NA
"LBRM_20_0580",0.441561936847132,-0.0755863754738768,3.40471935311889,-0.0222004716496342,0.982288041362266,NA
"LBRM_20_0590",1.31225948616284,1.74069490143281,2.15970999174153,0.805985483277393,0.420251219467421,0.97845571662501
"LBRM_20_0600",8.11122214752081,-0.421475471310251,0.907665444153688,-0.46435112631531,0.642396199801779,0.97845571662501
"LBRM_20_0610",2.85917743114243,-0.433855907798113,1.38248285606175,-0.313823716435827,0.753654930587602,0.97845571662501
"LBRM_20_0620",0.440621462818429,0.57464025758787,3.43492684945294,0.167293302819357,0.867139273458387,NA
"LBRM_20_0630",0.259210070979104,1.40625154395371,4.07009308958569,0.345508447350243,0.729712160779994,NA
"LBRM_20_0631",0.150548590060784,2.36802554841367,4.07009331419134,0.581811119700128,0.560693913243612,NA
"LBRM_20_0640",0.106620929128686,0.512386596321632,4.0804728567969,0.125570396937733,0.900071997253288,NA
"LBRM_20_0650",0.25716951918947,1.40625154395371,4.07009308958569,0.345508447350243,0.729712160779994,NA
"LBRM_20_0660",0,NA,NA,NA,NA,NA
"LBRM_20_0670",0,NA,NA,NA,NA,NA
"LBRM_20_0680",0.0777714885289751,0.512386596321632,4.0804728567969,0.125570396937733,0.900071997253288,NA
"LBRM_20_0690",0.10866148091832,0.512386596321631,4.0804728567969,0.125570396937733,0.900071997253288,NA
"LBRM_20_0700",0.10866148091832,0.512386596321631,4.0804728567969,0.125570396937733,0.900071997253288,NA
"LBRM_20_0710",0,NA,NA,NA,NA,NA
"LBRM_20_0720",0,NA,NA,NA,NA,NA
"LBRM_20_0730",0,NA,NA,NA,NA,NA
"LBRM_20_0740",0.225339052771423,2.57585470100848,4.06349269559957,0.633901644218018,0.526145012480435,NA
"LBRM_20_0750",0,NA,NA,NA,NA,NA
"LBRM_20_0760",0.150548590060784,2.36802554841367,4.07009331419134,0.581811119700128,0.560693913243612,NA
"LBRM_20_0770",0,NA,NA,NA,NA,NA
"LBRM_20_0780",0,NA,NA,NA,NA,NA
"LBRM_20_0790",0.63003545808406,-0.792245203042879,2.74006893440852,-0.289133310879237,0.772479363284549,NA
"LBRM_20_0800",0,NA,NA,NA,NA,NA
"LBRM_20_0810",0,NA,NA,NA,NA,NA
"LBRM_20_0820",0,NA,NA,NA,NA,NA
"LBRM_20_0830",0.25716951918947,1.40625154395371,4.07009308958569,0.345508447350243,0.729712160779994,NA
"LBRM_20_0840",0.858355536673819,-0.402096665800594,2.43146992806568,-0.165371844068199,0.868651313710355,NA
"LBRM_20_0850",0.184392417657661,-0.322972510444289,4.04440056163657,-0.0798567069513009,0.936351222660643,NA
"LBRM_20_0860",0,NA,NA,NA,NA,NA
"LBRM_20_0870",0,NA,NA,NA,NA,NA
"LBRM_20_0880",0,NA,NA,NA,NA,NA
"LBRM_20_0890",0,NA,NA,NA,NA,NA
"LBRM_20_0900",0,NA,NA,NA,NA,NA
"LBRM_20_0910",0,NA,NA,NA,NA,NA
"LBRM_20_0920",0.106620929128686,0.512386596321632,4.0804728567969,0.125570396937733,0.900071997253288,NA
"LBRM_20_0930",0,NA,NA,NA,NA,NA
"LBRM_20_0940",0.565301638097838,0.637177363423459,3.08998274328751,0.206207418085951,0.836628893575581,NA
"LBRM_20_0950",0,NA,NA,NA,NA,NA
"LBRM_20_0960",0,NA,NA,NA,NA,NA
"LBRM_20_0970",1.62816009558257,-0.754436018095605,1.87284171129155,-0.402829568322317,0.687073607482666,0.97845571662501
"LBRM_20_0980",0,NA,NA,NA,NA,NA
"LBRM_20_0990",0,NA,NA,NA,NA,NA
"LBRM_20_1000",0,NA,NA,NA,NA,NA
"LBRM_20_1010",0.0777714885289751,0.512386596321632,4.0804728567969,0.125570396937733,0.900071997253288,NA
"LBRM_20_1020",0.215282410047006,-0.521705569758801,4.02699186999459,-0.129552178549469,0.896920740266371,NA
"LBRM_20_1030",1.18229942763914,-1.03823707249353,2.15225497853656,-0.48239501492499,0.629525361757023,0.97845571662501
"LBRM_20_1040",3.19113741304254,-0.274230963908765,1.31389894438402,-0.208715415352837,0.834670405452428,0.97845571662501
"LBRM_20_1050",1.65573250902361,0.223288205224518,1.8098298864046,0.123375244768502,0.901809959105984,0.97845571662501
"LBRM_20_1060",0,NA,NA,NA,NA,NA
"LBRM_20_1070",0,NA,NA,NA,NA,NA
"LBRM_20_1080",0,NA,NA,NA,NA,NA
"LBRM_20_1090",2.53315231026819,-1.18725753494602,1.51645238771285,-0.782917778735322,0.433675396533143,0.97845571662501
"LBRM_20_1100",0.516379590168574,0.975274502243785,3.23299260215184,0.301663078843624,0.762908916596105,NA
"LBRM_20_1110",0,NA,NA,NA,NA,NA
"LBRM_20_1120",1.39482122168042,1.3031482788368,2.03633432110555,0.639948099548459,0.522206341702672,0.97845571662501
"LBRM_20_1130",0.228320078589759,1.40625154395371,4.07009308958569,0.345508447350244,0.729712160779994,NA
"LBRM_20_1140",0.450678105542845,3.32271092996418,4.01688493769328,0.827185986530216,0.408131653169535,NA
"LBRM_20_1150",0,NA,NA,NA,NA,NA
"LBRM_20_1160",1.82039165477727,0.86519528876392,1.67327136415468,0.517068126126097,0.605108602854454,0.97845571662501
"LBRM_20_1170",0.482508571960893,2.18812578744307,3.32949496545596,0.657194502513212,0.51105586000068,NA
"LBRM_20_1180",0.443602488636765,-0.081680203916819,3.14727451345204,-0.0259526786010253,0.979295082729114,NA
"LBRM_20_1190",0.225339052771423,2.57585470100848,4.06349269559957,0.633901644218018,0.526145012480435,NA
"LBRM_20_1200",0.0777714885289751,0.512386596321632,4.0804728567969,0.125570396937733,0.900071997253288,NA
"LBRM_20_1210",0.715850228158622,1.07017216754736,2.82744461968759,0.378494475221801,0.705063297192577,NA
"LBRM_20_1220",0.150548590060784,2.36802554841367,4.07009331419134,0.581811119700128,0.560693913243612,NA
"LBRM_20_1230",0.150548590060784,2.36802554841367,4.07009331419134,0.581811119700128,0.560693913243612,NA
"LBRM_20_1240",1.1926008884914,1.31371707386135,2.24735186642196,0.584562254576068,0.558842093886834,0.97845571662501
"LBRM_20_1250",0,NA,NA,NA,NA,NA
"LBRM_20_1260",0.301097180121568,2.94536147983492,4.04378005220696,0.728368368657302,0.466388120880344,NA
"LBRM_20_1270",0,NA,NA,NA,NA,NA
"LBRM_20_1271",0,NA,NA,NA,NA,NA
"LBRM_20_1280",0.150548590060784,2.36802554841367,4.07009331419134,0.581811119700128,0.560693913243612,NA
"LBRM_20_1290",0.186432969447295,-0.33622145367943,4.04316669949863,-0.083157949861707,0.933725948031842,NA
"LBRM_20_1300",0.150548590060784,2.36802554841367,4.07009331419134,0.581811119700128,0.560693913243612,NA
"LBRM_20_1310",0,NA,NA,NA,NA,NA
"LBRM_20_1320",0,NA,NA,NA,NA,NA
"LBRM_20_1330",0.150548590060784,2.36802554841367,4.07009331419134,0.581811119700128,0.560693913243612,NA
"LBRM_20_1340",0,NA,NA,NA,NA,NA
"LBRM_20_1350",0,NA,NA,NA,NA,NA
"LBRM_20_1360",0,NA,NA,NA,NA,NA
"LBRM_20_1370",0.826769888383606,2.44990725715277,2.80329475323734,0.873938516213301,0.38215173783949,NA
"LBRM_20_1380",0.10866148091832,0.512386596321631,4.0804728567969,0.125570396937733,0.900071997253288,NA
"LBRM_20_1390",1.07367862484011,1.4022712974884,2.27447774723066,0.616524518296897,0.537548395007602,0.97845571662501
"LBRM_20_1400",0,NA,NA,NA,NA,NA
"LBRM_20_1410",0.945488012026342,4.03915708245817,2.63014996729183,1.53571360290803,0.124608637341088,0.786201095137236
"LBRM_20_1420",0.334000533689742,1.61408529533901,4.06349235823931,0.397216274337571,0.691207982142509,NA
"LBRM_20_1430",0,NA,NA,NA,NA,NA
"LBRM_20_1440",0,NA,NA,NA,NA,NA
"LBRM_20_1450",0,NA,NA,NA,NA,NA
"LBRM_20_1460",0,NA,NA,NA,NA,NA
"LBRM_20_1470",0.862654267770117,0.0812537032023511,2.5866171287798,0.0314131157248934,0.974940081477929,NA
"LBRM_20_1480",0,NA,NA,NA,NA,NA
"LBRM_20_1490",0.412712496247421,0.0561632178876675,3.48750427382977,0.0161041287631147,0.987151319666268,NA
"LBRM_20_1500",0.150548590060784,2.36802554841367,4.07009331419134,0.581811119700128,0.560693913243612,NA
"LBRM_20_1510",0.0777714885289751,0.512386596321632,4.0804728567969,0.125570396937733,0.900071997253288,NA
"LBRM_20_1520",0.0777714885289751,0.512386596321632,4.0804728567969,0.125570396937733,0.900071997253288,NA
"LBRM_20_1530",0,NA,NA,NA,NA,NA
"LBRM_20_1540",0,NA,NA,NA,NA,NA
"LBRM_20_1550",0,NA,NA,NA,NA,NA
"LBRM_20_1560",0.15554297705795,-0.121015899195086,4.06395245618752,-0.0297778826154414,0.976244198059474,NA
"LBRM_20_1570",0.334941007718446,0.571059908719948,3.80738004106996,0.14998762996075,0.880774374718182,NA
"LBRM_20_1580",0,NA,NA,NA,NA,NA
"LBRM_20_1590",0,NA,NA,NA,NA,NA
"LBRM_20_1600",0.150548590060784,2.36802554841367,4.07009331419134,0.581811119700128,0.560693913243612,NA
"LBRM_20_1610",0.225339052771423,2.57585470100848,4.06349269559957,0.633901644218018,0.526145012480435,NA
"LBRM_20_1620",0,NA,NA,NA,NA,NA
"LBRM_20_1630",0.569600369194135,2.56902019336441,3.72121552354445,0.690371244855345,0.489960754983094,NA
"LBRM_20_1640",0,NA,NA,NA,NA,NA
"LBRM_20_1650",0,NA,NA,NA,NA,NA
"LBRM_20_1660",0.36583100010779,0.37730783828149,3.68378700877705,0.102423901648632,0.918420212664091,NA
"LBRM_20_1670",0,NA,NA,NA,NA,NA
"LBRM_20_1680",0.63711107499014,1.50505814136872,3.01048876571126,0.499938135797406,0.617118638607064,NA
"LBRM_20_1690",0,NA,NA,NA,NA,NA
"LBRM_20_1700",0,NA,NA,NA,NA,NA
"LBRM_20_1710",0,NA,NA,NA,NA,NA
"LBRM_20_1720",0,NA,NA,NA,NA,NA
"LBRM_20_1730",0.150548590060784,2.36802554841367,4.07009331419134,0.581811119700128,0.560693913243612,NA
"LBRM_20_1740",0.10866148091832,0.512386596321631,4.0804728567969,0.125570396937733,0.900071997253288,NA
"LBRM_20_1750",0.15554297705795,-0.121015899195086,4.06395245618752,-0.0297778826154414,0.976244198059474,NA
"LBRM_20_1760",0,NA,NA,NA,NA,NA
"LBRM_20_1770",0.225339052771423,2.57585470100848,4.06349269559957,0.633901644218018,0.526145012480435,NA
"LBRM_20_1780",0,NA,NA,NA,NA,NA
"LBRM_20_1790",0.375887642832207,3.14688176220709,3.93733525674645,0.799241506502413,0.42415038880027,NA
"LBRM_20_1800",0.10866148091832,0.512386596321631,4.0804728567969,0.125570396937733,0.900071997253288,NA
"LBRM_20_1810",0,NA,NA,NA,NA,NA
"LBRM_20_1820",0,NA,NA,NA,NA,NA
"LBRM_20_1830",0,NA,NA,NA,NA,NA
"LBRM_20_1840",0.225339052771423,2.57585470100848,4.06349269559957,0.633901644218018,0.526145012480435,NA
"LBRM_20_1850",0,NA,NA,NA,NA,NA
"LBRM_20_1860",0.375887642832207,3.14688176220709,3.93733525674645,0.799241506502413,0.42415038880027,NA
"LBRM_20_1870",0,NA,NA,NA,NA,NA
"LBRM_20_1880",0.225339052771423,2.57585470100848,4.06349269559957,0.633901644218018,0.526145012480435,NA
"LBRM_20_1890",0,NA,NA,NA,NA,NA
"LBRM_20_1900",0,NA,NA,NA,NA,NA
"LBRM_20_1910",0,NA,NA,NA,NA,NA
"LBRM_20_1920",0,NA,NA,NA,NA,NA
"LBRM_20_1930",0.10866148091832,0.512386596321631,4.0804728567969,0.125570396937733,0.900071997253288,NA
"LBRM_20_1940",0,NA,NA,NA,NA,NA
"LBRM_20_1950",0.409758661039888,1.98703088806636,3.83602284252577,0.517992454590814,0.604463533839926,NA
"LBRM_20_1960",0.10866148091832,0.512386596321631,4.0804728567969,0.125570396937733,0.900071997253288,NA
"LBRM_20_1970",0,NA,NA,NA,NA,NA
"LBRM_20_1980",0,NA,NA,NA,NA,NA
"LBRM_20_1990",0,NA,NA,NA,NA,NA
"LBRM_20_1_snoRNA1",0,NA,NA,NA,NA,NA
"LBRM_20_1_snoRNA2",0,NA,NA,NA,NA,NA
"LBRM_20_1_tRNA1",5.20988335824487,-0.791137262503606,1.07845669737071,-0.733582780312278,0.463203058932248,0.97845571662501
"LBRM_20_1_tRNA10",0,NA,NA,NA,NA,NA
"LBRM_20_1_tRNA2",0.508336308622987,-1.77224450007701,3.16707393716264,-0.559584188825332,0.575763092013628,NA
"LBRM_20_1_tRNA3",4.07043538004895,-2.71637393998176,1.41456633095956,-1.9202874269877,0.0548216036237732,0.71286751852592
"LBRM_20_1_tRNA4",5.84683482950278,-0.684463003710538,1.03194568676521,-0.663274252210007,0.507154923748867,0.97845571662501
"LBRM_20_1_tRNA5",0.640092100808476,0.821731780753375,2.75350770085663,0.298430899792918,0.765374308277107,NA
"LBRM_20_1_tRNA6",0.215282410047006,-0.521705569758801,4.02699186999459,-0.129552178549469,0.896920740266371,NA
"LBRM_20_1_tRNA7",0.897234429387143,0.235308953830933,2.58827422765608,0.090913455505071,0.927561358523725,NA
"LBRM_20_1_tRNA8",0,NA,NA,NA,NA,NA
"LBRM_20_1_tRNA9",0.303110541300398,1.61408529533901,4.06349235823931,0.397216274337571,0.691207982142509,NA
"LBRM_20_2000",0,NA,NA,NA,NA,NA
"LBRM_20_2010",0,NA,NA,NA,NA,NA
"LBRM_20_2020",0.225339052771423,2.57585470100848,4.06349269559957,0.633901644218018,0.526145012480435,NA
"LBRM_20_2030",0.215282410047006,-0.521705569758801,4.02699186999459,-0.129552178549469,0.896920740266371,NA
"LBRM_20_2040",0,NA,NA,NA,NA,NA
"LBRM_20_2050",0.828810440173239,2.44968735264397,2.80114695481242,0.874530109330881,0.381829630473633,NA
"LBRM_20_2060",0.676017158314268,3.77421191896496,3.42559546891262,1.10176813147263,0.270562488402665,NA
"LBRM_20_2070",0.10866148091832,0.512386596321631,4.0804728567969,0.125570396937733,0.900071997253288,NA
"LBRM_20_2080",0,NA,NA,NA,NA,NA
"LBRM_20_2090",0,NA,NA,NA,NA,NA
"LBRM_20_2100",0.15554297705795,-0.121015899195086,4.06395245618752,-0.0297778826154414,0.976244198059474,NA
"LBRM_20_2110",0.184392417657661,-0.322972510444289,4.04440056163657,-0.0798567069513009,0.936351222660643,NA
"LBRM_20_2120",0.150548590060784,2.36802554841367,4.07009331419134,0.581811119700128,0.560693913243612,NA
"LBRM_20_2130",0,NA,NA,NA,NA,NA
"LBRM_20_2140",0.601186017484349,-0.714437318842775,3.00773442947285,-0.237533377894667,0.8122430282019,NA
"LBRM_20_2150",0,NA,NA,NA,NA,NA
"LBRM_20_2160",0,NA,NA,NA,NA,NA
"LBRM_20_2170",0,NA,NA,NA,NA,NA
"LBRM_20_2180",0,NA,NA,NA,NA,NA
"LBRM_20_2190",0.0777714885289751,0.512386596321632,4.0804728567969,0.125570396937733,0.900071997253288,NA
"LBRM_20_2200",0,NA,NA,NA,NA,NA
"LBRM_20_2210",0.225339052771423,2.57585470100848,4.06349269559957,0.633901644218018,0.526145012480435,NA
"LBRM_20_2220",0.10866148091832,0.512386596321631,4.0804728567969,0.125570396937733,0.900071997253288,NA
"LBRM_20_2230",0,NA,NA,NA,NA,NA
"LBRM_20_2240",0.186432969447295,-0.33622145367943,4.04316669949863,-0.083157949861707,0.933725948031842,NA
"LBRM_20_2250",0.225339052771423,2.57585470100848,4.06349269559957,0.633901644218018,0.526145012480435,NA
"LBRM_20_2260",0.106620929128686,0.512386596321632,4.0804728567969,0.125570396937733,0.900071997253288,NA
"LBRM_20_2270",0,NA,NA,NA,NA,NA
"LBRM_20_2280",0,NA,NA,NA,NA,NA
"LBRM_20_2290",0,NA,NA,NA,NA,NA
"LBRM_20_2300",0.26420445797627,-0.845932859173047,4.00312810314672,-0.21131795870037,0.832639170313903,NA
"LBRM_20_2310",0.225339052771423,2.57585470100848,4.06349269559957,0.633901644218018,0.526145012480435,NA
"LBRM_20_2320",0,NA,NA,NA,NA,NA
"LBRM_20_2330",0.0777714885289751,0.512386596321632,4.0804728567969,0.125570396937733,0.900071997253288,NA
"LBRM_20_2340",0.375887642832207,3.14688176220709,3.93733525674645,0.799241506502413,0.42415038880027,NA
"LBRM_20_2350",0.150548590060784,2.36802554841367,4.07009331419134,0.581811119700128,0.560693913243612,NA
"LBRM_20_2360",0.367871551897423,0.360330296647215,4.00569038940248,0.0899546049790844,0.928323288495364,NA
"LBRM_20_2370",0.215282410047006,-0.521705569758801,4.02699186999459,-0.129552178549469,0.896920740266371,NA
"LBRM_20_2380",0,NA,NA,NA,NA,NA
"LBRM_20_2390",0,NA,NA,NA,NA,NA
"LBRM_20_2400",0.301097180121568,2.94536147983492,4.04378005220696,0.728368368657302,0.466388120880344,NA
"LBRM_20_2410",0,NA,NA,NA,NA,NA
"LBRM_20_2420",0,NA,NA,NA,NA,NA
"LBRM_20_2430",0.484549123750526,2.18815698437253,3.32455332860874,0.658180744325201,0.510421996464077,NA
"LBRM_20_2440",0.295094450365614,-0.991002081466368,3.99402597456254,-0.248121090793585,0.804040717664925,NA
"LBRM_20_2450",0,NA,NA,NA,NA,NA
"LBRM_20_2460",0.228320078589759,1.40625154395371,4.07009308958569,0.345508447350244,0.729712160779994,NA
"LBRM_20_2470",0,NA,NA,NA,NA,NA
"LBRM_20_2480",0.520433503137037,0.0949642722930389,3.2010196652682,0.0296668818762418,0.976332724723723,NA
"LBRM_20_2490",0,NA,NA,NA,NA,NA
"LBRM_20_2500",0,NA,NA,NA,NA,NA
"LBRM_20_2510",0,NA,NA,NA,NA,NA
"LBRM_20_2520",0,NA,NA,NA,NA,NA
"LBRM_20_2530",0,NA,NA,NA,NA,NA
"LBRM_20_2540",0.150548590060784,2.36802554841367,4.07009331419134,0.581811119700128,0.560693913243612,NA
"LBRM_20_2550",0.0777714885289751,0.512386596321632,4.0804728567969,0.125570396937733,0.900071997253288,NA
"LBRM_20_2560",0,NA,NA,NA,NA,NA
"LBRM_20_2570",0,NA,NA,NA,NA,NA
"LBRM_20_2580",0.259210070979104,1.40625154395371,4.07009308958569,0.345508447350243,0.729712160779994,NA
"LBRM_20_2590",0,NA,NA,NA,NA,NA
"LBRM_20_2600",0.228320078589759,1.40625154395371,4.07009308958569,0.345508447350244,0.729712160779994,NA
"LBRM_20_2610",0,NA,NA,NA,NA,NA
"LBRM_20_2620",0.301097180121568,2.94536147983492,4.04378005220696,0.728368368657302,0.466388120880344,NA
"LBRM_20_2630",0,NA,NA,NA,NA,NA
"LBRM_20_2640",0.676221298322822,1.59462830001721,3.26104804272725,0.488992581257285,0.624846949119947,NA
"LBRM_20_2650",0,NA,NA,NA,NA,NA
"LBRM_20_2660",0.453659131361182,2.18767694246641,3.40299717706313,0.642867692401212,0.520309954570993,NA
"LBRM_20_2670",0.0777714885289751,0.512386596321632,4.0804728567969,0.125570396937733,0.900071997253288,NA
"LBRM_20_2680",0,NA,NA,NA,NA,NA
"LBRM_20_2690",0.510376860412621,-1.77755227445544,3.18270140311679,-0.558504254503643,0.576500100125013,NA
"LBRM_20_2700",0,NA,NA,NA,NA,NA
"LBRM_20_2710",0.10866148091832,0.512386596321631,4.0804728567969,0.125570396937733,0.900071997253288,NA
"LBRM_20_2720",0.10866148091832,0.512386596321631,4.0804728567969,0.125570396937733,0.900071997253288,NA
"LBRM_20_2730",0.0777714885289751,0.512386596321632,4.0804728567969,0.125570396937733,0.900071997253288,NA
"LBRM_20_2740",0,NA,NA,NA,NA,NA
"LBRM_20_2750",0.0777714885289751,0.512386596321632,4.0804728567969,0.125570396937733,0.900071997253288,NA
"LBRM_20_2760",0.0777714885289751,0.512386596321632,4.0804728567969,0.125570396937733,0.900071997253288,NA
"LBRM_20_2770",0.0777714885289751,0.512386596321632,4.0804728567969,0.125570396937733,0.900071997253288,NA
"LBRM_20_2780",0.15554297705795,-0.121015899195086,4.06395245618752,-0.0297778826154414,0.976244198059474,NA
"LBRM_20_2790",0,NA,NA,NA,NA,NA
"LBRM_20_2800",0,NA,NA,NA,NA,NA
"LBRM_20_2810",0.184392417657661,-0.322972510444289,4.04440056163657,-0.0798567069513009,0.936351222660643,NA
"LBRM_20_2820",0,NA,NA,NA,NA,NA
"LBRM_20_2830",0.10866148091832,0.512386596321631,4.0804728567969,0.125570396937733,0.900071997253288,NA
"LBRM_20_2840",0,NA,NA,NA,NA,NA
"LBRM_20_2850",0,NA,NA,NA,NA,NA
"LBRM_20_2860",0.106620929128686,0.512386596321632,4.0804728567969,0.125570396937733,0.900071997253288,NA
"LBRM_20_2870",0.375887642832207,3.14688176220709,3.93733525674645,0.799241506502413,0.42415038880027,NA
"LBRM_20_2880",0.106620929128686,0.512386596321632,4.0804728567969,0.125570396937733,0.900071997253288,NA
"LBRM_20_2890",0.106620929128686,0.512386596321632,4.0804728567969,0.125570396937733,0.900071997253288,NA
"LBRM_20_2900",0,NA,NA,NA,NA,NA
"LBRM_20_2910",0,NA,NA,NA,NA,NA
"LBRM_20_2920",0,NA,NA,NA,NA,NA
"LBRM_20_2930",0.225339052771423,2.57585470100848,4.06349269559957,0.633901644218018,0.526145012480435,NA
"LBRM_20_2940",0.380882029829373,0.977226041233979,3.94949654547106,0.247430534495486,0.804575045569454,NA
"LBRM_20_2950",0.225339052771423,2.57585470100848,4.06349269559957,0.633901644218018,0.526145012480435,NA
"LBRM_20_2960",0,NA,NA,NA,NA,NA
"LBRM_20_2970",0.0777714885289751,0.512386596321632,4.0804728567969,0.125570396937733,0.900071997253288,NA
"LBRM_20_2980",0.228320078589759,1.40625154395371,4.07009308958569,0.345508447350244,0.729712160779994,NA
"LBRM_20_2990",0.150548590060784,2.36802554841367,4.07009331419134,0.581811119700128,0.560693913243612,NA
"LBRM_20_3000",0,NA,NA,NA,NA,NA
"LBRM_20_3010",0,NA,NA,NA,NA,NA
"LBRM_20_3020",0.215282410047006,-0.521705569758801,4.02699186999459,-0.129552178549469,0.896920740266371,NA
"LBRM_20_3030",0.403755931283934,-1.4415705725806,3.81055664792952,-0.378309707943558,0.705200534507425,NA
"LBRM_20_3040",0.228320078589759,1.40625154395371,4.07009308958569,0.345508447350244,0.729712160779994,NA
"LBRM_20_3050",0.10866148091832,0.512386596321631,4.0804728567969,0.125570396937733,0.900071997253288,NA
"LBRM_20_3060",0,NA,NA,NA,NA,NA
"LBRM_20_3070",0.225339052771423,2.57585470100848,4.06349269559957,0.633901644218018,0.526145012480435,NA
"LBRM_20_3080",0.51635239955777,0.111975875760173,3.20954280029491,0.034888419543707,0.972168714858246,NA
"LBRM_20_3090",0.334000533689742,1.61408529533901,4.06349235823931,0.397216274337571,0.691207982142509,NA
"LBRM_20_3100",10.5877162505809,-0.896126277888697,0.76881897523163,-1.16558813811627,0.243781006009547,0.911448662524806
"LBRM_20_3110",0,NA,NA,NA,NA,NA
"LBRM_20_3120",0,NA,NA,NA,NA,NA
"LBRM_20_3130",0,NA,NA,NA,NA,NA
"LBRM_20_3140",0,NA,NA,NA,NA,NA
"LBRM_20_3150",1.13192098147364,2.18234155776675,2.23554558293776,0.97620087661058,0.32896492892409,0.95245441515206
"LBRM_20_3160",0.10866148091832,0.512386596321631,4.0804728567969,0.125570396937733,0.900071997253288,NA
"LBRM_20_3170",0.678261850112455,1.59451783523087,3.25770653029984,0.489460244623112,0.624515893587791,NA
"LBRM_20_3180",0.150548590060784,2.36802554841367,4.07009331419134,0.581811119700128,0.560693913243612,NA
"LBRM_20_3190",0.225339052771423,2.57585470100848,4.06349269559957,0.633901644218018,0.526145012480435,NA
"LBRM_20_3200",0,NA,NA,NA,NA,NA
"LBRM_20_3210",0,NA,NA,NA,NA,NA
"LBRM_20_3220",0.10866148091832,0.512386596321631,4.0804728567969,0.125570396937733,0.900071997253288,NA
"LBRM_20_3230",0,NA,NA,NA,NA,NA
"LBRM_20_3240",0,NA,NA,NA,NA,NA
"LBRM_20_3250",0.0777714885289751,0.512386596321632,4.0804728567969,0.125570396937733,0.900071997253288,NA
"LBRM_20_3260",0,NA,NA,NA,NA,NA
"LBRM_20_3270",0,NA,NA,NA,NA,NA
"LBRM_20_3280",0.106620929128686,0.512386596321632,4.0804728567969,0.125570396937733,0.900071997253288,NA
"LBRM_20_3290",0,NA,NA,NA,NA,NA
"LBRM_20_3300",0,NA,NA,NA,NA,NA
"LBRM_20_3310",0,NA,NA,NA,NA,NA
"LBRM_20_3320",0,NA,NA,NA,NA,NA
"LBRM_20_3330",0,NA,NA,NA,NA,NA
"LBRM_20_3340",0,NA,NA,NA,NA,NA
"LBRM_20_3350",0,NA,NA,NA,NA,NA
"LBRM_20_3360",0,NA,NA,NA,NA,NA
"LBRM_20_3370",0,NA,NA,NA,NA,NA
"LBRM_20_3380",0.106620929128686,0.512386596321632,4.0804728567969,0.125570396937733,0.900071997253288,NA
"LBRM_20_3390",0.186432969447295,-0.33622145367943,4.04316669949863,-0.083157949861707,0.933725948031842,NA
"LBRM_20_3400",0,NA,NA,NA,NA,NA
"LBRM_20_3410",0,NA,NA,NA,NA,NA
"LBRM_20_3420",0,NA,NA,NA,NA,NA
"LBRM_20_3430",0.10866148091832,0.512386596321631,4.0804728567969,0.125570396937733,0.900071997253288,NA
"LBRM_20_3440",0.150548590060784,2.36802554841367,4.07009331419134,0.581811119700128,0.560693913243612,NA
"LBRM_20_3450",0,NA,NA,NA,NA,NA
"LBRM_20_3460",0,NA,NA,NA,NA,NA
"LBRM_20_3470",0,NA,NA,NA,NA,NA
"LBRM_20_3480",0,NA,NA,NA,NA,NA
"LBRM_20_3490",0.902283197605917,0.321432132730338,2.56418928980076,0.125354291903822,0.900243072380956,NA
"LBRM_20_3500",0.225339052771423,2.57585470100848,4.06349269559957,0.633901644218018,0.526145012480435,NA
"LBRM_20_3510",0,NA,NA,NA,NA,NA
"LBRM_20_3520",0.10866148091832,0.512386596321631,4.0804728567969,0.125570396937733,0.900071997253288,NA
"LBRM_20_3530",0,NA,NA,NA,NA,NA
"LBRM_20_3540",0.676221298322822,1.59462830001721,3.26104804272725,0.488992581257285,0.624846949119947,NA
"LBRM_20_3550",0.822443966676505,0.0744015235435413,2.49032049475391,0.0298762844783533,0.976165719649451,NA
"LBRM_20_3560",0.225339052771423,2.57585470100848,4.06349269559957,0.633901644218018,0.526145012480435,NA
"LBRM_20_3561",0,NA,NA,NA,NA,NA
"LBRM_20_3570",0.150548590060784,2.36802554841367,4.07009331419134,0.581811119700128,0.560693913243612,NA
"LBRM_20_3580",0,NA,NA,NA,NA,NA
"LBRM_20_3590",0.440621462818429,0.57464025758787,3.43492684945294,0.167293302819357,0.867139273458387,NA
"LBRM_20_3600",0.901560351094244,2.66466023462672,2.73321088695414,0.974919369502506,0.329600257279052,NA
"LBRM_20_3610",0.306091567118734,0.772849864308764,4.05352984767767,0.190660953132377,0.848791232320037,NA
"LBRM_20_3620",0.184392417657661,-0.322972510444289,4.04440056163657,-0.0798567069513009,0.936351222660643,NA
"LBRM_20_3630",0.106620929128686,0.512386596321632,4.0804728567969,0.125570396937733,0.900071997253288,NA
"LBRM_20_3640",0,NA,NA,NA,NA,NA
"LBRM_20_3650",0.0777714885289751,0.512386596321632,4.0804728567969,0.125570396937733,0.900071997253288,NA
"LBRM_20_3660",0,NA,NA,NA,NA,NA
"LBRM_20_3670",0,NA,NA,NA,NA,NA
"LBRM_20_3680",0,NA,NA,NA,NA,NA
"LBRM_20_3690",0.598204991666012,-0.257557149780108,3.01545033982433,-0.0854124992140023,0.93193345654037,NA
"LBRM_20_3700",0.518392951347404,0.0965461764559848,2.97752437417506,0.0324249827451819,0.97413313961054,NA
"LBRM_20_3710",0,NA,NA,NA,NA,NA
"LBRM_20_3720",0.217322961836639,-0.533674641665669,4.02601547254019,-0.132556530223405,0.894544112800906,NA
"LBRM_20_3730",0.184392417657661,-0.322972510444289,4.04440056163657,-0.0798567069513009,0.936351222660643,NA
"LBRM_20_3740",0.704825920794698,-0.630237659476267,2.63236891082394,-0.239418440509921,0.810781132285663,NA
"LBRM_20_3750",0,NA,NA,NA,NA,NA
"LBRM_20_3760",0.640092100808476,0.821731780753375,2.75350770085663,0.298430899792918,0.765374308277107,NA
"LBRM_20_3770",0.331959981900109,1.61408529533901,4.06349235823931,0.397216274337571,0.691207982142509,NA
"LBRM_20_3780",0.403755931283934,-1.4415705725806,3.81055664792952,-0.378309707943558,0.705200534507425,NA
"LBRM_20_3790",2.42355035532117,-0.955870839944365,1.52910867809909,-0.625116352836774,0.531894695954936,0.97845571662501
"LBRM_20_3800",0.150548590060784,2.36802554841367,4.07009331419134,0.581811119700128,0.560693913243612,NA
"LBRM_20_3810",1.02027847473698,4.16491545285351,2.73941895978004,1.52036454226335,0.128419380876531,0.786201095137236
"LBRM_20_3820",0.225339052771423,2.57585470100848,4.06349269559957,0.633901644218018,0.526145012480435,NA
"LBRM_20_3830",0,NA,NA,NA,NA,NA
"LBRM_20_3840",0.215282410047006,-0.521705569758801,4.02699186999459,-0.129552178549469,0.896920740266371,NA
"LBRM_20_3850",0.339935394715612,-1.21155545015764,3.981790425827,-0.304274037704033,0.760919122927854,NA
"LBRM_20_3860",0,NA,NA,NA,NA,NA
"LBRM_20_3870",0.562320612279501,1.33863253679492,2.92311920970638,0.45794661139714,0.646990798234297,NA
"LBRM_20_3880",0.794939421965558,3.66299337614718,3.01117239705661,1.21646750605436,0.223806881932692,NA
"LBRM_20_3890",1.00797714021438,3.18363898355435,2.78136311443336,1.14463263247918,0.2523613686041,0.911448662524806
"LBRM_20_3900",0,NA,NA,NA,NA,NA
"LBRM_20_3910",0,NA,NA,NA,NA,NA
"LBRM_20_3920",0.225339052771423,2.57585470100848,4.06349269559957,0.633901644218018,0.526145012480435,NA
"LBRM_20_3930",2.12346151795839,-0.241751352068641,1.56311513305526,-0.154659977986468,0.877089383204246,0.97845571662501
"LBRM_20_3940",0,NA,NA,NA,NA,NA
"LBRM_20_3950",0,NA,NA,NA,NA,NA
"LBRM_20_3960",0,NA,NA,NA,NA,NA
"LBRM_20_3970",0,NA,NA,NA,NA,NA
"LBRM_20_3980",0,NA,NA,NA,NA,NA
"LBRM_20_3990",4.10143427990342,0.222983314876117,1.29814706810353,0.17177045679568,0.86361799233665,0.97845571662501
"LBRM_20_4000",0.215282410047006,-0.521705569758801,4.02699186999459,-0.129552178549469,0.896920740266371,NA
"LBRM_20_4010",0,NA,NA,NA,NA,NA
"LBRM_20_4020",0.658884898683771,-0.866953485295608,2.70407435376815,-0.32061007645278,0.748505900524562,NA
"LBRM_20_4030",0.520433503137037,0.0949642722930389,3.2010196652682,0.0296668818762418,0.976332724723723,NA
"LBRM_20_4040",0.601226695603629,3.65666645920249,3.27360907528349,1.1170137835978,0.263988431772301,NA
"LBRM_20_4050",1.08868897644241,-0.595272237252777,2.11927299958642,-0.280885113606857,0.778798518819993,0.97845571662501
"LBRM_20_4060",0.986763777004614,-0.351668571572594,2.38799142551027,-0.147265424748101,0.882922521943337,0.97845571662501
"LBRM_20_4070",1.1434340224343,0.0539621231323597,2.06410966663818,0.0261430504418149,0.979143239497656,0.994222666692539
"LBRM_20_4080",7.00715665405551,0.023181182594059,0.892490606997548,0.025973587186585,0.979278405713313,0.994222666692539
"LBRM_20_4090",6.65486297689396,-1.04007149433548,0.973124706248357,-1.06879569253279,0.285161740718389,0.922176274419951
"LBRM_20_4100",1.04478850612111,-0.809058241641745,2.26704060188501,-0.35687858478098,0.721182702285337,0.97845571662501
"LBRM_20_4110",0.370825387104956,-1.32784186481398,3.58695565306301,-0.370186306507606,0.711243678831557,NA
"LBRM_20_4120",0.939175919751215,2.17078423895556,2.6237488393664,0.827359771021291,0.40803317504737,0.97845571662501
"LBRM_20_4130",0,NA,NA,NA,NA,NA
"LBRM_20_4140",0.293053898575981,-0.981973165309184,3.95663099556679,-0.248184166380296,0.803991916578278,NA
"LBRM_20_4150",1.11053066886612,0.519625052192193,2.22285493356958,0.233764715971703,0.815167643244443,0.97845571662501
"LBRM_20_4160",0,NA,NA,NA,NA,NA
"LBRM_20_4170",0,NA,NA,NA,NA,NA
"LBRM_20_4180",0.228320078589759,1.40625154395371,4.07009308958569,0.345508447350244,0.729712160779994,NA
"LBRM_20_4190",0.323943890965326,-1.11648607053824,3.98684133574665,-0.280042764814253,0.779444695381189,NA
"LBRM_20_4200",0,NA,NA,NA,NA,NA
"LBRM_20_4210",0.10866148091832,0.512386596321631,4.0804728567969,0.125570396937733,0.900071997253288,NA
"LBRM_20_4220",0.291013346786348,-0.973012266528396,3.99510687890662,-0.243550997763216,0.807578583630658,NA
"LBRM_20_4230",0.26420445797627,-0.845932859173047,4.00312810314672,-0.21131795870037,0.832639170313903,NA
"LBRM_20_4240",0,NA,NA,NA,NA,NA
"LBRM_20_4250",0,NA,NA,NA,NA,NA
"LBRM_20_4260",0.150548590060784,2.36802554841367,4.07009331419134,0.581811119700128,0.560693913243612,NA
"LBRM_20_4270",0.0777714885289751,0.512386596321632,4.0804728567969,0.125570396937733,0.900071997253288,NA
"LBRM_20_4280",0.106620929128686,0.512386596321632,4.0804728567969,0.125570396937733,0.900071997253288,NA
"LBRM_20_4290",0.10866148091832,0.512386596321631,4.0804728567969,0.125570396937733,0.900071997253288,NA
"LBRM_20_4300",0,NA,NA,NA,NA,NA
"LBRM_20_4310",0,NA,NA,NA,NA,NA
"LBRM_20_4320",0.645847230141018,-2.1142143987423,3.1583476578829,-0.66940521682768,0.503237024699333,NA
"LBRM_20_4330",0.0777714885289751,0.512386596321632,4.0804728567969,0.125570396937733,0.900071997253288,NA
"LBRM_20_4340",0,NA,NA,NA,NA,NA
"LBRM_20_4350",0.10866148091832,0.512386596321631,4.0804728567969,0.125570396937733,0.900071997253288,NA
"LBRM_20_4360",0,NA,NA,NA,NA,NA
"LBRM_20_4370",0,NA,NA,NA,NA,NA
"LBRM_20_4380",0.25716951918947,1.40625154395371,4.07009308958569,0.345508447350243,0.729712160779994,NA
"LBRM_20_4390",0,NA,NA,NA,NA,NA
"LBRM_20_4400",0.0777714885289751,0.512386596321632,4.0804728567969,0.125570396937733,0.900071997253288,NA
"LBRM_20_4410",0.225339052771423,2.57585470100848,4.06349269559957,0.633901644218018,0.526145012480435,NA
"LBRM_20_4420",0.303110541300398,1.61408529533901,4.06349235823931,0.397216274337571,0.691207982142509,NA
"LBRM_20_4430",0,NA,NA,NA,NA,NA
"LBRM_20_4440",0,NA,NA,NA,NA,NA
"LBRM_20_4450",0,NA,NA,NA,NA,NA
"LBRM_20_4460",2.03155228312573,-0.74343811865497,1.63792343638002,-0.453890641126696,0.649907539954422,0.97845571662501
"LBRM_20_4470",0.451645770182352,3.36570143917267,3.99693293608688,0.842071031211195,0.39974819525179,NA
"LBRM_20_4480",0,NA,NA,NA,NA,NA
"LBRM_20_4490",0.225339052771423,2.57585470100848,4.06349269559957,0.633901644218018,0.526145012480435,NA
"LBRM_20_4500",0,NA,NA,NA,NA,NA
"LBRM_20_4510",0,NA,NA,NA,NA,NA
"LBRM_20_4520",0,NA,NA,NA,NA,NA
"LBRM_20_4530",0,NA,NA,NA,NA,NA
"LBRM_20_4540",0,NA,NA,NA,NA,NA
"LBRM_20_4550",0,NA,NA,NA,NA,NA
"LBRM_20_4560",0.150548590060784,2.36802554841367,4.07009331419134,0.581811119700128,0.560693913243612,NA
"LBRM_20_4570",0,NA,NA,NA,NA,NA
"LBRM_20_4580",0.303110541300398,1.61408529533901,4.06349235823931,0.397216274337571,0.691207982142509,NA
"LBRM_20_4590",0.10866148091832,0.512386596321631,4.0804728567969,0.125570396937733,0.900071997253288,NA
"LBRM_20_4600",0,NA,NA,NA,NA,NA
"LBRM_20_4610",0,NA,NA,NA,NA,NA
"LBRM_20_4620",0.150548590060784,2.36802554841367,4.07009331419134,0.581811119700128,0.560693913243612,NA
"LBRM_20_4630",0,NA,NA,NA,NA,NA
"LBRM_20_4640",0,NA,NA,NA,NA,NA
"LBRM_20_4650",0.225339052771423,2.57585470100848,4.06349269559957,0.633901644218018,0.526145012480435,NA
"LBRM_20_4660",0.512417412202254,-1.7842247101783,3.47632512760502,-0.513250241184294,0.607776285834886,NA
"LBRM_20_4670",0.106620929128686,0.512386596321632,4.0804728567969,0.125570396937733,0.900071997253288,NA
"LBRM_20_4680",0,NA,NA,NA,NA,NA
"LBRM_20_4690",0,NA,NA,NA,NA,NA
"LBRM_20_4700",0,NA,NA,NA,NA,NA
"LBRM_20_4710",0,NA,NA,NA,NA,NA
"LBRM_20_4720",0,NA,NA,NA,NA,NA
"LBRM_20_4730",0,NA,NA,NA,NA,NA
"LBRM_20_4740",0.106620929128686,0.512386596321632,4.0804728567969,0.125570396937733,0.900071997253288,NA
"LBRM_20_4750",0.797920447783894,2.45306610466441,2.83457318886527,0.865409337215389,0.386814157936516,NA
"LBRM_20_4760",0.225339052771423,2.57585470100848,4.06349269559957,0.633901644218018,0.526145012480435,NA
"LBRM_20_4770",0,NA,NA,NA,NA,NA
"LBRM_20_4780",0.106620929128686,0.512386596321632,4.0804728567969,0.125570396937733,0.900071997253288,NA
"LBRM_20_4790",0,NA,NA,NA,NA,NA
"LBRM_20_4800",0.106620929128686,0.512386596321632,4.0804728567969,0.125570396937733,0.900071997253288,NA
"LBRM_20_4810",0.375887642832207,3.14688176220709,3.93733525674645,0.799241506502413,0.42415038880027,NA
"LBRM_20_4820",0,NA,NA,NA,NA,NA
"LBRM_20_4830",0,NA,NA,NA,NA,NA
"LBRM_20_4840",0,NA,NA,NA,NA,NA
"LBRM_20_4850",0.562320612279501,1.33863253679492,2.92311920970638,0.45794661139714,0.646990798234297,NA
"LBRM_20_4860",0.259210070979104,1.40625154395371,4.07009308958569,0.345508447350243,0.729712160779994,NA
"LBRM_20_4870",0.604207721421966,2.57131227611813,3.0525090610705,0.842360243548757,0.399586339388437,NA
"LBRM_20_4880",0.259210070979104,1.40625154395371,4.07009308958569,0.345508447350243,0.729712160779994,NA
"LBRM_20_4890",1.73910972871394,1.96241850798441,1.81535345412217,1.08101180160166,0.279691864006435,0.911448662524806
"LBRM_20_4900",0.10866148091832,0.512386596321631,4.0804728567969,0.125570396937733,0.900071997253288,NA
"LBRM_20_4910",0.106620929128686,0.512386596321632,4.0804728567969,0.125570396937733,0.900071997253288,NA
"LBRM_20_4920",0.293053898575981,-0.981973165309184,3.95663099556679,-0.248184166380296,0.803991916578278,NA
"LBRM_20_4930",0.647371857723111,1.59621171071338,3.3100321613617,0.482234501932067,0.629639369888605,NA
"LBRM_20_4940",0.453659131361182,2.18767694246641,3.40299717706313,0.642867692401212,0.520309954570993,NA
"LBRM_20_4950",1.15647169097705,0.711061891730436,2.04500453573548,0.347706755317638,0.728060422866909,0.97845571662501
"LBRM_20_4960",1.35521948245543,2.55354748007407,2.09401106460571,1.21945271600315,0.222672412036745,0.898195964048256
"LBRM_20_4970",0.399674827704668,-1.42721228906698,3.49019211027184,-0.408920839877729,0.682597754835227,NA
"LBRM_20_4980",0.484549123750526,2.18815698437253,3.32455332860874,0.658180744325201,0.510421996464077,NA
"LBRM_20_4990",0.411772022218717,0.753590502948088,3.52106034620548,0.214023739684043,0.830528544494832,NA
"LBRM_20_5000",0.0777714885289751,0.512386596321632,4.0804728567969,0.125570396937733,0.900071997253288,NA
"LBRM_20_5010",0,NA,NA,NA,NA,NA
"LBRM_20_5020",0,NA,NA,NA,NA,NA
"LBRM_20_5030",0.228320078589759,1.40625154395371,4.07009308958569,0.345508447350244,0.729712160779994,NA
"LBRM_20_5040",0.647371857723111,1.59621171071338,3.3100321613617,0.482234501932067,0.629639369888605,NA
"LBRM_20_5050",0.15554297705795,-0.121015899195086,4.06395245618752,-0.0297778826154414,0.976244198059474,NA
"LBRM_20_5060",0.10866148091832,0.512386596321631,4.0804728567969,0.125570396937733,0.900071997253288,NA
"LBRM_20_5070",0,NA,NA,NA,NA,NA
"LBRM_20_5080",0.441561936847132,-0.0755863754738768,3.40471935311889,-0.0222004716496342,0.982288041362266,NA
"LBRM_20_5090",0.25716951918947,1.40625154395371,4.07009308958569,0.345508447350243,0.729712160779994,NA
"LBRM_20_5100",0.0777714885289751,0.512386596321632,4.0804728567969,0.125570396937733,0.900071997253288,NA
"LBRM_20_5110",0.331959981900109,1.61408529533901,4.06349235823931,0.397216274337571,0.691207982142509,NA
"LBRM_20_5120",0,NA,NA,NA,NA,NA
"LBRM_20_5130",0.319862787386059,-1.09975022457855,3.98776465918917,-0.275781125158515,0.78271618167723,NA
"LBRM_20_5140",0.407718109250254,1.98689895994212,3.84338000175693,0.516966565635935,0.605179498552988,NA
"LBRM_20_5150",0.150548590060784,2.36802554841367,4.07009331419134,0.581811119700128,0.560693913243612,NA
"LBRM_20_5160",0,NA,NA,NA,NA,NA
"LBRM_20_5170",0.150548590060784,2.36802554841367,4.07009331419134,0.581811119700128,0.560693913243612,NA
"LBRM_20_5180",0,NA,NA,NA,NA,NA
"LBRM_20_5190",0.10866148091832,0.512386596321631,4.0804728567969,0.125570396937733,0.900071997253288,NA
"LBRM_20_5200",0,NA,NA,NA,NA,NA
"LBRM_20_5210",0.106620929128686,0.512386596321632,4.0804728567969,0.125570396937733,0.900071997253288,NA
"LBRM_20_5220",0.150548590060784,2.36802554841367,4.07009331419134,0.581811119700128,0.560693913243612,NA
"LBRM_20_5230",0,NA,NA,NA,NA,NA
"LBRM_20_5240",1.24658519214791,4.51065991333974,2.36030609056655,1.91104871159191,0.0559983212807144,0.71286751852592
"LBRM_20_5250",0.560280060489868,1.34977552819926,2.9268762572445,0.461165901653117,0.644679583493499,NA
"LBRM_20_5260",0.301097180121568,2.94536147983492,4.04378005220696,0.728368368657302,0.466388120880344,NA
"LBRM_20_5270",0.492524536566029,-0.327744196058262,3.25762159773073,-0.100608430483936,0.919861304109016,NA
"LBRM_20_5280",0.0777714885289751,0.512386596321632,4.0804728567969,0.125570396937733,0.900071997253288,NA
"LBRM_20_5290",0.664887628439725,1.41246749605093,3.17735154926625,0.444542403995904,0.656650478272781,NA
"LBRM_20_5300",0,NA,NA,NA,NA,NA
"LBRM_20_5310",0,NA,NA,NA,NA,NA
"LBRM_20_5320",0,NA,NA,NA,NA,NA
"LBRM_20_5330",0.569600369194135,2.56902019336441,3.72121552354445,0.690371244855345,0.489960754983094,NA
"LBRM_20_5340",0.150548590060784,2.36802554841367,4.07009331419134,0.581811119700128,0.560693913243612,NA
"LBRM_20_5350",0.378868668650543,1.9850001311204,3.95440054501736,0.501972450317799,0.615686900261154,NA
"LBRM_20_5360",0.48548959777923,1.15941991701357,3.30651895540538,0.3506466869389,0.725853426540296,NA
"LBRM_20_5370",0.331959981900109,1.61408529533901,4.06349235823931,0.397216274337571,0.691207982142509,NA
"LBRM_20_5380",1.42497488004962,0.796510014577771,1.86844467066767,0.426295745912105,0.669892357342259,0.97845571662501
"LBRM_20_5390",0,NA,NA,NA,NA,NA
"LBRM_20_5400",0.438580911028795,0.589436153214077,3.73635399916037,0.157757041582927,0.8746482505264,NA
"LBRM_20_5410",0,NA,NA,NA,NA,NA
"LBRM_20_5420",0,NA,NA,NA,NA,NA
"LBRM_20_5430",0.375887642832207,3.14688176220709,3.93733525674645,0.799241506502413,0.42415038880027,NA
"LBRM_20_5440",0,NA,NA,NA,NA,NA
"LBRM_20_5450",0,NA,NA,NA,NA,NA
"LBRM_20_5460",1.49948317085189,2.18960162114066,2.19119479269808,0.999272921073593,0.317662499408428,0.939506005256609
"LBRM_20_5470",0,NA,NA,NA,NA,NA
"LBRM_20_5480",0.10866148091832,0.512386596321631,4.0804728567969,0.125570396937733,0.900071997253288,NA
"LBRM_20_5490",0,NA,NA,NA,NA,NA
"LBRM_20_5500",1.44858511552433,0.287280442488811,1.88041529409795,0.152774997837178,0.878575715085057,0.97845571662501
"LBRM_20_5510",0.106620929128686,0.512386596321632,4.0804728567969,0.125570396937733,0.900071997253288,NA
"LBRM_20_5520",0,NA,NA,NA,NA,NA
"LBRM_20_5530",0.928151612387292,0.661973632458863,2.24100181089893,0.295391832902324,0.767694571508698,NA
"LBRM_20_5540",0.0777714885289751,0.512386596321632,4.0804728567969,0.125570396937733,0.900071997253288,NA
"LBRM_20_5550",0,NA,NA,NA,NA,NA
"LBRM_20_5560",0.184392417657661,-0.322972510444289,4.04440056163657,-0.0798567069513009,0.936351222660643,NA
"LBRM_20_5570",0.106620929128686,0.512386596321632,4.0804728567969,0.125570396937733,0.900071997253288,NA
"LBRM_20_5580",0.106620929128686,0.512386596321632,4.0804728567969,0.125570396937733,0.900071997253288,NA
"LBRM_20_5590",0,NA,NA,NA,NA,NA
"LBRM_20_5600",0.569600369194135,2.56902019336441,3.72121552354445,0.690371244855345,0.489960754983094,NA
"LBRM_20_5610",0,NA,NA,NA,NA,NA
"LBRM_20_5620",0.822471157287308,0.61282810867937,2.48698017563486,0.246414553152974,0.805361341717338,NA
"LBRM_20_5630",0,NA,NA,NA,NA,NA
"LBRM_20_5640",0.150548590060784,2.36802554841367,4.07009331419134,0.581811119700128,0.560693913243612,NA
"LBRM_20_5650",0.48548959777923,1.15941991701357,3.30651895540538,0.3506466869389,0.725853426540296,NA
"LBRM_20_5660",0.325984442754959,-1.12480235985684,3.98638640040744,-0.282160896330038,0.777820140766097,NA
"LBRM_20_5670",0.0777714885289751,0.512386596321632,4.0804728567969,0.125570396937733,0.900071997253288,NA
"LBRM_20_5680",1.16281097386298,2.04623328567911,2.32390341969537,0.88051563087219,0.378580041278257,0.97845571662501
"LBRM_20_5690",1.66666175704664,-1.05134105400846,1.92429109033167,-0.546352399224202,0.5848237238186,0.97845571662501
"LBRM_20_5700",1.92701258390595,0.662939177339189,1.63980829756144,0.404278462503847,0.686007961379871,0.97845571662501
"LBRM_20_5710",0.767546379602091,-1.14377810672027,2.56603910792686,-0.445736817956896,0.655787365896962,NA
"LBRM_20_5720",0.925170586568955,1.10600841795728,2.41990415997643,0.457046372434871,0.647637714807609,NA
"LBRM_20_5730",1.5263294134425,-0.202264339822146,1.9581645710593,-0.103292819618694,0.9177305742518,0.97845571662501
"LBRM_20_5740",1.74257948812901,-0.407451718746125,1.72385172747621,-0.236361232379684,0.813152376059488,0.97845571662501
"LBRM_20_5750",4.07913068387801,0.100439999579268,1.14965391367535,0.0873654222236059,0.930381053323235,0.983459365169361
"LBRM_20_5760",3.00454483986302,-0.368598243315935,1.36635304560024,-0.269767937725061,0.787338790580069,0.97845571662501
"LBRM_20_5770",1.42768389712932,-0.902825776837003,2.04872018722794,-0.44067793272374,0.659446174408331,0.97845571662501
"LBRM_20_5780",0.446556323844298,-1.59918967232258,3.63131084314865,-0.440389088513269,0.659655326403282,NA
"LBRM_20_5790",0,NA,NA,NA,NA,NA
"LBRM_20_5800",0.225339052771423,2.57585470100848,4.06349269559957,0.633901644218018,0.526145012480435,NA
"LBRM_20_5810",1.35517880433615,-0.246157342907827,2.00614247669126,-0.122701824904189,0.902343218723604,0.97845571662501
"LBRM_20_5820",0,NA,NA,NA,NA,NA
"LBRM_20_5830",0.150548590060784,2.36802554841367,4.07009331419134,0.581811119700128,0.560693913243612,NA
"LBRM_20_5840",1.05414949294466,3.05685082185166,2.43640776948099,1.25465484888962,0.209604083045471,0.898195964048256
"LBRM_20_5850",0,NA,NA,NA,NA,NA
"LBRM_20_5860",0.0777714885289751,0.512386596321632,4.0804728567969,0.125570396937733,0.900071997253288,NA
"LBRM_20_5870",0.15554297705795,-0.121015899195086,4.06395245618752,-0.0297778826154414,0.976244198059474,NA
"LBRM_20_5880",0,NA,NA,NA,NA,NA
"LBRM_20_5890",0,NA,NA,NA,NA,NA
"LBRM_20_5900",0,NA,NA,NA,NA,NA
"LBRM_20_5910",0,NA,NA,NA,NA,NA
"LBRM_20_5920",0,NA,NA,NA,NA,NA
"LBRM_20_5930",0.150548590060784,2.36802554841367,4.07009331419134,0.581811119700128,0.560693913243612,NA
"LBRM_20_5940",0.616997789541307,-2.05060580614158,2.94592675460336,-0.696081734869091,0.486377644421171,NA
"LBRM_20_5950",0,NA,NA,NA,NA,NA
"LBRM_20_5960",0.213241858257373,-0.509664860242396,4.0279820436031,-0.126531065611825,0.899311559853632,NA
"LBRM_20_5970",0.225339052771423,2.57585470100848,4.06349269559957,0.633901644218018,0.526145012480435,NA
"LBRM_20_5980",1.31131901213413,2.32455516048839,2.10047578503614,1.1066802945545,0.268432177990434,0.911448662524806
"LBRM_20_5990",0,NA,NA,NA,NA,NA
"LBRM_20_6000",0.72014895925492,3.43948944334506,3.11039865378382,1.10580341177839,0.268811617980153,NA
"LBRM_20_6010",0,NA,NA,NA,NA,NA
"LBRM_20_6020",0,NA,NA,NA,NA,NA
"LBRM_20_6021",0,NA,NA,NA,NA,NA
"LBRM_20_6030",0.63509771381131,2.57296621268561,3.00108970139918,0.857343987914133,0.391254804960616,NA
"LBRM_20_6040",0,NA,NA,NA,NA,NA
"LBRM_20_6050",0.150548590060784,2.36802554841367,4.07009331419134,0.581811119700128,0.560693913243612,NA
"LBRM_20_6060",0,NA,NA,NA,NA,NA
"LBRM_20_6070",2.50507709951233,-0.864930311342771,1.52440842697523,-0.567387516388233,0.570450929443135,0.97845571662501
"LBRM_20_6080",5.24027091393515,0.146345226996995,1.01773699530785,0.143794740361902,0.885662556295433,0.97845571662501
"LBRM_20_6090",2.57485968771733,-1.20693674925156,1.51374803633596,-0.79731680588862,0.425267062344429,0.97845571662501
"LBRM_20_6100",0,NA,NA,NA,NA,NA
"LBRM_20_6110",0.106620929128686,0.512386596321632,4.0804728567969,0.125570396937733,0.900071997253288,NA
"LBRM_20_6120",6.97200915073231,0.803289091847807,0.917662320619635,0.87536457997469,0.381375565738217,0.97845571662501
"LBRM_20_6130",0,NA,NA,NA,NA,NA
"LBRM_20_6140",0.10866148091832,0.512386596321631,4.0804728567969,0.125570396937733,0.900071997253288,NA
"LBRM_21_0010",0,NA,NA,NA,NA,NA
"LBRM_21_0020",0.862654267770117,0.0812537032023511,2.5866171287798,0.0314131157248934,0.974940081477929,NA
"LBRM_21_0030",8.63880040779357,7.34587610203192,1.42521427135178,5.154225753763,2.54680978982622e-07,2.9179163592009e-05
"LBRM_21_0040",0,NA,NA,NA,NA,NA
"LBRM_21_0050",0.375887642832207,3.14688176220709,3.93733525674645,0.799241506502413,0.42415038880027,NA
"LBRM_21_0060",0,NA,NA,NA,NA,NA
"LBRM_21_0070",0.10866148091832,0.512386596321631,4.0804728567969,0.125570396937733,0.900071997253288,NA
"LBRM_21_0080",0,NA,NA,NA,NA,NA
"LBRM_21_0090",0,NA,NA,NA,NA,NA
"LBRM_21_0100",0.303110541300398,1.61408529533901,4.06349235823931,0.397216274337571,0.691207982142509,NA
"LBRM_21_0110",0,NA,NA,NA,NA,NA
"LBRM_21_0120",0,NA,NA,NA,NA,NA
"LBRM_21_0130",0,NA,NA,NA,NA,NA
"LBRM_21_0140",0,NA,NA,NA,NA,NA
"LBRM_21_0150",0,NA,NA,NA,NA,NA
"LBRM_21_0160",0.445643040426398,-0.092674890627551,3.39371262277472,-0.0273078191729091,0.978214220397376,NA
"LBRM_21_0170",0.594151078697549,0.519947630579927,2.82675581492527,0.183937936143831,0.854062143776909,NA
"LBRM_21_0180",0.569600369194135,2.56902019336441,3.72121552354445,0.690371244855345,0.489960754983094,NA
"LBRM_21_0190",0.106620929128686,0.512386596321632,4.0804728567969,0.125570396937733,0.900071997253288,NA
"LBRM_21_0200",0.870697549315704,3.91534140563664,2.88151220519597,1.35878008726684,0.174216285085023,NA
"LBRM_21_0210",0,NA,NA,NA,NA,NA
"LBRM_21_0220",0.0777714885289751,0.512386596321632,4.0804728567969,0.125570396937733,0.900071997253288,NA
"LBRM_21_0230",0.150548590060784,2.36802554841367,4.07009331419134,0.581811119700128,0.560693913243612,NA
"LBRM_21_0240",0.150548590060784,2.36802554841367,4.07009331419134,0.581811119700128,0.560693913243612,NA
"LBRM_21_0250",0.225339052771423,2.57585470100848,4.06349269559957,0.633901644218018,0.526145012480435,NA
"LBRM_21_0260",0.380882029829373,0.977226041233979,3.94949654547106,0.247430534495486,0.804575045569454,NA
"LBRM_21_0270",0.150548590060784,2.36802554841367,4.07009331419134,0.581811119700128,0.560693913243612,NA
"LBRM_21_0280",0.225339052771423,2.57585470100848,4.06349269559957,0.633901644218018,0.526145012480435,NA
"LBRM_21_0290",0,NA,NA,NA,NA,NA
"LBRM_21_0300",0,NA,NA,NA,NA,NA
"LBRM_21_0310",0,NA,NA,NA,NA,NA
"LBRM_21_0320",0,NA,NA,NA,NA,NA
"LBRM_21_0330",0.638051549018843,0.830007610807484,2.75631717726881,0.301129208805325,0.763315968723415,NA
"LBRM_21_0340",0.150548590060784,2.36802554841367,4.07009331419134,0.581811119700128,0.560693913243612,NA
"LBRM_21_0350",1.08802051115234,1.91176788802723,2.5052273045485,0.763111548623238,0.445396873231745,0.97845571662501
"LBRM_21_0360",0.225339052771423,2.57585470100848,4.06349269559957,0.633901644218018,0.526145012480435,NA
"LBRM_21_0370",0,NA,NA,NA,NA,NA
"LBRM_21_0380",0,NA,NA,NA,NA,NA
"LBRM_21_0390",1.35448314843528,2.15404811126638,2.40069767517716,0.897259214910274,0.369580614241036,0.97845571662501
"LBRM_21_0400",0.306091567118734,0.772849864308764,4.05352984767767,0.190660953132377,0.848791232320037,NA
"LBRM_21_0410",0.569600369194135,2.56902019336441,3.72121552354445,0.690371244855345,0.489960754983094,NA
"LBRM_21_0420",0,NA,NA,NA,NA,NA
"LBRM_21_0430",0.186432969447295,-0.33622145367943,4.04316669949863,-0.083157949861707,0.933725948031842,NA
"LBRM_21_0440",0,NA,NA,NA,NA,NA
"LBRM_21_0450",0,NA,NA,NA,NA,NA
"LBRM_21_0460",0.441561936847132,-0.0755863754738768,3.40471935311889,-0.0222004716496342,0.982288041362266,NA
"LBRM_21_0470",0,NA,NA,NA,NA,NA
"LBRM_21_0480",0.710760781820568,-2.27125966742868,2.78794622540265,-0.8146712611362,0.415260507932568,NA
"LBRM_21_0490",0,NA,NA,NA,NA,NA
"LBRM_21_0500",0,NA,NA,NA,NA,NA
"LBRM_21_0510",0,NA,NA,NA,NA,NA
"LBRM_21_0520",0.671922567226524,0.173530861126921,2.67940922036572,0.0647645980345007,0.948361428923766,NA
"LBRM_21_0530",0.74577255590846,0.855869891511222,2.80843652436007,0.304749594333894,0.76055687426642,NA
"LBRM_21_0540",0.10866148091832,0.512386596321631,4.0804728567969,0.125570396937733,0.900071997253288,NA
"LBRM_21_0550",0.401715379494301,-1.43380111314668,3.48376812167954,-0.411566172910336,0.680657429795647,NA
"LBRM_21_0560",0.601226695603629,3.65666645920249,3.27360907528349,1.1170137835978,0.263988431772301,NA
"LBRM_21_0570",0.567314999276668,-0.146684565793814,3.08832184412241,-0.0474965282756973,0.962117497249484,NA
"LBRM_21_0580",2.82929578151187,0.517791777163587,1.36545135405072,0.379209245080403,0.704532486801803,0.97845571662501
"LBRM_21_0590",1.42738523982304,-0.252219959640528,1.96726536143841,-0.12820840776463,0.897984046549718,0.97845571662501
"LBRM_21_0600",0.186432969447295,-0.33622145367943,4.04316669949863,-0.083157949861707,0.933725948031842,NA
"LBRM_21_0610",0,NA,NA,NA,NA,NA
"LBRM_21_0620",0,NA,NA,NA,NA,NA
"LBRM_21_0630",0,NA,NA,NA,NA,NA
"LBRM_21_0640",0,NA,NA,NA,NA,NA
"LBRM_21_0650",0.0777714885289751,0.512386596321632,4.0804728567969,0.125570396937733,0.900071997253288,NA
"LBRM_21_0660",0,NA,NA,NA,NA,NA
"LBRM_21_0670",0,NA,NA,NA,NA,NA
"LBRM_21_0680",0.10866148091832,0.512386596321631,4.0804728567969,0.125570396937733,0.900071997253288,NA
"LBRM_21_0690",0.150548590060784,2.36802554841367,4.07009331419134,0.581811119700128,0.560693913243612,NA
"LBRM_21_0700",0,NA,NA,NA,NA,NA
"LBRM_21_0710",0.303110541300398,1.61408529533901,4.06349235823931,0.397216274337571,0.691207982142509,NA
"LBRM_21_0720",0,NA,NA,NA,NA,NA
"LBRM_21_0730",0,NA,NA,NA,NA,NA
"LBRM_21_0740",0.0777714885289751,0.512386596321632,4.0804728567969,0.125570396937733,0.900071997253288,NA
"LBRM_21_0750",0,NA,NA,NA,NA,NA
"LBRM_21_0760",0.301097180121568,2.94536147983492,4.04378005220696,0.728368368657302,0.466388120880344,NA
"LBRM_21_0770",0.453659131361182,2.18767694246641,3.40299717706313,0.642867692401212,0.520309954570993,NA
"LBRM_21_0780",0,NA,NA,NA,NA,NA
"LBRM_21_0790",1.50355057132883,4.90911179608175,2.31202899316896,2.12329162419072,0.0337294221346438,0.601133256710764
"LBRM_21_0800",0,NA,NA,NA,NA,NA
"LBRM_21_0810",0.106620929128686,0.512386596321632,4.0804728567969,0.125570396937733,0.900071997253288,NA
"LBRM_21_0820",0.150548590060784,2.36802554841367,4.07009331419134,0.581811119700128,0.560693913243612,NA
"LBRM_21_0830",0.0777714885289751,0.512386596321632,4.0804728567969,0.125570396937733,0.900071997253288,NA
"LBRM_21_0840",0.150548590060784,2.36802554841367,4.07009331419134,0.581811119700128,0.560693913243612,NA
"LBRM_21_0850",0,NA,NA,NA,NA,NA
"LBRM_21_0860",0,NA,NA,NA,NA,NA
"LBRM_21_0870",0.106620929128686,0.512386596321632,4.0804728567969,0.125570396937733,0.900071997253288,NA
"LBRM_21_0880",0,NA,NA,NA,NA,NA
"LBRM_21_0890",0.225339052771423,2.57585470100848,4.06349269559957,0.633901644218018,0.526145012480435,NA
"LBRM_21_0900",0.150548590060784,2.36802554841367,4.07009331419134,0.581811119700128,0.560693913243612,NA
"LBRM_21_0910",0,NA,NA,NA,NA,NA
"LBRM_21_0920",0.10866148091832,0.512386596321631,4.0804728567969,0.125570396937733,0.900071997253288,NA
"LBRM_21_0930",0.838282929344267,-0.337886771618202,2.66297784958953,-0.126883057502819,0.899032956404657,NA
"LBRM_21_0940",1.02325950055532,3.05921905245086,2.45641478636544,1.24540003155466,0.212984741715557,0.898195964048256
"LBRM_21_0950",0.702812559615869,0.0763081002207583,2.64385200534943,0.0288624703903095,0.976974277433071,NA
"LBRM_21_0960",0,NA,NA,NA,NA,NA
"LBRM_21_0970",0,NA,NA,NA,NA,NA
"LBRM_21_0980",0,NA,NA,NA,NA,NA
"LBRM_21_0990",0,NA,NA,NA,NA,NA
"LBRM_21_1000",0,NA,NA,NA,NA,NA
"LBRM_21_1010",0.409758661039888,1.98703088806636,3.83602284252577,0.517992454590814,0.604463533839926,NA
"LBRM_21_1020",0,NA,NA,NA,NA,NA
"LBRM_21_1030",0.36583100010779,0.37730783828149,3.68378700877705,0.102423901648632,0.918420212664091,NA
"LBRM_21_1040",0,NA,NA,NA,NA,NA
"LBRM_21_1050",0.10866148091832,0.512386596321631,4.0804728567969,0.125570396937733,0.900071997253288,NA
"LBRM_21_1060",0,NA,NA,NA,NA,NA
"LBRM_21_1070",0.904337236904027,3.08270158002626,2.66980841819411,1.15465273051743,0.24823266390599,NA
"LBRM_21_1080",1.39637025757774,3.41336356411001,2.3841070556883,1.43171572600567,0.152225193926649,0.824895983305218
"LBRM_21_1090",0,NA,NA,NA,NA,NA
"LBRM_21_1100",0,NA,NA,NA,NA,NA
"LBRM_21_1110",0.72014895925492,3.43948944334506,3.11039865378382,1.10580341177839,0.268811617980153,NA
"LBRM_21_1120",0.225339052771423,2.57585470100848,4.06349269559957,0.633901644218018,0.526145012480435,NA
"LBRM_21_1130",0,NA,NA,NA,NA,NA
"LBRM_21_1140",0,NA,NA,NA,NA,NA
"LBRM_21_1150",0,NA,NA,NA,NA,NA
"LBRM_21_1160",0,NA,NA,NA,NA,NA
"LBRM_21_1170",0,NA,NA,NA,NA,NA
"LBRM_21_1180",0,NA,NA,NA,NA,NA
"LBRM_21_1190",0.487530149568863,1.14742425389296,3.30139878998407,0.347556998377193,0.728172905436024,NA
"LBRM_21_1200",0.0777714885289751,0.512386596321632,4.0804728567969,0.125570396937733,0.900071997253288,NA
"LBRM_21_1210",0.228320078589759,1.40625154395371,4.07009308958569,0.345508447350244,0.729712160779994,NA
"LBRM_21_1220",0.676221298322822,1.59462830001721,3.26104804272725,0.488992581257285,0.624846949119947,NA
"LBRM_21_1230",0.945488012026342,4.03915708245817,2.63014996729183,1.53571360290803,0.124608637341088,0.786201095137236
"LBRM_21_1240",0.106620929128686,0.512386596321632,4.0804728567969,0.125570396937733,0.900071997253288,NA
"LBRM_21_1250",0,NA,NA,NA,NA,NA
"LBRM_21_1260",0.443602488636765,-0.081680203916819,3.14727451345204,-0.0259526786010253,0.979295082729114,NA
"LBRM_21_1270",1.19668199207066,1.31071906519838,2.40212389674572,0.545650066998658,0.585306501619128,0.97845571662501
"LBRM_21_1280",0,NA,NA,NA,NA,NA
"LBRM_21_1290",0,NA,NA,NA,NA,NA
"LBRM_21_1300",0,NA,NA,NA,NA,NA
"LBRM_21_1310",0.186432969447295,-0.33622145367943,4.04316669949863,-0.083157949861707,0.933725948031842,NA
"LBRM_21_1320",0.233314465586925,-0.688087203449716,4.0140974204965,-0.171417664139453,0.863895366368199,NA
"LBRM_21_1330",9.69338352365697,0.244086814098164,0.788775690707003,0.309450223902542,0.756979070686556,0.97845571662501
"LBRM_21_1340",2.4395451834102,1.42188404093448,1.66389251374531,0.85455282068306,0.392798755776188,0.97845571662501
"LBRM_21_1350",2.06080892788108,1.55762441526253,1.61419770038864,0.964952691289,0.334568507952441,0.958758700639694
"LBRM_21_1360",0.186432969447295,-0.33622145367943,4.04316669949863,-0.083157949861707,0.933725948031842,NA
"LBRM_21_1370",0.514339038378941,0.975498116584936,3.50757884423461,0.278111529321246,0.780926745621985,NA
"LBRM_21_1380",0.0777714885289751,0.512386596321632,4.0804728567969,0.125570396937733,0.900071997253288,NA
"LBRM_21_1390",0.826769888383606,2.44990725715277,2.80329475323734,0.873938516213301,0.38215173783949,NA
"LBRM_21_1400",0,NA,NA,NA,NA,NA
"LBRM_21_1410",0,NA,NA,NA,NA,NA
"LBRM_21_1420",0.456640157179518,1.34958449725223,3.67488271202153,0.367245597481894,0.71343582999224,NA
"LBRM_21_1430",0.334000533689742,1.61408529533901,4.06349235823931,0.397216274337571,0.691207982142509,NA
"LBRM_21_1440",0.233314465586925,-0.688087203449716,4.0140974204965,-0.171417664139453,0.863895366368199,NA
"LBRM_21_1450",0.0777714885289751,0.512386596321632,4.0804728567969,0.125570396937733,0.900071997253288,NA
"LBRM_21_1460",0.303110541300398,1.61408529533901,4.06349235823931,0.397216274337571,0.691207982142509,NA
"LBRM_21_1470",0.331959981900109,1.61408529533901,4.06349235823931,0.397216274337571,0.691207982142509,NA
"LBRM_21_1480",0.225339052771423,2.57585470100848,4.06349269559957,0.633901644218018,0.526145012480435,NA
"LBRM_21_1490",0.106620929128686,0.512386596321632,4.0804728567969,0.125570396937733,0.900071997253288,NA
"LBRM_21_1500",0,NA,NA,NA,NA,NA
"LBRM_21_1510",0,NA,NA,NA,NA,NA
"LBRM_21_1520",0,NA,NA,NA,NA,NA
"LBRM_21_1530",0,NA,NA,NA,NA,NA
"LBRM_21_1540",0,NA,NA,NA,NA,NA
"LBRM_21_1550",0,NA,NA,NA,NA,NA
"LBRM_21_1560",0,NA,NA,NA,NA,NA
"LBRM_21_1570",1.5460626853465,-1.28937626305856,1.85813396635233,-0.693909204829676,0.487739150638036,0.97845571662501
"LBRM_21_1580",0,NA,NA,NA,NA,NA
"LBRM_21_1590",0.262163906186637,-0.836210405206493,4.00377057373284,-0.208855724824129,0.834560868338514,NA
"LBRM_21_1600",0,NA,NA,NA,NA,NA
"LBRM_21_1610",0.225339052771423,2.57585470100848,4.06349269559957,0.633901644218018,0.526145012480435,NA
"LBRM_21_1620",0,NA,NA,NA,NA,NA
"LBRM_21_1630",0.0777714885289751,0.512386596321632,4.0804728567969,0.125570396937733,0.900071997253288,NA
"LBRM_21_1640",0,NA,NA,NA,NA,NA
"LBRM_21_1650",0.10866148091832,0.512386596321631,4.0804728567969,0.125570396937733,0.900071997253288,NA
"LBRM_21_1660",0,NA,NA,NA,NA,NA
"LBRM_21_1670",0.401715379494301,-1.43380111314668,3.48376812167954,-0.411566172910336,0.680657429795647,NA
"LBRM_21_1680",1.19031551857393,-0.0660274821007994,1.99950183898198,-0.0330219661785439,0.973657070714743,0.994222666692539
"LBRM_21_1690",0.301097180121568,2.94536147983492,4.04378005220696,0.728368368657302,0.466388120880344,NA
"LBRM_21_1700",0.0777714885289751,0.512386596321632,4.0804728567969,0.125570396937733,0.900071997253288,NA
"LBRM_21_1710",0.303110541300398,1.61408529533901,4.06349235823931,0.397216274337571,0.691207982142509,NA
"LBRM_21_1720",0,NA,NA,NA,NA,NA
"LBRM_21_1730",0.569600369194135,2.56902019336441,3.72121552354445,0.690371244855345,0.489960754983094,NA
"LBRM_21_1740",0,NA,NA,NA,NA,NA
"LBRM_21_1750",0.746713029937163,0.350226529228915,2.42905053484144,0.144182479617196,0.885356375619298,NA
"LBRM_21_1760",1.5036868426073,0.252748788627009,1.89788720081268,0.133173767397125,0.894055956615763,0.97845571662501
"LBRM_21_1770",0,NA,NA,NA,NA,NA
"LBRM_21_1780",0.0777714885289751,0.512386596321632,4.0804728567969,0.125570396937733,0.900071997253288,NA
"LBRM_21_1790",0.370825387104956,-1.32784186481398,3.58695565306301,-0.370186306507606,0.711243678831557,NA
"LBRM_21_1800",0,NA,NA,NA,NA,NA
"LBRM_21_1810",0,NA,NA,NA,NA,NA
"LBRM_21_1820",0,NA,NA,NA,NA,NA
"LBRM_21_1830",0,NA,NA,NA,NA,NA
"LBRM_21_1840",0.0777714885289751,0.512386596321632,4.0804728567969,0.125570396937733,0.900071997253288,NA
"LBRM_21_1850",0.150548590060784,2.36802554841367,4.07009331419134,0.581811119700128,0.560693913243612,NA
"LBRM_21_1860",0,NA,NA,NA,NA,NA
"LBRM_21_1870",0,NA,NA,NA,NA,NA
"LBRM_21_1880",0,NA,NA,NA,NA,NA
"LBRM_21_1890",0,NA,NA,NA,NA,NA
"LBRM_21_1900",0.150548590060784,2.36802554841367,4.07009331419134,0.581811119700128,0.560693913243612,NA
"LBRM_21_1910",0,NA,NA,NA,NA,NA
"LBRM_21_1920",0.150548590060784,2.36802554841367,4.07009331419134,0.581811119700128,0.560693913243612,NA
"LBRM_21_1930",0,NA,NA,NA,NA,NA
"LBRM_21_1940",0,NA,NA,NA,NA,NA
"LBRM_21_1950",0,NA,NA,NA,NA,NA
"LBRM_21_1960",0.10866148091832,0.512386596321631,4.0804728567969,0.125570396937733,0.900071997253288,NA
"LBRM_21_1970",0.569600369194135,2.56902019336441,3.72121552354445,0.690371244855345,0.489960754983094,NA
"LBRM_21_1980",0,NA,NA,NA,NA,NA
"LBRM_21_1990",0.150548590060784,2.36802554841367,4.07009331419134,0.581811119700128,0.560693913243612,NA
"LBRM_21_2000",0,NA,NA,NA,NA,NA
"LBRM_21_2010",0.225339052771423,2.57585470100848,4.06349269559957,0.633901644218018,0.526145012480435,NA
"LBRM_21_2020",0,NA,NA,NA,NA,NA
"LBRM_21_2030",0.0777714885289751,0.512386596321632,4.0804728567969,0.125570396937733,0.900071997253288,NA
"LBRM_21_2040",1.80485189145895,4.05083171931588,2.03883005589919,1.98684128066247,0.0469399884069688,0.682431717593851
"LBRM_21_2050",0.870697549315704,3.91534140563664,2.88151220519597,1.35878008726684,0.174216285085023,NA
"LBRM_21_2060",0,NA,NA,NA,NA,NA
"LBRM_21_2070",0,NA,NA,NA,NA,NA
"LBRM_21_rRNA1",0,NA,NA,NA,NA,NA
"LBRM_21_tRNA1",0.303110541300398,1.61408529533901,4.06349235823931,0.397216274337571,0.691207982142509,NA
"LBRM_21_tRNA2",0,NA,NA,NA,NA,NA
"LBRM_21_tRNA3",0,NA,NA,NA,NA,NA
"LBRM_21_tRNA4",0,NA,NA,NA,NA,NA
"LBRM_22_0010",0,NA,NA,NA,NA,NA
"LBRM_22_0020",0,NA,NA,NA,NA,NA
"LBRM_22_0030",0.0777714885289751,0.512386596321632,4.0804728567969,0.125570396937733,0.900071997253288,NA
"LBRM_22_0040",0,NA,NA,NA,NA,NA
"LBRM_22_0050",0.518392951347404,0.0965461764559848,2.97752437417506,0.0324249827451819,0.97413313961054,NA
"LBRM_22_0060",0.303110541300398,1.61408529533901,4.06349235823931,0.397216274337571,0.691207982142509,NA
"LBRM_22_0070",0.215282410047006,-0.521705569758801,4.02699186999459,-0.129552178549469,0.896920740266371,NA
"LBRM_22_0080",0.10866148091832,0.512386596321631,4.0804728567969,0.125570396937733,0.900071997253288,NA
"LBRM_22_0090",0.150548590060784,2.36802554841367,4.07009331419134,0.581811119700128,0.560693913243612,NA
"LBRM_22_0100",0,NA,NA,NA,NA,NA
"LBRM_22_0105",0.783605752082461,2.87246961660672,2.78777490619844,1.0303807564305,0.302831303075129,NA
"LBRM_22_0110",0,NA,NA,NA,NA,NA
"LBRM_22_0120",0.453659131361182,2.18767694246641,3.40299717706313,0.642867692401212,0.520309954570993,NA
"LBRM_22_0130",0,NA,NA,NA,NA,NA
"LBRM_22_0140",0.633057162021677,2.57285816019941,3.00436618237407,0.856373026461879,0.391791479669518,NA
"LBRM_22_0150",0,NA,NA,NA,NA,NA
"LBRM_22_0160",0,NA,NA,NA,NA,NA
"LBRM_22_0170",0,NA,NA,NA,NA,NA
"LBRM_22_0180",0,NA,NA,NA,NA,NA
"LBRM_22_0190",0,NA,NA,NA,NA,NA
"LBRM_22_0200",1.10374000616399,-0.326643524709839,2.44184796215444,-0.133768985527519,0.893585252697476,0.97845571662501
"LBRM_22_0210",0.225339052771423,2.57585470100848,4.06349269559957,0.633901644218018,0.526145012480435,NA
"LBRM_22_0220",0.259210070979104,1.40625154395371,4.07009308958569,0.345508447350243,0.729712160779994,NA
"LBRM_22_0230",0.150548590060784,2.36802554841367,4.07009331419134,0.581811119700128,0.560693913243612,NA
"LBRM_22_0240",0,NA,NA,NA,NA,NA
"LBRM_22_0250",0.150548590060784,2.36802554841367,4.07009331419134,0.581811119700128,0.560693913243612,NA
"LBRM_22_0260",0,NA,NA,NA,NA,NA
"LBRM_22_0261",0,NA,NA,NA,NA,NA
"LBRM_22_0270",0.225339052771423,2.57585470100848,4.06349269559957,0.633901644218018,0.526145012480435,NA
"LBRM_22_0280",0,NA,NA,NA,NA,NA
"LBRM_22_0290",1.06286123978031,1.33997383951105,2.43060281565617,0.551292803118598,0.581432971224974,0.97845571662501
"LBRM_22_0300",0,NA,NA,NA,NA,NA
"LBRM_22_0310",0.225339052771423,2.57585470100848,4.06349269559957,0.633901644218018,0.526145012480435,NA
"LBRM_22_0320",0,NA,NA,NA,NA,NA
"LBRM_22_0330",0.106620929128686,0.512386596321632,4.0804728567969,0.125570396937733,0.900071997253288,NA
"LBRM_22_0340",0.184392417657661,-0.322972510444289,4.04440056163657,-0.0798567069513009,0.936351222660643,NA
"LBRM_22_0350",0,NA,NA,NA,NA,NA
"LBRM_22_0360",0.334000533689742,1.61408529533901,4.06349235823931,0.397216274337571,0.691207982142509,NA
"LBRM_22_0370",0.0777714885289751,0.512386596321632,4.0804728567969,0.125570396937733,0.900071997253288,NA
"LBRM_22_0380",0,NA,NA,NA,NA,NA
"LBRM_22_0390",0.225339052771423,2.57585470100848,4.06349269559957,0.633901644218018,0.526145012480435,NA
"LBRM_22_0400",1.88304424485458,-1.07052814156057,1.69261574406555,-0.632469682096443,0.52708001334122,0.97845571662501
"LBRM_22_0410",0.106620929128686,0.512386596321632,4.0804728567969,0.125570396937733,0.900071997253288,NA
"LBRM_22_0420",0.604207721421966,2.57131227611813,3.0525090610705,0.842360243548757,0.399586339388437,NA
"LBRM_22_0430",0,NA,NA,NA,NA,NA
"LBRM_22_0440",0.225339052771423,2.57585470100848,4.06349269559957,0.633901644218018,0.526145012480435,NA
"LBRM_22_0450",1.54232091719279,-0.245806370586428,1.99530748945671,-0.123192225702193,0.901954881667491,0.97845571662501
"LBRM_22_0460",0,NA,NA,NA,NA,NA
"LBRM_22_0470",0.150548590060784,2.36802554841367,4.07009331419134,0.581811119700128,0.560693913243612,NA
"LBRM_22_0480",0.0777714885289751,0.512386596321632,4.0804728567969,0.125570396937733,0.900071997253288,NA
"LBRM_22_0490",0.106620929128686,0.512386596321632,4.0804728567969,0.125570396937733,0.900071997253288,NA
"LBRM_22_0500",0.228320078589759,1.40625154395371,4.07009308958569,0.345508447350244,0.729712160779994,NA
"LBRM_22_0510",0.407718109250254,1.98689895994212,3.84338000175693,0.516966565635935,0.605179498552988,NA
"LBRM_22_0520",0,NA,NA,NA,NA,NA
"LBRM_22_0530",0,NA,NA,NA,NA,NA
"LBRM_22_0540",0.442662014608062,0.565863516806198,3.72331112004407,0.151978574597199,0.879203834331997,NA
"LBRM_22_0550",0,NA,NA,NA,NA,NA
"LBRM_22_0560",0.10866148091832,0.512386596321631,4.0804728567969,0.125570396937733,0.900071997253288,NA
"LBRM_22_0570",0.301097180121568,2.94536147983492,4.04378005220696,0.728368368657302,0.466388120880344,NA
"LBRM_22_0580",0.225339052771423,2.57585470100848,4.06349269559957,0.633901644218018,0.526145012480435,NA
"LBRM_22_0590",0.10866148091832,0.512386596321631,4.0804728567969,0.125570396937733,0.900071997253288,NA
"LBRM_22_0600",0.301097180121568,2.94536147983492,4.04378005220696,0.728368368657302,0.466388120880344,NA
"LBRM_22_0610",0,NA,NA,NA,NA,NA
"LBRM_22_0620",0,NA,NA,NA,NA,NA
"LBRM_22_0630",0.412712496247421,0.0561632178876675,3.48750427382977,0.0161041287631147,0.987151319666268,NA
"LBRM_22_0640",0.331959981900109,1.61408529533901,4.06349235823931,0.397216274337571,0.691207982142509,NA
"LBRM_22_0650",1.91958064652456,2.00999205230759,1.72784719648722,1.16329271268547,0.244710761326571,0.911448662524806
"LBRM_22_0660",0.378868668650543,1.9850001311204,3.95440054501736,0.501972450317799,0.615686900261154,NA
"LBRM_22_0670",0.150548590060784,2.36802554841367,4.07009331419134,0.581811119700128,0.560693913243612,NA
"LBRM_22_0680",0,NA,NA,NA,NA,NA
"LBRM_22_0690",0,NA,NA,NA,NA,NA
"LBRM_22_0700",0,NA,NA,NA,NA,NA
"LBRM_22_0710",0.150548590060784,2.36802554841367,4.07009331419134,0.581811119700128,0.560693913243612,NA
"LBRM_22_0720",0.106620929128686,0.512386596321632,4.0804728567969,0.125570396937733,0.900071997253288,NA
"LBRM_22_0730",1.23927824462247,1.97620306042523,2.1502183165161,0.919070889335174,0.358058494506266,0.97674460065995
"LBRM_22_0740",1.77503478621973,4.02338166988671,2.01957968600347,1.99218763080775,0.0463504748737025,0.682431717593851
"LBRM_22_0750",0.526436232892991,3.5231320871403,3.43421411862938,1.0258917951646,0.304942590521467,NA
"LBRM_22_0760",0,NA,NA,NA,NA,NA
"LBRM_22_0770",0.411772022218717,0.753590502948088,3.52106034620548,0.214023739684043,0.830528544494832,NA
"LBRM_22_0780",0.215282410047006,-0.521705569758801,4.02699186999459,-0.129552178549469,0.896920740266371,NA
"LBRM_22_0790",0,NA,NA,NA,NA,NA
"LBRM_22_0800",0,NA,NA,NA,NA,NA
"LBRM_22_0810",0.569600369194135,2.56902019336441,3.72121552354445,0.690371244855345,0.489960754983094,NA
"LBRM_22_0820",0.0777714885289751,0.512386596321632,4.0804728567969,0.125570396937733,0.900071997253288,NA
"LBRM_22_0830",0.225339052771423,2.57585470100848,4.06349269559957,0.633901644218018,0.526145012480435,NA
"LBRM_22_0840",0.10866148091832,0.512386596321631,4.0804728567969,0.125570396937733,0.900071997253288,NA
"LBRM_22_0850",0,NA,NA,NA,NA,NA
"LBRM_22_0860",0.0777714885289751,0.512386596321632,4.0804728567969,0.125570396937733,0.900071997253288,NA
"LBRM_22_0870",0.819490131468972,1.10551388165922,2.36394981508287,0.467655393784434,0.640031044757711,NA
"LBRM_22_0880",0.217322961836639,-0.533674641665669,4.02601547254019,-0.132556530223405,0.894544112800906,NA
"LBRM_22_0890",0.63509771381131,2.57296621268561,3.00108970139918,0.857343987914133,0.391254804960616,NA
"LBRM_22_0900",0,NA,NA,NA,NA,NA
"LBRM_22_0910",0.0777714885289751,0.512386596321632,4.0804728567969,0.125570396937733,0.900071997253288,NA
"LBRM_22_0920",0.225339052771423,2.57585470100848,4.06349269559957,0.633901644218018,0.526145012480435,NA
"LBRM_22_0930",0.15554297705795,-0.121015899195086,4.06395245618752,-0.0297778826154414,0.976244198059474,NA
"LBRM_22_0940",0.0777714885289751,0.512386596321632,4.0804728567969,0.125570396937733,0.900071997253288,NA
"LBRM_22_0950",0.213241858257373,-0.509664860242396,4.0279820436031,-0.126531065611825,0.899311559853632,NA
"LBRM_22_0960",0.10866148091832,0.512386596321631,4.0804728567969,0.125570396937733,0.900071997253288,NA
"LBRM_22_0970",0.225339052771423,2.57585470100848,4.06349269559957,0.633901644218018,0.526145012480435,NA
"LBRM_22_0980",0.303110541300398,1.61408529533901,4.06349235823931,0.397216274337571,0.691207982142509,NA
"LBRM_22_0990",0.228320078589759,1.40625154395371,4.07009308958569,0.345508447350244,0.729712160779994,NA
"LBRM_22_1000",0.735715913184043,-0.710000828132023,2.62037497372612,-0.270953903640141,0.786426485985972,NA
"LBRM_22_1010",3.46560265375178,-0.476361745059658,1.23937995051353,-0.384354890412968,0.700715429744764,0.97845571662501
"LBRM_22_1020",1.13286145550234,1.53676486876924,2.28072202774177,0.673806299091543,0.500434469598745,0.97845571662501
"LBRM_22_1030",0.26420445797627,-0.845932859173047,4.00312810314672,-0.21131795870037,0.832639170313903,NA
"LBRM_22_1040",0.0777714885289751,0.512386596321632,4.0804728567969,0.125570396937733,0.900071997253288,NA
"LBRM_22_1050",0.691815442862749,-0.953754026939438,2.90335770448142,-0.328500351667756,0.742533378434513,NA
"LBRM_22_1060",0.633057162021677,2.57285816019941,3.00436618237407,0.856373026461879,0.391791479669518,NA
"LBRM_22_1070",0.704853111405502,0.0598025093894422,2.85256678388321,0.0209644554957738,0.983274009845436,NA
"LBRM_22_1080",0.26420445797627,-0.845932859173047,4.00312810314672,-0.21131795870037,0.832639170313903,NA
"LBRM_22_1090",2.62658339038736,-0.995634796147262,1.70528413634299,-0.583852728661638,0.559319399248731,0.97845571662501
"LBRM_22_1100",4.53352614925934,0.473049276052779,1.07883254468162,0.438482578584413,0.661036496322335,0.97845571662501
"LBRM_22_1110",18.8873809562504,-0.176115870779584,0.61436336240662,-0.286664019302343,0.774369590217488,0.97845571662501
"LBRM_22_1120",8.84756065212511,0.297916158647623,0.802588827719194,0.371194001658663,0.710493040473135,0.97845571662501
"LBRM_22_1130",5.43790423748519,-1.1826611901544,1.06464393226756,-1.11085138825286,0.266632322736304,0.911448662524806
"LBRM_22_1140",2.69153725957043,-0.765105973839619,1.43781277877233,-0.532131849942871,0.594634679501033,0.97845571662501
"LBRM_22_1150",0.707806946613035,-1.01312593441281,2.62525726036625,-0.385914915733429,0.699559683578936,NA
"LBRM_22_1160",1.04704668542778,-0.638390526867237,2.37803658757857,-0.268452777472729,0.788350819261014,0.97845571662501
"LBRM_22_1170",0,NA,NA,NA,NA,NA
"LBRM_22_1180",0.106620929128686,0.512386596321632,4.0804728567969,0.125570396937733,0.900071997253288,NA
"LBRM_22_1190",1.35726003424506,2.54557810652064,2.09260480315162,1.21646385532845,0.223808271844503,0.898195964048256
"LBRM_22_1200",0.106620929128686,0.512386596321632,4.0804728567969,0.125570396937733,0.900071997253288,NA
"LBRM_22_1205",0,NA,NA,NA,NA,NA
"LBRM_22_1210",0,NA,NA,NA,NA,NA
"LBRM_22_1220",0,NA,NA,NA,NA,NA
"LBRM_22_1230",0,NA,NA,NA,NA,NA
"LBRM_22_1240",0.10866148091832,0.512386596321631,4.0804728567969,0.125570396937733,0.900071997253288,NA
"LBRM_22_1250",0.225339052771423,2.57585470100848,4.06349269559957,0.633901644218018,0.526145012480435,NA
"LBRM_22_1260",0.10866148091832,0.512386596321631,4.0804728567969,0.125570396937733,0.900071997253288,NA
"LBRM_22_1270",0,NA,NA,NA,NA,NA
"LBRM_22_1280",0,NA,NA,NA,NA,NA
"LBRM_22_1290",0.25716951918947,1.40625154395371,4.07009308958569,0.345508447350243,0.729712160779994,NA
"LBRM_22_1300",0,NA,NA,NA,NA,NA
"LBRM_22_1310",0,NA,NA,NA,NA,NA
"LBRM_22_1320",0.213241858257373,-0.509664860242396,4.0279820436031,-0.126531065611825,0.899311559853632,NA
"LBRM_22_1330",0.301097180121568,2.94536147983492,4.04378005220696,0.728368368657302,0.466388120880344,NA
"LBRM_22_1340",0.829546774193388,2.97830239443326,2.72089918078124,1.0946022607049,0.273690924750375,NA
"LBRM_22_1350",0,NA,NA,NA,NA,NA
"LBRM_22_1360",0.150548590060784,2.36802554841367,4.07009331419134,0.581811119700128,0.560693913243612,NA
"LBRM_22_1370",0.783537883352377,-1.20015372514211,2.53509674031621,-0.473415355736055,0.635916876576334,NA
"LBRM_22_1380",0.225339052771423,2.57585470100848,4.06349269559957,0.633901644218018,0.526145012480435,NA
"LBRM_22_1390",0.184392417657661,-0.322972510444289,4.04440056163657,-0.0798567069513009,0.936351222660643,NA
"LBRM_22_1400",0.150548590060784,2.36802554841367,4.07009331419134,0.581811119700128,0.560693913243612,NA
"LBRM_22_1410",0,NA,NA,NA,NA,NA
"LBRM_22_1420",0,NA,NA,NA,NA,NA
"LBRM_22_1430",0,NA,NA,NA,NA,NA
"LBRM_22_1440",0,NA,NA,NA,NA,NA
"LBRM_22_1450",0.36583100010779,0.37730783828149,3.68378700877705,0.102423901648632,0.918420212664091,NA
"LBRM_22_1460",0,NA,NA,NA,NA,NA
"LBRM_22_1470",0,NA,NA,NA,NA,NA
"LBRM_22_1480",0.0777714885289751,0.512386596321632,4.0804728567969,0.125570396937733,0.900071997253288,NA
"LBRM_22_1490",0,NA,NA,NA,NA,NA
"LBRM_22_1500",0.10866148091832,0.512386596321631,4.0804728567969,0.125570396937733,0.900071997253288,NA
"LBRM_22_1510",0.106620929128686,0.512386596321632,4.0804728567969,0.125570396937733,0.900071997253288,NA
"LBRM_22_1520",0,NA,NA,NA,NA,NA
"LBRM_22_1530",0.334941007718446,0.571059908719948,3.80738004106996,0.14998762996075,0.880774374718182,NA
"LBRM_22_1540",0,NA,NA,NA,NA,NA
"LBRM_22_1550",0,NA,NA,NA,NA,NA
"LBRM_22_1560",0,NA,NA,NA,NA,NA
"LBRM_22_1570",0,NA,NA,NA,NA,NA
"LBRM_22_1580",0,NA,NA,NA,NA,NA
"LBRM_22_1590",0,NA,NA,NA,NA,NA
"LBRM_23_0010",0.228320078589759,1.40625154395371,4.07009308958569,0.345508447350244,0.729712160779994,NA
"LBRM_23_0020",0.228320078589759,1.40625154395371,4.07009308958569,0.345508447350244,0.729712160779994,NA
"LBRM_23_0030",0,NA,NA,NA,NA,NA
"LBRM_23_0040",0.10866148091832,0.512386596321631,4.0804728567969,0.125570396937733,0.900071997253288,NA
"LBRM_23_0050",0.228320078589759,1.40625154395371,4.07009308958569,0.345508447350244,0.729712160779994,NA
"LBRM_23_0060",0,NA,NA,NA,NA,NA
"LBRM_23_0070",0.25716951918947,1.40625154395371,4.07009308958569,0.345508447350243,0.729712160779994,NA
"LBRM_23_0080",0,NA,NA,NA,NA,NA
"LBRM_23_0090",0.334941007718446,0.571059908719948,3.80738004106996,0.14998762996075,0.880774374718182,NA
"LBRM_23_0100",0,NA,NA,NA,NA,NA
"LBRM_23_0110",0.106620929128686,0.512386596321632,4.0804728567969,0.125570396937733,0.900071997253288,NA
"LBRM_23_0120",0.0777714885289751,0.512386596321632,4.0804728567969,0.125570396937733,0.900071997253288,NA
"LBRM_23_0130",0.375887642832207,3.14688176220709,3.93733525674645,0.799241506502413,0.42415038880027,NA
"LBRM_23_0140",0,NA,NA,NA,NA,NA
"LBRM_23_0150",0,NA,NA,NA,NA,NA
"LBRM_23_0160",0,NA,NA,NA,NA,NA
"LBRM_23_0170",0,NA,NA,NA,NA,NA
"LBRM_23_0180",0.150548590060784,2.36802554841367,4.07009331419134,0.581811119700128,0.560693913243612,NA
"LBRM_23_0190",0.678261850112455,1.59451783523087,3.25770653029984,0.489460244623112,0.624515893587791,NA
"LBRM_23_0200",0.106620929128686,0.512386596321632,4.0804728567969,0.125570396937733,0.900071997253288,NA
"LBRM_23_0210",0,NA,NA,NA,NA,NA
"LBRM_23_0220",0,NA,NA,NA,NA,NA
"LBRM_23_0230",0,NA,NA,NA,NA,NA
"LBRM_23_0240",0.0777714885289751,0.512386596321632,4.0804728567969,0.125570396937733,0.900071997253288,NA
"LBRM_23_0250",0.303110541300398,1.61408529533901,4.06349235823931,0.397216274337571,0.691207982142509,NA
"LBRM_23_0260",0,NA,NA,NA,NA,NA
"LBRM_23_0270",0,NA,NA,NA,NA,NA
"LBRM_23_0280",0.375887642832207,3.14688176220709,3.93733525674645,0.799241506502413,0.42415038880027,NA
"LBRM_23_0290",0,NA,NA,NA,NA,NA
"LBRM_23_0300",0.0777714885289751,0.512386596321632,4.0804728567969,0.125570396937733,0.900071997253288,NA
"LBRM_23_0310",0.334941007718446,0.571059908719948,3.80738004106996,0.14998762996075,0.880774374718182,NA
"LBRM_23_0320",0,NA,NA,NA,NA,NA
"LBRM_23_0330",0,NA,NA,NA,NA,NA
"LBRM_23_0340",0.569600369194135,2.56902019336441,3.72121552354445,0.690371244855345,0.489960754983094,NA
"LBRM_23_0350",0,NA,NA,NA,NA,NA
"LBRM_23_0360",0,NA,NA,NA,NA,NA
"LBRM_23_0370",0.440621462818429,0.57464025758787,3.43492684945294,0.167293302819357,0.867139273458387,NA
"LBRM_23_0380",0.484549123750526,2.18815698437253,3.32455332860874,0.658180744325201,0.510421996464077,NA
"LBRM_23_0381",0.225339052771423,2.57585470100848,4.06349269559957,0.633901644218018,0.526145012480435,NA
"LBRM_23_0390",0.518420141958207,0.952811523343431,3.49715496640834,0.272453332064375,0.785273469986478,NA
"LBRM_23_0400",0,NA,NA,NA,NA,NA
"LBRM_23_0410",0,NA,NA,NA,NA,NA
"LBRM_23_0420",0.225339052771423,2.57585470100848,4.06349269559957,0.633901644218018,0.526145012480435,NA
"LBRM_23_0430",0.829478905463304,-0.986883393874701,2.50856840327232,-0.393405016417872,0.694020365182324,NA
"LBRM_23_0440",0.150548590060784,2.36802554841367,4.07009331419134,0.581811119700128,0.560693913243612,NA
"LBRM_23_0450",0,NA,NA,NA,NA,NA
"LBRM_23_0460",0.106620929128686,0.512386596321632,4.0804728567969,0.125570396937733,0.900071997253288,NA
"LBRM_23_0470",0.331959981900109,1.61408529533901,4.06349235823931,0.397216274337571,0.691207982142509,NA
"LBRM_23_0480",0.0777714885289751,0.512386596321632,4.0804728567969,0.125570396937733,0.900071997253288,NA
"LBRM_23_0490",0,NA,NA,NA,NA,NA
"LBRM_23_0500",0,NA,NA,NA,NA,NA
"LBRM_23_0510",0.777603022326507,0.255660996821756,2.40273248630831,0.106404270254225,0.915261605141037,NA
"LBRM_23_0520",0.150548590060784,2.36802554841367,4.07009331419134,0.581811119700128,0.560693913243612,NA
"LBRM_23_0530",0,NA,NA,NA,NA,NA
"LBRM_23_0540",0,NA,NA,NA,NA,NA
"LBRM_23_0550",0.375887642832207,3.14688176220709,3.93733525674645,0.799241506502413,0.42415038880027,NA
"LBRM_23_0560",0.106620929128686,0.512386596321632,4.0804728567969,0.125570396937733,0.900071997253288,NA
"LBRM_23_0570",0,NA,NA,NA,NA,NA
"LBRM_23_0580",0.259210070979104,1.40625154395371,4.07009308958569,0.345508447350243,0.729712160779994,NA
"LBRM_23_0590",0.409758661039888,1.98703088806636,3.83602284252577,0.517992454590814,0.604463533839926,NA
"LBRM_23_0600",0.520433503137037,0.0949642722930389,3.2010196652682,0.0296668818762418,0.976332724723723,NA
"LBRM_23_0610",0.184392417657661,-0.322972510444289,4.04440056163657,-0.0798567069513009,0.936351222660643,NA
"LBRM_23_0620",0.106620929128686,0.512386596321632,4.0804728567969,0.125570396937733,0.900071997253288,NA
"LBRM_23_0621",0,NA,NA,NA,NA,NA
"LBRM_23_0630",0.860436766582733,2.9801219979049,2.68885312464964,1.10832457547982,0.267721665667612,NA
"LBRM_23_0640",0,NA,NA,NA,NA,NA
"LBRM_23_0650",0.965017143921786,1.98481825622288,2.55725422440956,0.776152107708863,0.437659179981217,0.97845571662501
"LBRM_23_0660",2.45625047153972,2.4687598189996,1.61006500839494,1.53332927933182,0.125194743943778,0.786201095137236
"LBRM_23_0670",0.150548590060784,2.36802554841367,4.07009331419134,0.581811119700128,0.560693913243612,NA
"LBRM_23_0680",0,NA,NA,NA,NA,NA
"LBRM_23_0690",0,NA,NA,NA,NA,NA
"LBRM_23_0700",0,NA,NA,NA,NA,NA
"LBRM_23_0710",0,NA,NA,NA,NA,NA
"LBRM_23_0720",1.2714724547813,1.4441787895842,2.22838339145006,0.648083626509368,0.516930863482851,0.97845571662501
"LBRM_23_0730",0,NA,NA,NA,NA,NA
"LBRM_23_0740",0.106620929128686,0.512386596321632,4.0804728567969,0.125570396937733,0.900071997253288,NA
"LBRM_23_0750",0,NA,NA,NA,NA,NA
"LBRM_23_0760",0,NA,NA,NA,NA,NA
"LBRM_23_0770",0.150548590060784,2.36802554841367,4.07009331419134,0.581811119700128,0.560693913243612,NA
"LBRM_23_0780",0.26420445797627,-0.845932859173047,4.00312810314672,-0.21131795870037,0.832639170313903,NA
"LBRM_23_0790",0.225339052771423,2.57585470100848,4.06349269559957,0.633901644218018,0.526145012480435,NA
"LBRM_23_0800",0,NA,NA,NA,NA,NA
"LBRM_23_0810",0,NA,NA,NA,NA,NA
"LBRM_23_0820",0,NA,NA,NA,NA,NA
"LBRM_23_0830",0,NA,NA,NA,NA,NA
"LBRM_23_0840",0.150548590060784,2.36802554841367,4.07009331419134,0.581811119700128,0.560693913243612,NA
"LBRM_23_0850",0,NA,NA,NA,NA,NA
"LBRM_23_0860",0,NA,NA,NA,NA,NA
"LBRM_23_0870",0,NA,NA,NA,NA,NA
"LBRM_23_0880",0,NA,NA,NA,NA,NA
"LBRM_23_0890",0,NA,NA,NA,NA,NA
"LBRM_23_0900",0,NA,NA,NA,NA,NA
"LBRM_23_0910",0,NA,NA,NA,NA,NA
"LBRM_23_0920",0.217322961836639,-0.533674641665669,4.02601547254019,-0.132556530223405,0.894544112800906,NA
"LBRM_23_0930",0,NA,NA,NA,NA,NA
"LBRM_23_0940",0,NA,NA,NA,NA,NA
"LBRM_23_0950",0.150548590060784,2.36802554841367,4.07009331419134,0.581811119700128,0.560693913243612,NA
"LBRM_23_0960",0,NA,NA,NA,NA,NA
"LBRM_23_0970",0,NA,NA,NA,NA,NA
"LBRM_23_0980",0,NA,NA,NA,NA,NA
"LBRM_23_0990",0,NA,NA,NA,NA,NA
"LBRM_23_1000",0,NA,NA,NA,NA,NA
"LBRM_23_1010",1.15147730397988,1.55760479208841,2.22863114590974,0.698906499151783,0.484610465621723,0.97845571662501
"LBRM_23_1020",0,NA,NA,NA,NA,NA
"LBRM_23_1030",0,NA,NA,NA,NA,NA
"LBRM_23_1040",0.0777714885289751,0.512386596321632,4.0804728567969,0.125570396937733,0.900071997253288,NA
"LBRM_23_1050",0.106620929128686,0.512386596321632,4.0804728567969,0.125570396937733,0.900071997253288,NA
"LBRM_23_1060",0.150548590060784,2.36802554841367,4.07009331419134,0.581811119700128,0.560693913243612,NA
"LBRM_23_1070",0,NA,NA,NA,NA,NA
"LBRM_23_1080",0,NA,NA,NA,NA,NA
"LBRM_23_1090",0,NA,NA,NA,NA,NA
"LBRM_23_1100",0,NA,NA,NA,NA,NA
"LBRM_23_1110",0,NA,NA,NA,NA,NA
"LBRM_23_1120",0,NA,NA,NA,NA,NA
"LBRM_23_1130",0.106620929128686,0.512386596321632,4.0804728567969,0.125570396937733,0.900071997253288,NA
"LBRM_23_1140",0.375887642832207,3.14688176220709,3.93733525674645,0.799241506502413,0.42415038880027,NA
"LBRM_23_1150",0,NA,NA,NA,NA,NA
"LBRM_23_1160",0,NA,NA,NA,NA,NA
"LBRM_23_1170",0.25716951918947,1.40625154395371,4.07009308958569,0.345508447350243,0.729712160779994,NA
"LBRM_23_1180",0.259210070979104,1.40625154395371,4.07009308958569,0.345508447350243,0.729712160779994,NA
"LBRM_23_1190",0.150548590060784,2.36802554841367,4.07009331419134,0.581811119700128,0.560693913243612,NA
"LBRM_23_1200",0,NA,NA,NA,NA,NA
"LBRM_23_1210",0,NA,NA,NA,NA,NA
"LBRM_23_1220",0,NA,NA,NA,NA,NA
"LBRM_23_1230",0.228320078589759,1.40625154395371,4.07009308958569,0.345508447350244,0.729712160779994,NA
"LBRM_23_1240",0.213241858257373,-0.509664860242396,4.0279820436031,-0.126531065611825,0.899311559853632,NA
"LBRM_23_1250",0.225339052771423,2.57585470100848,4.06349269559957,0.633901644218018,0.526145012480435,NA
"LBRM_23_1260",0.301097180121568,2.94536147983492,4.04378005220696,0.728368368657302,0.466388120880344,NA
"LBRM_23_1270",0,NA,NA,NA,NA,NA
"LBRM_23_1280",0,NA,NA,NA,NA,NA
"LBRM_23_1290",0.375887642832207,3.14688176220709,3.93733525674645,0.799241506502413,0.42415038880027,NA
"LBRM_23_1300",0,NA,NA,NA,NA,NA
"LBRM_23_1310",0.225339052771423,2.57585470100848,4.06349269559957,0.633901644218018,0.526145012480435,NA
"LBRM_23_1320",0.325984442754959,-1.12480235985684,3.98638640040744,-0.282160896330038,0.777820140766097,NA
"LBRM_23_1330",0,NA,NA,NA,NA,NA
"LBRM_23_1340",0.10866148091832,0.512386596321631,4.0804728567969,0.125570396937733,0.900071997253288,NA
"LBRM_23_1350",0.150548590060784,2.36802554841367,4.07009331419134,0.581811119700128,0.560693913243612,NA
"LBRM_23_1360",0,NA,NA,NA,NA,NA
"LBRM_23_1370",0.106620929128686,0.512386596321632,4.0804728567969,0.125570396937733,0.900071997253288,NA
"LBRM_23_1380",0.0777714885289751,0.512386596321632,4.0804728567969,0.125570396937733,0.900071997253288,NA
"LBRM_23_1390",0.569600369194135,2.56902019336441,3.72121552354445,0.690371244855345,0.489960754983094,NA
"LBRM_23_1400",0,NA,NA,NA,NA,NA
"LBRM_23_1410",0.150548590060784,2.36802554841367,4.07009331419134,0.581811119700128,0.560693913243612,NA
"LBRM_23_1420",0,NA,NA,NA,NA,NA
"LBRM_23_1430",1.39914714338752,3.622565487103,2.18273172109883,1.65964761133325,0.0969853642629289,0.786201095137236
"LBRM_23_1440",0,NA,NA,NA,NA,NA
"LBRM_23_1450",0.301097180121568,2.94536147983492,4.04378005220696,0.728368368657302,0.466388120880344,NA
"LBRM_23_1460",0.150548590060784,2.36802554841367,4.07009331419134,0.581811119700128,0.560693913243612,NA
"LBRM_23_1470",0.150548590060784,2.36802554841367,4.07009331419134,0.581811119700128,0.560693913243612,NA
"LBRM_23_1480",0.10866148091832,0.512386596321631,4.0804728567969,0.125570396937733,0.900071997253288,NA
"LBRM_23_1490",0,NA,NA,NA,NA,NA
"LBRM_23_1500",0,NA,NA,NA,NA,NA
"LBRM_23_1510",0.150548590060784,2.36802554841367,4.07009331419134,0.581811119700128,0.560693913243612,NA
"LBRM_23_1520",0,NA,NA,NA,NA,NA
"LBRM_23_1530",0.150548590060784,2.36802554841367,4.07009331419134,0.581811119700128,0.560693913243612,NA
"LBRM_23_1540",0.225339052771423,2.57585470100848,4.06349269559957,0.633901644218018,0.526145012480435,NA
"LBRM_23_1550",0.150548590060784,2.36802554841367,4.07009331419134,0.581811119700128,0.560693913243612,NA
"LBRM_23_1560",0,NA,NA,NA,NA,NA
"LBRM_23_1570",0,NA,NA,NA,NA,NA
"LBRM_23_1580",0,NA,NA,NA,NA,NA
"LBRM_23_1590",0,NA,NA,NA,NA,NA
"LBRM_23_1600",0,NA,NA,NA,NA,NA
"LBRM_23_1610",0,NA,NA,NA,NA,NA
"LBRM_23_1620",0,NA,NA,NA,NA,NA
"LBRM_23_1630",0,NA,NA,NA,NA,NA
"LBRM_23_1640",0.48548959777923,1.15941991701357,3.30651895540538,0.3506466869389,0.725853426540296,NA
"LBRM_23_1650",0.10866148091832,0.512386596321631,4.0804728567969,0.125570396937733,0.900071997253288,NA
"LBRM_23_1660",0,NA,NA,NA,NA,NA
"LBRM_23_1670",0,NA,NA,NA,NA,NA
"LBRM_23_1680",0,NA,NA,NA,NA,NA
"LBRM_23_1690",0.604207721421966,2.57131227611813,3.0525090610705,0.842360243548757,0.399586339388437,NA
"LBRM_23_1700",0,NA,NA,NA,NA,NA
"LBRM_23_1710",0.0777714885289751,0.512386596321632,4.0804728567969,0.125570396937733,0.900071997253288,NA
"LBRM_23_1720",0,NA,NA,NA,NA,NA
"LBRM_23_1730",0,NA,NA,NA,NA,NA
"LBRM_23_1740",0,NA,NA,NA,NA,NA
"LBRM_23_1750",0.106620929128686,0.512386596321632,4.0804728567969,0.125570396937733,0.900071997253288,NA
"LBRM_23_1760",0,NA,NA,NA,NA,NA
"LBRM_23_1770",0.88720497727353,-0.463547807756147,2.38913803356513,-0.19402303309551,0.846157846791066,NA
"LBRM_23_1780",0,NA,NA,NA,NA,NA
"LBRM_23_1790",0.150548590060784,2.36802554841367,4.07009331419134,0.581811119700128,0.560693913243612,NA
"LBRM_23_1800",0.150548590060784,2.36802554841367,4.07009331419134,0.581811119700128,0.560693913243612,NA
"LBRM_23_1810",0,NA,NA,NA,NA,NA
"LBRM_23_1820",0.15554297705795,-0.121015899195086,4.06395245618752,-0.0297778826154414,0.976244198059474,NA
"LBRM_23_1830",0.678261850112455,1.59451783523087,3.25770653029984,0.489460244623112,0.624515893587791,NA
"LBRM_23_1840",0.15554297705795,-0.121015899195086,4.06395245618752,-0.0297778826154414,0.976244198059474,NA
"LBRM_23_1850",1.71912885638653,0.401420233458359,1.96414521668395,0.204374009644803,0.83806123883902,0.97845571662501
"LBRM_23_1860",0.678998184132604,2.70176068594082,2.93908775142647,0.919251452982151,0.357964064078588,NA
"LBRM_23_1870",0,NA,NA,NA,NA,NA
"LBRM_23_1880",1.95345166473224,1.59025965427388,1.69579263954446,0.937767753668906,0.348363776075805,0.964273692480018
"LBRM_23_1890",0.10866148091832,0.512386596321631,4.0804728567969,0.125570396937733,0.900071997253288,NA
"LBRM_23_1900",0.378868668650543,1.9850001311204,3.95440054501736,0.501972450317799,0.615686900261154,NA
"LBRM_23_1910",0,NA,NA,NA,NA,NA
"LBRM_23_1911",0,NA,NA,NA,NA,NA
"LBRM_23_1920",0.15554297705795,-0.121015899195086,4.06395245618752,-0.0297778826154414,0.976244198059474,NA
"LBRM_23_1930",0,NA,NA,NA,NA,NA
"LBRM_23_1940",0.150548590060784,2.36802554841367,4.07009331419134,0.581811119700128,0.560693913243612,NA
"LBRM_23_1950",0.259210070979104,1.40625154395371,4.07009308958569,0.345508447350243,0.729712160779994,NA
"LBRM_23_1960",0,NA,NA,NA,NA,NA
"LBRM_23_1970",0,NA,NA,NA,NA,NA
"LBRM_23_1980",2.82159515973058,3.34691659064911,1.6333590347771,2.04910036274166,0.0404523020388382,0.626695082348765
"LBRM_23_rRNA1",0.150548590060784,2.36802554841367,4.07009331419134,0.581811119700128,0.560693913243612,NA
"LBRM_23_snRNA1",2.69911895573877,-3.05000686343806,1.71950458905463,-1.77377070282489,0.0761010860214161,0.772570518850326
"LBRM_23_snRNA2",0.492524536566029,-0.327744196058262,3.25762159773073,-0.100608430483936,0.919861304109016,NA
"LBRM_23_tRNA1",19.4674833721621,-1.90295435048234,0.660467426201427,-2.8812236228316,0.00396134476805046,0.122192250152941
"LBRM_23_tRNA10",0.3110859541159,-1.09586602915113,3.98798045209394,-0.274792226871557,0.783475870354895,NA
"LBRM_23_tRNA2",2.99737416361605,-2.60860790635443,1.60276670023882,-1.62756557518055,0.103617033510485,0.786201095137236
"LBRM_23_tRNA3",0.412712496247421,0.0561632178876675,3.48750427382977,0.0161041287631147,0.987151319666268,NA
"LBRM_23_tRNA4",0.640092100808476,0.821731780753375,2.75350770085663,0.298430899792918,0.765374308277107,NA
"LBRM_23_tRNA5",0.951938797259752,-1.5224314093317,2.35489669565298,-0.646496048910355,0.517958155110345,0.97845571662501
"LBRM_23_tRNA6",0,NA,NA,NA,NA,NA
"LBRM_23_tRNA7",0.334000533689742,1.61408529533901,4.06349235823931,0.397216274337571,0.691207982142509,NA
"LBRM_23_tRNA8",1.94180252569565,-2.67518763901282,1.87427373431475,-1.4273196012059,0.153487793233412,0.826155772974471
"LBRM_23_tRNA9",8.25736760185098,-2.48292004081048,1.01287934760887,-2.45134827427568,0.0142322173502156,0.306258629078902
"LBRM_24_0010",0.106620929128686,0.512386596321632,4.0804728567969,0.125570396937733,0.900071997253288,NA
"LBRM_24_0020",0.375887642832207,3.14688176220709,3.93733525674645,0.799241506502413,0.42415038880027,NA
"LBRM_24_0030",0.150548590060784,2.36802554841367,4.07009331419134,0.581811119700128,0.560693913243612,NA
"LBRM_24_0040",0.409731470429084,0.766215052256748,3.52755227934135,0.21720870212016,0.828045703264168,NA
"LBRM_24_0050",0,NA,NA,NA,NA,NA
"LBRM_24_0060",0.150548590060784,2.36802554841367,4.07009331419134,0.581811119700128,0.560693913243612,NA
"LBRM_24_0070",0,NA,NA,NA,NA,NA
"LBRM_24_0080",0,NA,NA,NA,NA,NA
"LBRM_24_0090",0.106620929128686,0.512386596321632,4.0804728567969,0.125570396937733,0.900071997253288,NA
"LBRM_24_0100",0.150548590060784,2.36802554841367,4.07009331419134,0.581811119700128,0.560693913243612,NA
"LBRM_24_0110",0,NA,NA,NA,NA,NA
"LBRM_24_0120",0.150548590060784,2.36802554841367,4.07009331419134,0.581811119700128,0.560693913243612,NA
"LBRM_24_0130",0.331959981900109,1.61408529533901,4.06349235823931,0.397216274337571,0.691207982142509,NA
"LBRM_24_0140",0.225339052771423,2.57585470100848,4.06349269559957,0.633901644218018,0.526145012480435,NA
"LBRM_24_0150",0,NA,NA,NA,NA,NA
"LBRM_24_0160",0.0777714885289751,0.512386596321632,4.0804728567969,0.125570396937733,0.900071997253288,NA
"LBRM_24_0170",0,NA,NA,NA,NA,NA
"LBRM_24_0180",0.0777714885289751,0.512386596321632,4.0804728567969,0.125570396937733,0.900071997253288,NA
"LBRM_24_0190",0,NA,NA,NA,NA,NA
"LBRM_24_0200",0,NA,NA,NA,NA,NA
"LBRM_24_0210",0.0777714885289751,0.512386596321632,4.0804728567969,0.125570396937733,0.900071997253288,NA
"LBRM_24_0220",0,NA,NA,NA,NA,NA
"LBRM_24_0230",0.72014895925492,3.43948944334506,3.11039865378382,1.10580341177839,0.268811617980153,NA
"LBRM_24_0240",0.10866148091832,0.512386596321631,4.0804728567969,0.125570396937733,0.900071997253288,NA
"LBRM_24_0250",0.640092100808476,0.821731780753375,2.75350770085663,0.298430899792918,0.765374308277107,NA
"LBRM_24_0260",0,NA,NA,NA,NA,NA
"LBRM_24_0270",0.375887642832207,3.14688176220709,3.93733525674645,0.799241506502413,0.42415038880027,NA
"LBRM_24_0280",0.150548590060784,2.36802554841367,4.07009331419134,0.581811119700128,0.560693913243612,NA
"LBRM_24_0290",0,NA,NA,NA,NA,NA
"LBRM_24_0300",2.69910529502775,2.25246510341317,1.49406915737192,1.5076043115536,0.13165582860933,0.799908898065778
"LBRM_24_0310",0.334000533689742,1.61408529533901,4.06349235823931,0.397216274337571,0.691207982142509,NA
"LBRM_24_0320",0.150548590060784,2.36802554841367,4.07009331419134,0.581811119700128,0.560693913243612,NA
"LBRM_24_0330",1.05914387994183,1.24768215731029,2.37108775315849,0.526206655847412,0.598744630024107,0.97845571662501
"LBRM_24_0340",0.225339052771423,2.57585470100848,4.06349269559957,0.633901644218018,0.526145012480435,NA
"LBRM_24_0350",0.569600369194135,2.56902019336441,3.72121552354445,0.690371244855345,0.489960754983094,NA
"LBRM_24_0360",0,NA,NA,NA,NA,NA
"LBRM_24_0370",0,NA,NA,NA,NA,NA
"LBRM_24_0380",0,NA,NA,NA,NA,NA
"LBRM_24_0390",0.10866148091832,0.512386596321631,4.0804728567969,0.125570396937733,0.900071997253288,NA
"LBRM_24_0400",0.217322961836639,-0.533674641665669,4.02601547254019,-0.132556530223405,0.894544112800906,NA
"LBRM_24_0410",0.150548590060784,2.36802554841367,4.07009331419134,0.581811119700128,0.560693913243612,NA
"LBRM_24_0420",0,NA,NA,NA,NA,NA
"LBRM_24_0430",0,NA,NA,NA,NA,NA
"LBRM_24_0440",0,NA,NA,NA,NA,NA
"LBRM_24_0450",0.150548590060784,2.36802554841367,4.07009331419134,0.581811119700128,0.560693913243612,NA
"LBRM_24_0460",0,NA,NA,NA,NA,NA
"LBRM_24_0470",0,NA,NA,NA,NA,NA
"LBRM_24_0480",0.334000533689742,1.61408529533901,4.06349235823931,0.397216274337571,0.691207982142509,NA
"LBRM_24_0490",0.10866148091832,0.512386596321631,4.0804728567969,0.125570396937733,0.900071997253288,NA
"LBRM_24_0500",0,NA,NA,NA,NA,NA
"LBRM_24_0510",0,NA,NA,NA,NA,NA
"LBRM_24_0520",0.401715379494301,-1.43380111314668,3.48376812167954,-0.411566172910336,0.680657429795647,NA
"LBRM_24_0530",0,NA,NA,NA,NA,NA
"LBRM_24_0540",0,NA,NA,NA,NA,NA
"LBRM_24_0550",0,NA,NA,NA,NA,NA
"LBRM_24_0560",0,NA,NA,NA,NA,NA
"LBRM_24_0570",0,NA,NA,NA,NA,NA
"LBRM_24_0580",0,NA,NA,NA,NA,NA
"LBRM_24_0590",0.213241858257373,-0.509664860242396,4.0279820436031,-0.126531065611825,0.899311559853632,NA
"LBRM_24_0600",0.375887642832207,3.14688176220709,3.93733525674645,0.799241506502413,0.42415038880027,NA
"LBRM_24_0610",0.977114338435836,4.28277394078345,2.70720035882368,1.58199371052255,0.113651006298433,0.786201095137236
"LBRM_24_0620",0.0777714885289751,0.512386596321632,4.0804728567969,0.125570396937733,0.900071997253288,NA
"LBRM_24_0630",0.47449248102611,-0.213135733769991,3.32049635102842,-0.0641879138653408,0.94882060088783,NA
"LBRM_24_0640",0,NA,NA,NA,NA,NA
"LBRM_24_0650",0,NA,NA,NA,NA,NA
"LBRM_24_0660",0.336981559508079,0.558142011562438,3.79863620897194,0.146932209576735,0.883185528260993,NA
"LBRM_24_0670",0.47449248102611,-0.213135733769991,3.32049635102842,-0.0641879138653408,0.94882060088783,NA
"LBRM_24_0680",0.10866148091832,0.512386596321631,4.0804728567969,0.125570396937733,0.900071997253288,NA
"LBRM_24_0690",0.895221068208314,0.752800426795497,2.40076424858788,0.313566993193226,0.753849931626196,NA
"LBRM_24_0700",0.293053898575981,-0.981973165309184,3.95663099556679,-0.248184166380296,0.803991916578278,NA
"LBRM_24_0710",0.450678105542845,3.32271092996418,4.01688493769328,0.827185986530216,0.408131653169535,NA
"LBRM_24_0720",0.10866148091832,0.512386596321631,4.0804728567969,0.125570396937733,0.900071997253288,NA
"LBRM_24_0730",0.10866148091832,0.512386596321631,4.0804728567969,0.125570396937733,0.900071997253288,NA
"LBRM_24_0740",0.150548590060784,2.36802554841367,4.07009331419134,0.581811119700128,0.560693913243612,NA
"LBRM_24_0750",1.42571121406977,1.2346290271383,1.89281069293263,0.652272851029504,0.514225170697933,0.97845571662501
"LBRM_24_0760",0,NA,NA,NA,NA,NA
"LBRM_24_0770",0.88328347742649,0.318018719262185,2.64448708560766,0.12025724042782,0.904279375419942,NA
"LBRM_24_0780",0.106620929128686,0.512386596321632,4.0804728567969,0.125570396937733,0.900071997253288,NA
"LBRM_24_0790",0.150548590060784,2.36802554841367,4.07009331419134,0.581811119700128,0.560693913243612,NA
"LBRM_24_0800",0.678998184132604,2.70176068594082,2.93908775142647,0.919251452982151,0.357964064078588,NA
"LBRM_24_0810",0.303110541300398,1.61408529533901,4.06349235823931,0.397216274337571,0.691207982142509,NA
"LBRM_24_0820",0.450678105542845,3.32271092996418,4.01688493769328,0.827185986530216,0.408131653169535,NA
"LBRM_24_0830",0.72014895925492,3.43948944334506,3.11039865378382,1.10580341177839,0.268811617980153,NA
"LBRM_24_0840",0.341975946505245,-1.21925835011793,3.98139526061418,-0.306238961546823,0.759422709459565,NA
"LBRM_24_0860",0.291013346786348,-0.973012266528396,3.99510687890662,-0.243550997763216,0.807578583630658,NA
"LBRM_24_0870",0,NA,NA,NA,NA,NA
"LBRM_24_0880",0,NA,NA,NA,NA,NA
"LBRM_24_0890",0.225339052771423,2.57585470100848,4.06349269559957,0.633901644218018,0.526145012480435,NA
"LBRM_24_0900",0.412712496247421,0.0561632178876675,3.48750427382977,0.0161041287631147,0.987151319666268,NA
"LBRM_24_0910",0.225339052771423,2.57585470100848,4.06349269559957,0.633901644218018,0.526145012480435,NA
"LBRM_24_0920",0.106620929128686,0.512386596321632,4.0804728567969,0.125570396937733,0.900071997253288,NA
"LBRM_24_0930",0.303110541300398,1.61408529533901,4.06349235823931,0.397216274337571,0.691207982142509,NA
"LBRM_24_0940",0.777603022326507,0.255660996821756,2.40273248630831,0.106404270254225,0.915261605141037,NA
"LBRM_24_0950",0,NA,NA,NA,NA,NA
"LBRM_24_0960",0,NA,NA,NA,NA,NA
"LBRM_24_0970",0.568255473305371,-0.617837973317117,3.09092980056987,-0.199887416790639,0.841568631795877,NA
"LBRM_24_0980",0.794939421965558,3.66299337614718,3.01117239705661,1.21646750605436,0.223806881932692,NA
"LBRM_24_0990",0.629094984055357,-0.360144542738523,2.98633227283313,-0.120597612668484,0.90400975985677,NA
"LBRM_24_1000",0.150548590060784,2.36802554841367,4.07009331419134,0.581811119700128,0.560693913243612,NA
"LBRM_24_1010",0.301097180121568,2.94536147983492,4.04378005220696,0.728368368657302,0.466388120880344,NA
"LBRM_24_1020",0.681979209950941,1.90987309807228,2.91583686845847,0.654999982588867,0.512467765269221,NA
"LBRM_24_1030",1.80180299691053,1.10046657363691,1.66335454821199,0.661594712215655,0.508230997286382,0.97845571662501
"LBRM_24_1040",0.106620929128686,0.512386596321632,4.0804728567969,0.125570396937733,0.900071997253288,NA
"LBRM_24_1050",0.331959981900109,1.61408529533901,4.06349235823931,0.397216274337571,0.691207982142509,NA
"LBRM_24_1060",1.76296478231648,2.92462501296505,1.90608032158842,1.53436609141834,0.124939614680883,0.786201095137236
"LBRM_24_1070",0.36583100010779,0.37730783828149,3.68378700877705,0.102423901648632,0.918420212664091,NA
"LBRM_24_1080",1.38402824493586,-0.303948308181912,1.97117460032028,-0.15419654257544,0.877454768214256,0.97845571662501
"LBRM_24_1090",0.184392417657661,-0.322972510444289,4.04440056163657,-0.0798567069513009,0.936351222660643,NA
"LBRM_24_1100",0,NA,NA,NA,NA,NA
"LBRM_24_1110",0.293053898575981,-0.981973165309184,3.95663099556679,-0.248184166380296,0.803991916578278,NA
"LBRM_24_1120",0.783605752082461,2.87246961660672,2.78777490619844,1.0303807564305,0.302831303075129,NA
"LBRM_24_1130",0.383863055647709,0.204738946669101,3.92149544373455,0.0522094057245985,0.95836183847219,NA
"LBRM_24_1140",0.215282410047006,-0.521705569758801,4.02699186999459,-0.129552178549469,0.896920740266371,NA
"LBRM_24_1150",1.48547783766963,1.46665864372196,2.00021099256642,0.733251966503854,0.46340476546406,0.97845571662501
"LBRM_24_1160",0,NA,NA,NA,NA,NA
"LBRM_24_1170",1.11964683756184,2.22911036488245,2.41393263333751,0.923435200343797,0.355780454849932,0.97384274672234
"LBRM_24_1180",0.186432969447295,-0.33622145367943,4.04316669949863,-0.083157949861707,0.933725948031842,NA
"LBRM_24_1190",0.74375919472963,1.55072329386926,2.8192209712577,0.550053830359191,0.582282452541472,NA
"LBRM_24_1200",0.428524268304379,-1.52258632693544,3.72611688048067,-0.408625487544831,0.682814523318604,NA
"LBRM_24_1210",0.10866148091832,0.512386596321631,4.0804728567969,0.125570396937733,0.900071997253288,NA
"LBRM_24_1220",1.38909050066311,1.81700363200847,1.91654137981394,0.948063867102556,0.343096941500738,0.958758700639694
"LBRM_24_1230",0.225339052771423,2.57585470100848,4.06349269559957,0.633901644218018,0.526145012480435,NA
"LBRM_24_1240",1.32137565485855,4.58999976594871,2.30346359383811,1.9926513178794,0.0462996416117463,0.682431717593851
"LBRM_24_1250",0.715850228158622,1.07017216754736,2.82744461968759,0.378494475221801,0.705063297192577,NA
"LBRM_24_1260",0.259210070979104,1.40625154395371,4.07009308958569,0.345508447350243,0.729712160779994,NA
"LBRM_24_1270",0,NA,NA,NA,NA,NA
"LBRM_24_1280",0.786923331030775,0.55959728992246,3.0781392003202,0.181797265654603,0.855741830456468,NA
"LBRM_24_1290",0.10866148091832,0.512386596321631,4.0804728567969,0.125570396937733,0.900071997253288,NA
"LBRM_24_1300",0,NA,NA,NA,NA,NA
"LBRM_24_1310",0.676221298322822,1.59462830001721,3.26104804272725,0.488992581257285,0.624846949119947,NA
"LBRM_24_1320",0.0777714885289751,0.512386596321632,4.0804728567969,0.125570396937733,0.900071997253288,NA
"LBRM_24_1330",1.17082706479776,4.38734850930913,2.42817113225948,1.80685308832684,0.070785188626508,0.738573202676465
"LBRM_24_1340",0.150548590060784,2.36802554841367,4.07009331419134,0.581811119700128,0.560693913243612,NA
"LBRM_24_1350",0.331959981900109,1.61408529533901,4.06349235823931,0.397216274337571,0.691207982142509,NA
"LBRM_24_1360",0.225339052771423,2.57585470100848,4.06349269559957,0.633901644218018,0.526145012480435,NA
"LBRM_24_1370",0.150548590060784,2.36802554841367,4.07009331419134,0.581811119700128,0.560693913243612,NA
"LBRM_24_1380",1.12056012097974,1.16115436026375,2.20042511513393,0.527695467697422,0.597710719482375,0.97845571662501
"LBRM_24_1390",0.450678105542845,3.32271092996418,4.01688493769328,0.827185986530216,0.408131653169535,NA
"LBRM_24_1400",0,NA,NA,NA,NA,NA
"LBRM_24_1410",0,NA,NA,NA,NA,NA
"LBRM_24_1420",0,NA,NA,NA,NA,NA
"LBRM_24_1430",0,NA,NA,NA,NA,NA
"LBRM_24_1440",0.36583100010779,0.37730783828149,3.68378700877705,0.102423901648632,0.918420212664091,NA
"LBRM_24_1450",0.367871551897423,0.360330296647215,4.00569038940248,0.0899546049790844,0.928323288495364,NA
"LBRM_24_1460",0.751775285664413,3.92717380088052,2.98683528639638,1.31482771037524,0.188567812260143,NA
"LBRM_24_1470",0,NA,NA,NA,NA,NA
"LBRM_24_1480",0.106620929128686,0.512386596321632,4.0804728567969,0.125570396937733,0.900071997253288,NA
"LBRM_24_1490",0,NA,NA,NA,NA,NA
"LBRM_24_1500",0,NA,NA,NA,NA,NA
"LBRM_24_1510",0,NA,NA,NA,NA,NA
"LBRM_24_1520",0.547242391947115,-0.0178913273590738,3.14732738556427,-0.00568460956465326,0.995464362222211,NA
"LBRM_24_1530",0.106620929128686,0.512386596321632,4.0804728567969,0.125570396937733,0.900071997253288,NA
"LBRM_24_1540",0,NA,NA,NA,NA,NA
"LBRM_24_1550",0,NA,NA,NA,NA,NA
"LBRM_24_1560",0.901560351094244,2.66466023462672,2.73321088695414,0.974919369502506,0.329600257279052,NA
"LBRM_24_1570",0.0777714885289751,0.512386596321632,4.0804728567969,0.125570396937733,0.900071997253288,NA
"LBRM_24_1580",0.228320078589759,1.40625154395371,4.07009308958569,0.345508447350244,0.729712160779994,NA
"LBRM_24_1590",0,NA,NA,NA,NA,NA
"LBRM_24_1600",0,NA,NA,NA,NA,NA
"LBRM_24_1610",1.20469808300545,3.32172419149831,2.30848884542242,1.43891715053554,0.150173997681913,0.824895983305218
"LBRM_24_1620",0.370825387104956,-1.32784186481398,3.58695565306301,-0.370186306507606,0.711243678831557,NA
"LBRM_24_1630",0.992885432373514,-0.358859634943567,2.19499844070526,-0.163489699258403,0.87013288283759,0.97845571662501
"LBRM_24_1640",0.150548590060784,2.36802554841367,4.07009331419134,0.581811119700128,0.560693913243612,NA
"LBRM_24_1650",0.225339052771423,2.57585470100848,4.06349269559957,0.633901644218018,0.526145012480435,NA
"LBRM_24_1660",0,NA,NA,NA,NA,NA
"LBRM_24_1670",0,NA,NA,NA,NA,NA
"LBRM_24_1680",0,NA,NA,NA,NA,NA
"LBRM_24_1690",0.215282410047006,-0.521705569758801,4.02699186999459,-0.129552178549469,0.896920740266371,NA
"LBRM_24_1700",0.228320078589759,1.40625154395371,4.07009308958569,0.345508447350244,0.729712160779994,NA
"LBRM_24_1710",3.67087188148923,0.45245753373611,1.23641538120285,0.36594298373734,0.714407621221705,0.97845571662501
"LBRM_24_1720",2.15831368831405,0.521298032182545,1.55034386639625,0.336246714991233,0.736684828096126,0.97845571662501
"LBRM_24_1730",0.746713029937163,0.350226529228915,2.42905053484144,0.144182479617196,0.885356375619298,NA
"LBRM_24_1740",0.594151078697549,0.519947630579927,2.82675581492527,0.183937936143831,0.854062143776909,NA
"LBRM_24_1750",0.331959981900109,1.61408529533901,4.06349235823931,0.397216274337571,0.691207982142509,NA
"LBRM_24_1760",0.800629464863593,-0.910665810673449,2.74003230040253,-0.332355866950789,0.739620559284961,NA
"LBRM_24_1770",0.186432969447295,-0.33622145367943,4.04316669949863,-0.083157949861707,0.933725948031842,NA
"LBRM_24_1780",0.15554297705795,-0.121015899195086,4.06395245618752,-0.0297778826154414,0.976244198059474,NA
"LBRM_24_1790",0,NA,NA,NA,NA,NA
"LBRM_24_1800",0.150548590060784,2.36802554841367,4.07009331419134,0.581811119700128,0.560693913243612,NA
"LBRM_24_1810",0.397634275915034,-1.42140191939976,3.83273587958389,-0.370858301760692,0.710743074256136,NA
"LBRM_24_1820",0,NA,NA,NA,NA,NA
"LBRM_24_1830",0,NA,NA,NA,NA,NA
"LBRM_24_1840",0,NA,NA,NA,NA,NA
"LBRM_24_1850",0.233314465586925,-0.688087203449716,4.0140974204965,-0.171417664139453,0.863895366368199,NA
"LBRM_24_1860",0,NA,NA,NA,NA,NA
"LBRM_24_1870",0,NA,NA,NA,NA,NA
"LBRM_24_1880",0.106620929128686,0.512386596321632,4.0804728567969,0.125570396937733,0.900071997253288,NA
"LBRM_24_1890",0,NA,NA,NA,NA,NA
"LBRM_24_1900",0.334000533689742,1.61408529533901,4.06349235823931,0.397216274337571,0.691207982142509,NA
"LBRM_24_1910",0.259210070979104,1.40625154395371,4.07009308958569,0.345508447350243,0.729712160779994,NA
"LBRM_24_1920",0.809406298133752,-0.918001112392521,2.50945263524906,-0.365817270068303,0.714501432150995,NA
"LBRM_24_1930",0.0777714885289751,0.512386596321632,4.0804728567969,0.125570396937733,0.900071997253288,NA
"LBRM_24_1940",0,NA,NA,NA,NA,NA
"LBRM_24_1950",0.225339052771423,2.57585470100848,4.06349269559957,0.633901644218018,0.526145012480435,NA
"LBRM_24_1960",0.150548590060784,2.36802554841367,4.07009331419134,0.581811119700128,0.560693913243612,NA
"LBRM_24_1970",0.106620929128686,0.512386596321632,4.0804728567969,0.125570396937733,0.900071997253288,NA
"LBRM_24_1980",0,NA,NA,NA,NA,NA
"LBRM_24_1990",0,NA,NA,NA,NA,NA
"LBRM_24_2000",0.36583100010779,0.37730783828149,3.68378700877705,0.102423901648632,0.918420212664091,NA
"LBRM_24_2010",0.106620929128686,0.512386596321632,4.0804728567969,0.125570396937733,0.900071997253288,NA
"LBRM_24_2020",0.150548590060784,2.36802554841367,4.07009331419134,0.581811119700128,0.560693913243612,NA
"LBRM_24_2030",0.334000533689742,1.61408529533901,4.06349235823931,0.397216274337571,0.691207982142509,NA
"LBRM_24_2040",0,NA,NA,NA,NA,NA
"LBRM_24_2050",0,NA,NA,NA,NA,NA
"LBRM_24_2060",0.225339052771423,2.57585470100848,4.06349269559957,0.633901644218018,0.526145012480435,NA
"LBRM_24_2070",0.106620929128686,0.512386596321632,4.0804728567969,0.125570396937733,0.900071997253288,NA
"LBRM_24_2080",0,NA,NA,NA,NA,NA
"LBRM_24_2090",0.259210070979104,1.40625154395371,4.07009308958569,0.345508447350243,0.729712160779994,NA
"LBRM_24_2100",0.604207721421966,2.57131227611813,3.0525090610705,0.842360243548757,0.399586339388437,NA
"LBRM_24_2110",0,NA,NA,NA,NA,NA
"LBRM_24_2120",0.10866148091832,0.512386596321631,4.0804728567969,0.125570396937733,0.900071997253288,NA
"LBRM_24_2130",2.28205338956476,0.721792685842925,1.5180866755883,0.475462104667517,0.634457637520894,0.97845571662501
"LBRM_24_2140",0.10866148091832,0.512386596321631,4.0804728567969,0.125570396937733,0.900071997253288,NA
"LBRM_24_2150",0,NA,NA,NA,NA,NA
"LBRM_24_2160",0.225339052771423,2.57585470100848,4.06349269559957,0.633901644218018,0.526145012480435,NA
"LBRM_24_2170",0,NA,NA,NA,NA,NA
"LBRM_24_2180",0,NA,NA,NA,NA,NA
"LBRM_24_2190",0.375887642832207,3.14688176220709,3.93733525674645,0.799241506502413,0.42415038880027,NA
"LBRM_24_2200",0.150548590060784,2.36802554841367,4.07009331419134,0.581811119700128,0.560693913243612,NA
"LBRM_24_2210",0.0777714885289751,0.512386596321632,4.0804728567969,0.125570396937733,0.900071997253288,NA
"LBRM_24_2220",0.10866148091832,0.512386596321631,4.0804728567969,0.125570396937733,0.900071997253288,NA
"LBRM_24_2230",0,NA,NA,NA,NA,NA
"LBRM_24_2240",0,NA,NA,NA,NA,NA
"LBRM_24_2250",0.150548590060784,2.36802554841367,4.07009331419134,0.581811119700128,0.560693913243612,NA
"LBRM_24_2260",1.16780536086015,0.761949894047313,2.26410605775012,0.336534541497793,0.736467808596888,0.97845571662501
"LBRM_24_2270",0,NA,NA,NA,NA,NA
"LBRM_24_2280",0.106620929128686,0.512386596321632,4.0804728567969,0.125570396937733,0.900071997253288,NA
"LBRM_24_2290",1.20265753121581,3.32180254247796,2.30954855313335,1.43829084604924,0.150351548094928,0.824895983305218
"LBRM_24_2300",0,NA,NA,NA,NA,NA
"LBRM_24_2310",0,NA,NA,NA,NA,NA
"LBRM_24_2320",0.228320078589759,1.40625154395371,4.07009308958569,0.345508447350244,0.729712160779994,NA
"LBRM_24_2330",0,NA,NA,NA,NA,NA
"LBRM_24_2340",0,NA,NA,NA,NA,NA
"LBRM_24_2350",0,NA,NA,NA,NA,NA
"LBRM_24_2360",0.225339052771423,2.57585470100848,4.06349269559957,0.633901644218018,0.526145012480435,NA
"LBRM_24_2370",0,NA,NA,NA,NA,NA
"LBRM_24_2380",0,NA,NA,NA,NA,NA
"LBRM_24_2390",0,NA,NA,NA,NA,NA
"LBRM_24_2400",1.24859855332674,3.41508570317484,2.28928550339216,1.49176924333576,0.135759649523184,0.806255064970779
"LBRM_24_2410",2.62337435828841,2.5326160874047,1.47796140459873,1.71358743166389,0.0866045234245987,0.786201095137236
"LBRM_24_2420",1.05287246578598,4.40839174921392,2.62501838060669,1.67937557381791,0.0930788706581909,0.786201095137236
"LBRM_24_2430",3.08731777803886,-0.602053915162815,1.38585897490336,-0.434426536946012,0.663978730844074,0.97845571662501
"LBRM_24_snRNA1",4.56032155056094,-8.78238132143815e-05,1.09665006696675,-8.00837166383395e-05,0.999936102438991,0.999936102438991
"LBRM_24_tRNA1",0,NA,NA,NA,NA,NA
"LBRM_24_tRNA2",12.1599696868739,-5.40171137056344,1.3084683899062,-4.1282704360559,3.6550209365405e-05,0.00266484253736862
"LBRM_24_tRNA3",7.32843516155853,-0.903662591629342,0.901925174873229,-1.00192634245558,0.316379168806879,0.939506005256609
"LBRM_24_tRNA4",0.225339052771423,2.57585470100848,4.06349269559957,0.633901644218018,0.526145012480435,NA
"LBRM_24_tRNA5",0.150548590060784,2.36802554841367,4.07009331419134,0.581811119700128,0.560693913243612,NA
"LBRM_25_0010",0,NA,NA,NA,NA,NA
"LBRM_25_0020",0,NA,NA,NA,NA,NA
"LBRM_25_0030",0.106620929128686,0.512386596321632,4.0804728567969,0.125570396937733,0.900071997253288,NA
"LBRM_25_0040",0.301097180121568,2.94536147983492,4.04378005220696,0.728368368657302,0.466388120880344,NA
"LBRM_25_0050",0,NA,NA,NA,NA,NA
"LBRM_25_0060",0.569600369194135,2.56902019336441,3.72121552354445,0.690371244855345,0.489960754983094,NA
"LBRM_25_0070",0.150548590060784,2.36802554841367,4.07009331419134,0.581811119700128,0.560693913243612,NA
"LBRM_25_0080",0,NA,NA,NA,NA,NA
"LBRM_25_0090",0,NA,NA,NA,NA,NA
"LBRM_25_0100",0,NA,NA,NA,NA,NA
"LBRM_25_0110",0.150548590060784,2.36802554841367,4.07009331419134,0.581811119700128,0.560693913243612,NA
"LBRM_25_0120",0.15554297705795,-0.121015899195086,4.06395245618752,-0.0297778826154414,0.976244198059474,NA
"LBRM_25_0130",0.291013346786348,-0.973012266528396,3.99510687890662,-0.243550997763216,0.807578583630658,NA
"LBRM_25_0140",0,NA,NA,NA,NA,NA
"LBRM_25_0150",0.225339052771423,2.57585470100848,4.06349269559957,0.633901644218018,0.526145012480435,NA
"LBRM_25_0160",0,NA,NA,NA,NA,NA
"LBRM_25_0170",0.569600369194135,2.56902019336441,3.72121552354445,0.690371244855345,0.489960754983094,NA
"LBRM_25_0180",0.0777714885289751,0.512386596321632,4.0804728567969,0.125570396937733,0.900071997253288,NA
"LBRM_25_0190",0,NA,NA,NA,NA,NA
"LBRM_25_0200",0.972992556737289,0.472950716570621,2.32168408271658,0.203710194720905,0.838579975014536,0.97845571662501
"LBRM_25_0210",0,NA,NA,NA,NA,NA
"LBRM_25_0220",0.228320078589759,1.40625154395371,4.07009308958569,0.345508447350244,0.729712160779994,NA
"LBRM_25_0230",0,NA,NA,NA,NA,NA
"LBRM_25_0240",0.106620929128686,0.512386596321632,4.0804728567969,0.125570396937733,0.900071997253288,NA
"LBRM_25_0250",0.106620929128686,0.512386596321632,4.0804728567969,0.125570396937733,0.900071997253288,NA
"LBRM_25_0260",0,NA,NA,NA,NA,NA
"LBRM_25_0270",0,NA,NA,NA,NA,NA
"LBRM_25_0280",0,NA,NA,NA,NA,NA
"LBRM_25_0290",0,NA,NA,NA,NA,NA
"LBRM_25_0300",0.150548590060784,2.36802554841367,4.07009331419134,0.581811119700128,0.560693913243612,NA
"LBRM_25_0301",0.10866148091832,0.512386596321631,4.0804728567969,0.125570396937733,0.900071997253288,NA
"LBRM_25_0310",0.331959981900109,1.61408529533901,4.06349235823931,0.397216274337571,0.691207982142509,NA
"LBRM_25_0320",0,NA,NA,NA,NA,NA
"LBRM_25_0330",0.150548590060784,2.36802554841367,4.07009331419134,0.581811119700128,0.560693913243612,NA
"LBRM_25_0340",0,NA,NA,NA,NA,NA
"LBRM_25_0350",0,NA,NA,NA,NA,NA
"LBRM_25_0360",0.58315396194443,-0.630608979519146,3.0791149885568,-0.204802023264067,0.837726806184477,NA
"LBRM_25_0370",6.47857785135492,0.589732609764036,0.959456544286605,0.614652756579534,0.538784065774395,0.97845571662501
"LBRM_25_0380",0.303110541300398,1.61408529533901,4.06349235823931,0.397216274337571,0.691207982142509,NA
"LBRM_25_0390",0,NA,NA,NA,NA,NA
"LBRM_25_0400",0,NA,NA,NA,NA,NA
"LBRM_25_0410",0,NA,NA,NA,NA,NA
"LBRM_25_0420",0.0777714885289751,0.512386596321632,4.0804728567969,0.125570396937733,0.900071997253288,NA
"LBRM_25_0430",0.99792049748996,1.22137245439604,2.54080285988715,0.480703353132357,0.630727347653305,0.97845571662501
"LBRM_25_0440",0,NA,NA,NA,NA,NA
"LBRM_25_0450",0,NA,NA,NA,NA,NA
"LBRM_25_0460",0,NA,NA,NA,NA,NA
"LBRM_25_0470",0,NA,NA,NA,NA,NA
"LBRM_25_0480",0.569600369194135,2.56902019336441,3.72121552354445,0.690371244855345,0.489960754983094,NA
"LBRM_25_0490",1.33824682655716,0.273164577815845,2.3579763910044,0.115847036831225,0.907773771446158,0.97845571662501
"LBRM_25_0500",0.0777714885289751,0.512386596321632,4.0804728567969,0.125570396937733,0.900071997253288,NA
"LBRM_25_0510",0.334941007718446,0.571059908719948,3.80738004106996,0.14998762996075,0.880774374718182,NA
"LBRM_25_0520",0.0777714885289751,0.512386596321632,4.0804728567969,0.125570396937733,0.900071997253288,NA
"LBRM_25_0530",0,NA,NA,NA,NA,NA
"LBRM_25_0540",0,NA,NA,NA,NA,NA
"LBRM_25_0550",0,NA,NA,NA,NA,NA
"LBRM_25_0560",0.526436232892991,3.5231320871403,3.43421411862938,1.0258917951646,0.304942590521467,NA
"LBRM_25_0570",1.64903690566236,1.91432259047126,1.7962512126994,1.06573210747868,0.286544759180771,0.922927296638466
"LBRM_25_0580",0,NA,NA,NA,NA,NA
"LBRM_25_0590",0,NA,NA,NA,NA,NA
"LBRM_25_0600",0,NA,NA,NA,NA,NA
"LBRM_25_0610",0,NA,NA,NA,NA,NA
"LBRM_25_0620",0.150548590060784,2.36802554841367,4.07009331419134,0.581811119700128,0.560693913243612,NA
"LBRM_25_0630",0.15554297705795,-0.121015899195086,4.06395245618752,-0.0297778826154414,0.976244198059474,NA
"LBRM_25_0640",0.106620929128686,0.512386596321632,4.0804728567969,0.125570396937733,0.900071997253288,NA
"LBRM_25_0650",0,NA,NA,NA,NA,NA
"LBRM_25_0660",0.0777714885289751,0.512386596321632,4.0804728567969,0.125570396937733,0.900071997253288,NA
"LBRM_25_0670",0.228320078589759,1.40625154395371,4.07009308958569,0.345508447350244,0.729712160779994,NA
"LBRM_25_0680",0,NA,NA,NA,NA,NA
"LBRM_25_0690",0.225339052771423,2.57585470100848,4.06349269559957,0.633901644218018,0.526145012480435,NA
"LBRM_25_0700",0,NA,NA,NA,NA,NA
"LBRM_25_0710",0,NA,NA,NA,NA,NA
"LBRM_25_0720",2.21598537890267,0.216227584876487,1.59288587237775,0.135745811188417,0.892022230792695,0.97845571662501
"LBRM_25_0730",0.228320078589759,1.40625154395371,4.07009308958569,0.345508447350244,0.729712160779994,NA
"LBRM_25_0740",0.36583100010779,0.37730783828149,3.68378700877705,0.102423901648632,0.918420212664091,NA
"LBRM_25_0750",0,NA,NA,NA,NA,NA
"LBRM_25_0760",0.228320078589759,1.40625154395371,4.07009308958569,0.345508447350244,0.729712160779994,NA
"LBRM_25_0770",0,NA,NA,NA,NA,NA
"LBRM_25_0780",0,NA,NA,NA,NA,NA
"LBRM_25_0790",0,NA,NA,NA,NA,NA
"LBRM_25_0800",0.472451929236477,-0.205230080564095,3.32543391046448,-0.0617152786943914,0.950789572524572,NA
"LBRM_25_0810",0,NA,NA,NA,NA,NA
"LBRM_25_0820",0.10866148091832,0.512386596321631,4.0804728567969,0.125570396937733,0.900071997253288,NA
"LBRM_25_0830",0,NA,NA,NA,NA,NA
"LBRM_25_0840",0.10866148091832,0.512386596321631,4.0804728567969,0.125570396937733,0.900071997253288,NA
"LBRM_25_0850",0.0777714885289751,0.512386596321632,4.0804728567969,0.125570396937733,0.900071997253288,NA
"LBRM_25_0860",2.66604885833389,0.644473317083212,1.56886402650515,0.41078978559975,0.68122668364577,0.97845571662501
"LBRM_25_0870",0.0777714885289751,0.512386596321632,4.0804728567969,0.125570396937733,0.900071997253288,NA
"LBRM_25_0880",0.150548590060784,2.36802554841367,4.07009331419134,0.581811119700128,0.560693913243612,NA
"LBRM_25_0890",0.0777714885289751,0.512386596321632,4.0804728567969,0.125570396937733,0.900071997253288,NA
"LBRM_25_0900",0.0777714885289751,0.512386596321632,4.0804728567969,0.125570396937733,0.900071997253288,NA
"LBRM_25_0910",0.106620929128686,0.512386596321632,4.0804728567969,0.125570396937733,0.900071997253288,NA
"LBRM_25_0920",0.713809676368989,1.07853646643306,2.83013916323476,0.381089552218461,0.703136799653411,NA
"LBRM_25_0930",0.370825387104956,-1.32784186481398,3.58695565306301,-0.370186306507606,0.711243678831557,NA
"LBRM_25_0940",0.303110541300398,1.61408529533901,4.06349235823931,0.397216274337571,0.691207982142509,NA
"LBRM_25_0950",0.306091567118734,0.772849864308764,4.05352984767767,0.190660953132377,0.848791232320037,NA
"LBRM_25_0960",3.03397843401612,0.637043949276731,1.32673234441978,0.480160110632813,0.631113548331397,0.97845571662501
"LBRM_25_0970",3.25497807757196,-0.284761412566762,1.31774718807194,-0.216097150610057,0.828912020728386,0.97845571662501
"LBRM_25_0980",1.91892862424109,-1.68822177853476,1.72842628147218,-0.976739243456089,0.328698261586625,0.95245441515206
"LBRM_25_0990",0.301097180121568,2.94536147983492,4.04378005220696,0.728368368657302,0.466388120880344,NA
"LBRM_25_1000",6.39677257781858,0.720057568032867,0.928500123869443,0.775506162597038,0.438040625392546,0.97845571662501
"LBRM_25_1010",0,NA,NA,NA,NA,NA
"LBRM_25_1020",0,NA,NA,NA,NA,NA
"LBRM_25_1030",0,NA,NA,NA,NA,NA
"LBRM_25_1040",0,NA,NA,NA,NA,NA
"LBRM_25_1050",0.679965848772111,2.74071188290445,3.16880505954368,0.864903909014562,0.387091531900408,NA
"LBRM_25_1060",0,NA,NA,NA,NA,NA
"LBRM_25_1070",0.150548590060784,2.36802554841367,4.07009331419134,0.581811119700128,0.560693913243612,NA
"LBRM_25_1080",0.106620929128686,0.512386596321632,4.0804728567969,0.125570396937733,0.900071997253288,NA
"LBRM_25_1090",0,NA,NA,NA,NA,NA
"LBRM_25_1100",0.150548590060784,2.36802554841367,4.07009331419134,0.581811119700128,0.560693913243612,NA
"LBRM_25_1110",0,NA,NA,NA,NA,NA
"LBRM_25_1120",0.215282410047006,-0.521705569758801,4.02699186999459,-0.129552178549469,0.896920740266371,NA
"LBRM_25_1130",0,NA,NA,NA,NA,NA
"LBRM_25_1140",0.10866148091832,0.512386596321631,4.0804728567969,0.125570396937733,0.900071997253288,NA
"LBRM_25_1150",0,NA,NA,NA,NA,NA
"LBRM_25_1160",0.378868668650543,1.9850001311204,3.95440054501736,0.501972450317799,0.615686900261154,NA
"LBRM_25_1170",0.225339052771423,2.57585470100848,4.06349269559957,0.633901644218018,0.526145012480435,NA
"LBRM_25_1180",0.482508571960893,2.18812578744307,3.32949496545596,0.657194502513212,0.51105586000068,NA
"LBRM_25_1190",0,NA,NA,NA,NA,NA
"LBRM_25_1200",0.15554297705795,-0.121015899195086,4.06395245618752,-0.0297778826154414,0.976244198059474,NA
"LBRM_25_1210",0.225339052771423,2.57585470100848,4.06349269559957,0.633901644218018,0.526145012480435,NA
"LBRM_25_1220",0,NA,NA,NA,NA,NA
"LBRM_25_1230",0.0777714885289751,0.512386596321632,4.0804728567969,0.125570396937733,0.900071997253288,NA
"LBRM_25_1240",0.562320612279501,1.33863253679492,2.92311920970638,0.45794661139714,0.646990798234297,NA
"LBRM_25_1250",0.794939421965558,3.66299337614718,3.01117239705661,1.21646750605436,0.223806881932692,NA
"LBRM_25_1260",0,NA,NA,NA,NA,NA
"LBRM_25_1270",0.0777714885289751,0.512386596321632,4.0804728567969,0.125570396937733,0.900071997253288,NA
"LBRM_25_1280",0,NA,NA,NA,NA,NA
"LBRM_25_1290",0,NA,NA,NA,NA,NA
"LBRM_25_1300",0.10866148091832,0.512386596321631,4.0804728567969,0.125570396937733,0.900071997253288,NA
"LBRM_25_1310",0,NA,NA,NA,NA,NA
"LBRM_25_1320",0,NA,NA,NA,NA,NA
"LBRM_25_1330",3.35454762490726,4.07342039440661,1.57704826932281,2.5829395800014,0.00979624772639996,0.23938480110775
"LBRM_25_1340",0,NA,NA,NA,NA,NA
"LBRM_25_1350",0,NA,NA,NA,NA,NA
"LBRM_25_1360",0.215282410047006,-0.521705569758801,4.02699186999459,-0.129552178549469,0.896920740266371,NA
"LBRM_25_1370",0,NA,NA,NA,NA,NA
"LBRM_25_1380",0.903600902883878,2.66437570759425,2.73133055819798,0.975486361252477,0.329319063767457,NA
"LBRM_25_1390",0.25716951918947,1.40625154395371,4.07009308958569,0.345508447350243,0.729712160779994,NA
"LBRM_25_1400",1.0132028578309,0.915620628690097,2.27527676303583,0.402421649781372,0.687373739504592,0.97845571662501
"LBRM_25_1410",0.259210070979104,1.40625154395371,4.07009308958569,0.345508447350243,0.729712160779994,NA
"LBRM_25_1420",0,NA,NA,NA,NA,NA
"LBRM_25_1430",0,NA,NA,NA,NA,NA
"LBRM_25_1440",0,NA,NA,NA,NA,NA
"LBRM_25_1450",0.10866148091832,0.512386596321631,4.0804728567969,0.125570396937733,0.900071997253288,NA
"LBRM_25_1460",0,NA,NA,NA,NA,NA
"LBRM_25_1470",0,NA,NA,NA,NA,NA
"LBRM_25_1480",0,NA,NA,NA,NA,NA
"LBRM_25_1490",0,NA,NA,NA,NA,NA
"LBRM_25_1500",0,NA,NA,NA,NA,NA
"LBRM_25_1510",0,NA,NA,NA,NA,NA
"LBRM_25_1520",0.106620929128686,0.512386596321632,4.0804728567969,0.125570396937733,0.900071997253288,NA
"LBRM_25_1530",0.554304521344718,-0.54024923573436,3.13061334945751,-0.172569773213283,0.862989612869103,NA
"LBRM_25_1540",0.412712496247421,0.0561632178876675,3.48750427382977,0.0161041287631147,0.987151319666268,NA
"LBRM_25_1550",0.228320078589759,1.40625154395371,4.07009308958569,0.345508447350244,0.729712160779994,NA
"LBRM_25_1560",0.456640157179518,1.34958449725223,3.67488271202153,0.367245597481894,0.71343582999224,NA
"LBRM_25_1570",0.215282410047006,-0.521705569758801,4.02699186999459,-0.129552178549469,0.896920740266371,NA
"LBRM_25_1580",0,NA,NA,NA,NA,NA
"LBRM_25_1590",0.225339052771423,2.57585470100848,4.06349269559957,0.633901644218018,0.526145012480435,NA
"LBRM_25_1600",0,NA,NA,NA,NA,NA
"LBRM_25_1610",0.259210070979104,1.40625154395371,4.07009308958569,0.345508447350243,0.729712160779994,NA
"LBRM_25_1620",0.569600369194135,2.56902019336441,3.72121552354445,0.690371244855345,0.489960754983094,NA
"LBRM_25_1630",0,NA,NA,NA,NA,NA
"LBRM_25_1640",0.10866148091832,0.512386596321631,4.0804728567969,0.125570396937733,0.900071997253288,NA
"LBRM_25_1650",0,NA,NA,NA,NA,NA
"LBRM_25_1660",0,NA,NA,NA,NA,NA
"LBRM_25_1670",0.228320078589759,1.40625154395371,4.07009308958569,0.345508447350244,0.729712160779994,NA
"LBRM_25_1680",0.602194360243136,3.68628179642618,3.56471722468161,1.03410216409393,0.301088404683245,NA
"LBRM_25_1690",0,NA,NA,NA,NA,NA
"LBRM_25_1700",0.150548590060784,2.36802554841367,4.07009331419134,0.581811119700128,0.560693913243612,NA
"LBRM_25_1710",0,NA,NA,NA,NA,NA
"LBRM_25_1720",0.63509771381131,2.57296621268561,3.00108970139918,0.857343987914133,0.391254804960616,NA
"LBRM_25_1730",0.828810440173239,2.44968735264397,2.80114695481242,0.874530109330881,0.381829630473633,NA
"LBRM_25_1740",0.526436232892991,3.5231320871403,3.43421411862938,1.0258917951646,0.304942590521467,NA
"LBRM_25_1750",0,NA,NA,NA,NA,NA
"LBRM_25_1760",0.150548590060784,2.36802554841367,4.07009331419134,0.581811119700128,0.560693913243612,NA
"LBRM_25_1770",0.25716951918947,1.40625154395371,4.07009308958569,0.345508447350243,0.729712160779994,NA
"LBRM_25_1780",1.93414016035383,5.1342489355869,3.95064733544366,1.29959687606748,0.193739170938874,0.898195964048256
"LBRM_25_1790",0,NA,NA,NA,NA,NA
"LBRM_25_1800",0.678261850112455,1.59451783523087,3.25770653029984,0.489460244623112,0.624515893587791,NA
"LBRM_25_1810",0,NA,NA,NA,NA,NA
"LBRM_25_1820",0,NA,NA,NA,NA,NA
"LBRM_25_1830",0,NA,NA,NA,NA,NA
"LBRM_25_1840",0.10866148091832,0.512386596321631,4.0804728567969,0.125570396937733,0.900071997253288,NA
"LBRM_25_1850",0.225339052771423,2.57585470100848,4.06349269559957,0.633901644218018,0.526145012480435,NA
"LBRM_25_1860",0.0777714885289751,0.512386596321632,4.0804728567969,0.125570396937733,0.900071997253288,NA
"LBRM_25_1870",0,NA,NA,NA,NA,NA
"LBRM_25_1880",0,NA,NA,NA,NA,NA
"LBRM_25_1890",0,NA,NA,NA,NA,NA
"LBRM_25_1900",0.228320078589759,1.40625154395371,4.07009308958569,0.345508447350244,0.729712160779994,NA
"LBRM_25_1910",0,NA,NA,NA,NA,NA
"LBRM_25_1920",0,NA,NA,NA,NA,NA
"LBRM_25_1930",0.10866148091832,0.512386596321631,4.0804728567969,0.125570396937733,0.900071997253288,NA
"LBRM_25_1940",0,NA,NA,NA,NA,NA
"LBRM_25_1950",0,NA,NA,NA,NA,NA
"LBRM_25_1960",0.10866148091832,0.512386596321631,4.0804728567969,0.125570396937733,0.900071997253288,NA
"LBRM_25_1970",0,NA,NA,NA,NA,NA
"LBRM_25_1980",0,NA,NA,NA,NA,NA
"LBRM_25_1990",0,NA,NA,NA,NA,NA
"LBRM_25_2000",0.228320078589759,1.40625154395371,4.07009308958569,0.345508447350244,0.729712160779994,NA
"LBRM_25_2010",0,NA,NA,NA,NA,NA
"LBRM_25_2020",0,NA,NA,NA,NA,NA
"LBRM_26_0010",0.0777714885289751,0.512386596321632,4.0804728567969,0.125570396937733,0.900071997253288,NA
"LBRM_26_0020",0.10866148091832,0.512386596321631,4.0804728567969,0.125570396937733,0.900071997253288,NA
"LBRM_26_0030",0,NA,NA,NA,NA,NA
"LBRM_26_0040",0,NA,NA,NA,NA,NA
"LBRM_26_0050",0.794939421965558,3.66299337614718,3.01117239705661,1.21646750605436,0.223806881932692,NA
"LBRM_26_0060",0.569600369194135,2.56902019336441,3.72121552354445,0.690371244855345,0.489960754983094,NA
"LBRM_26_0070",0,NA,NA,NA,NA,NA
"LBRM_26_0080",0.106620929128686,0.512386596321632,4.0804728567969,0.125570396937733,0.900071997253288,NA
"LBRM_26_0081",0,NA,NA,NA,NA,NA
"LBRM_26_0090",0,NA,NA,NA,NA,NA
"LBRM_26_0100",0,NA,NA,NA,NA,NA
"LBRM_26_0110",0,NA,NA,NA,NA,NA
"LBRM_26_0120",0.569600369194135,2.56902019336441,3.72121552354445,0.690371244855345,0.489960754983094,NA
"LBRM_26_0130",0.150548590060784,2.36802554841367,4.07009331419134,0.581811119700128,0.560693913243612,NA
"LBRM_26_0140",0,NA,NA,NA,NA,NA
"LBRM_26_0150",0,NA,NA,NA,NA,NA
"LBRM_26_0160",0,NA,NA,NA,NA,NA
"LBRM_26_0170",0.0777714885289751,0.512386596321632,4.0804728567969,0.125570396937733,0.900071997253288,NA
"LBRM_26_0180",0.215282410047006,-0.521705569758801,4.02699186999459,-0.129552178549469,0.896920740266371,NA
"LBRM_26_0190",0.225339052771423,2.57585470100848,4.06349269559957,0.633901644218018,0.526145012480435,NA
"LBRM_26_0200",0,NA,NA,NA,NA,NA
"LBRM_26_0210a",0.10866148091832,0.512386596321631,4.0804728567969,0.125570396937733,0.900071997253288,NA
"LBRM_26_0250",0,NA,NA,NA,NA,NA
"LBRM_26_0260",0,NA,NA,NA,NA,NA
"LBRM_26_0270",0.150548590060784,2.36802554841367,4.07009331419134,0.581811119700128,0.560693913243612,NA
"LBRM_26_0280",0.301097180121568,2.94536147983492,4.04378005220696,0.728368368657302,0.466388120880344,NA
"LBRM_26_0290",0,NA,NA,NA,NA,NA
"LBRM_26_0300",0,NA,NA,NA,NA,NA
"LBRM_26_0310",0,NA,NA,NA,NA,NA
"LBRM_26_0320",0,NA,NA,NA,NA,NA
"LBRM_26_0330",0,NA,NA,NA,NA,NA
"LBRM_26_0340",0,NA,NA,NA,NA,NA
"LBRM_26_0350",0,NA,NA,NA,NA,NA
"LBRM_26_0360",0,NA,NA,NA,NA,NA
"LBRM_26_0370",0.228320078589759,1.40625154395371,4.07009308958569,0.345508447350244,0.729712160779994,NA
"LBRM_26_0380",1.12990762029481,3.2322759650417,2.49616350505553,1.2948975331525,0.195355579603041,0.898195964048256
"LBRM_26_0390",0,NA,NA,NA,NA,NA
"LBRM_26_0400",0,NA,NA,NA,NA,NA
"LBRM_26_0410",0,NA,NA,NA,NA,NA
"LBRM_26_0420",0,NA,NA,NA,NA,NA
"LBRM_26_0430",0,NA,NA,NA,NA,NA
"LBRM_26_0440",0.569600369194135,2.56902019336441,3.72121552354445,0.690371244855345,0.489960754983094,NA
"LBRM_26_0450",0.106620929128686,0.512386596321632,4.0804728567969,0.125570396937733,0.900071997253288,NA
"LBRM_26_0460",0,NA,NA,NA,NA,NA
"LBRM_26_0470",0.225339052771423,2.57585470100848,4.06349269559957,0.633901644218018,0.526145012480435,NA
"LBRM_26_0480",0,NA,NA,NA,NA,NA
"LBRM_26_0490",0,NA,NA,NA,NA,NA
"LBRM_26_0500",0,NA,NA,NA,NA,NA
"LBRM_26_0510",0.334941007718446,0.571059908719948,3.80738004106996,0.14998762996075,0.880774374718182,NA
"LBRM_26_0520",0,NA,NA,NA,NA,NA
"LBRM_26_0530",0,NA,NA,NA,NA,NA
"LBRM_26_0540",0,NA,NA,NA,NA,NA
"LBRM_26_0550",0.225339052771423,2.57585470100848,4.06349269559957,0.633901644218018,0.526145012480435,NA
"LBRM_26_0560",0.150548590060784,2.36802554841367,4.07009331419134,0.581811119700128,0.560693913243612,NA
"LBRM_26_0570",0.569600369194135,2.56902019336441,3.72121552354445,0.690371244855345,0.489960754983094,NA
"LBRM_26_0580",0,NA,NA,NA,NA,NA
"LBRM_26_0590",0,NA,NA,NA,NA,NA
"LBRM_26_0600",0.25716951918947,1.40625154395371,4.07009308958569,0.345508447350243,0.729712160779994,NA
"LBRM_26_0610",0.331959981900109,1.61408529533901,4.06349235823931,0.397216274337571,0.691207982142509,NA
"LBRM_26_0620",0,NA,NA,NA,NA,NA
"LBRM_26_0630",0,NA,NA,NA,NA,NA
"LBRM_26_0640",0,NA,NA,NA,NA,NA
"LBRM_26_0650",0,NA,NA,NA,NA,NA
"LBRM_26_0660",0,NA,NA,NA,NA,NA
"LBRM_26_0670",0.36583100010779,0.37730783828149,3.68378700877705,0.102423901648632,0.918420212664091,NA
"LBRM_26_0680",0,NA,NA,NA,NA,NA
"LBRM_26_0690",0.106620929128686,0.512386596321632,4.0804728567969,0.125570396937733,0.900071997253288,NA
"LBRM_26_0700",0.303110541300398,1.61408529533901,4.06349235823931,0.397216274337571,0.691207982142509,NA
"LBRM_26_0710",0,NA,NA,NA,NA,NA
"LBRM_26_0720",0,NA,NA,NA,NA,NA
"LBRM_26_0730",0.301097180121568,2.94536147983492,4.04378005220696,0.728368368657302,0.466388120880344,NA
"LBRM_26_0740",0.63509771381131,2.57296621268561,3.00108970139918,0.857343987914133,0.391254804960616,NA
"LBRM_26_0750",0.150548590060784,2.36802554841367,4.07009331419134,0.581811119700128,0.560693913243612,NA
"LBRM_26_0760",0.150548590060784,2.36802554841367,4.07009331419134,0.581811119700128,0.560693913243612,NA
"LBRM_26_0770",0,NA,NA,NA,NA,NA
"LBRM_26_0780",0.676221298322822,1.59462830001721,3.26104804272725,0.488992581257285,0.624846949119947,NA
"LBRM_26_0790",0.26420445797627,-0.845932859173047,4.00312810314672,-0.21131795870037,0.832639170313903,NA
"LBRM_26_0800",0,NA,NA,NA,NA,NA
"LBRM_26_0810",0,NA,NA,NA,NA,NA
"LBRM_26_0820",0,NA,NA,NA,NA,NA
"LBRM_26_0830",0,NA,NA,NA,NA,NA
"LBRM_26_0840",0,NA,NA,NA,NA,NA
"LBRM_26_0850",0.215282410047006,-0.521705569758801,4.02699186999459,-0.129552178549469,0.896920740266371,NA
"LBRM_26_0860",0.150548590060784,2.36802554841367,4.07009331419134,0.581811119700128,0.560693913243612,NA
"LBRM_26_0870",0.301097180121568,2.94536147983492,4.04378005220696,0.728368368657302,0.466388120880344,NA
"LBRM_26_0880",0.215282410047006,-0.521705569758801,4.02699186999459,-0.129552178549469,0.896920740266371,NA
"LBRM_26_0890",0,NA,NA,NA,NA,NA
"LBRM_26_0900",0,NA,NA,NA,NA,NA
"LBRM_26_0910",0.336981559508079,0.558142011562438,3.79863620897194,0.146932209576735,0.883185528260993,NA
"LBRM_26_0920",0,NA,NA,NA,NA,NA
"LBRM_26_0930",0,NA,NA,NA,NA,NA
"LBRM_26_0940",0,NA,NA,NA,NA,NA
"LBRM_26_0950",0.0777714885289751,0.512386596321632,4.0804728567969,0.125570396937733,0.900071997253288,NA
"LBRM_26_0960",0.375887642832207,3.14688176220709,3.93733525674645,0.799241506502413,0.42415038880027,NA
"LBRM_26_0970",0,NA,NA,NA,NA,NA
"LBRM_26_0980",0.375887642832207,3.14688176220709,3.93733525674645,0.799241506502413,0.42415038880027,NA
"LBRM_26_0990",0,NA,NA,NA,NA,NA
"LBRM_26_1000",0,NA,NA,NA,NA,NA
"LBRM_26_1010",0.150548590060784,2.36802554841367,4.07009331419134,0.581811119700128,0.560693913243612,NA
"LBRM_26_1020",1.05414949294466,3.05685082185166,2.43640776948099,1.25465484888962,0.209604083045471,0.898195964048256
"LBRM_26_1030",1.55840469798838,0.458608471818526,1.84015477873393,0.249222770344383,0.803188466827125,0.97845571662501
"LBRM_26_1040",2.11125282109686,2.03208469895358,1.65316732910073,1.22920690675575,0.218994240015522,0.898195964048256
"LBRM_26_1050",0,NA,NA,NA,NA,NA
"LBRM_26_1060",0,NA,NA,NA,NA,NA
"LBRM_26_1070",0,NA,NA,NA,NA,NA
"LBRM_26_1080",0.450678105542845,3.32271092996418,4.01688493769328,0.827185986530216,0.408131653169535,NA
"LBRM_26_1090",0,NA,NA,NA,NA,NA
"LBRM_26_1100",0.72014895925492,3.43948944334506,3.11039865378382,1.10580341177839,0.268811617980153,NA
"LBRM_26_1110",0.10866148091832,0.512386596321631,4.0804728567969,0.125570396937733,0.900071997253288,NA
"LBRM_26_1120",0,NA,NA,NA,NA,NA
"LBRM_26_1130",2.15612095605766,2.22660610405536,1.70032129062821,1.30952080429029,0.190357995280797,0.898195964048256
"LBRM_26_1140",0.228320078589759,1.40625154395371,4.07009308958569,0.345508447350244,0.729712160779994,NA
"LBRM_26_1150",0,NA,NA,NA,NA,NA
"LBRM_26_1160",0,NA,NA,NA,NA,NA
"LBRM_26_1170",0,NA,NA,NA,NA,NA
"LBRM_26_1180",0.150548590060784,2.36802554841367,4.07009331419134,0.581811119700128,0.560693913243612,NA
"LBRM_26_1190",0,NA,NA,NA,NA,NA
"LBRM_26_1200",0.484549123750526,2.18815698437253,3.32455332860874,0.658180744325201,0.510421996464077,NA
"LBRM_26_1210",0.518392951347404,0.0965461764559848,2.97752437417506,0.0324249827451819,0.97413313961054,NA
"LBRM_26_1220",0,NA,NA,NA,NA,NA
"LBRM_26_1230",0.259210070979104,1.40625154395371,4.07009308958569,0.345508447350243,0.729712160779994,NA
"LBRM_26_1240",0.10866148091832,0.512386596321631,4.0804728567969,0.125570396937733,0.900071997253288,NA
"LBRM_26_1250",0.375887642832207,3.14688176220709,3.93733525674645,0.799241506502413,0.42415038880027,NA
"LBRM_26_1260",0.668941541408188,0.703392686698879,2.54985882166905,0.275855541774059,0.78265902192521,NA
"LBRM_26_1270",0.259210070979104,1.40625154395371,4.07009308958569,0.345508447350243,0.729712160779994,NA
"LBRM_26_1280",0.86140443122224,3.00481113869637,2.91687984296684,1.03014566950419,0.302941629431393,NA
"LBRM_26_1290",0.10866148091832,0.512386596321631,4.0804728567969,0.125570396937733,0.900071997253288,NA
"LBRM_26_1300",0.26420445797627,-0.845932859173047,4.00312810314672,-0.21131795870037,0.832639170313903,NA
"LBRM_26_1310",0.150548590060784,2.36802554841367,4.07009331419134,0.581811119700128,0.560693913243612,NA
"LBRM_26_1320",0.73869693900238,-1.08195466722272,2.59358409963961,-0.417165831396431,0.676557115679131,NA
"LBRM_26_1330",0.150548590060784,2.36802554841367,4.07009331419134,0.581811119700128,0.560693913243612,NA
"LBRM_26_1340",0,NA,NA,NA,NA,NA
"LBRM_26_1350",0.150548590060784,2.36802554841367,4.07009331419134,0.581811119700128,0.560693913243612,NA
"LBRM_26_1360",0.336981559508079,0.558142011562438,3.79863620897194,0.146932209576735,0.883185528260993,NA
"LBRM_26_1370",0,NA,NA,NA,NA,NA
"LBRM_26_1380",0.10866148091832,0.512386596321631,4.0804728567969,0.125570396937733,0.900071997253288,NA
"LBRM_26_1390",0.225339052771423,2.57585470100848,4.06349269559957,0.633901644218018,0.526145012480435,NA
"LBRM_26_1400",0,NA,NA,NA,NA,NA
"LBRM_26_1410",0.301097180121568,2.94536147983492,4.04378005220696,0.728368368657302,0.466388120880344,NA
"LBRM_26_1420",0.150548590060784,2.36802554841367,4.07009331419134,0.581811119700128,0.560693913243612,NA
"LBRM_26_1430",0.407718109250254,1.98689895994212,3.84338000175693,0.516966565635935,0.605179498552988,NA
"LBRM_26_1440",0.456640157179518,1.34958449725223,3.67488271202153,0.367245597481894,0.71343582999224,NA
"LBRM_26_1450",0.225339052771423,2.57585470100848,4.06349269559957,0.633901644218018,0.526145012480435,NA
"LBRM_26_1460",0,NA,NA,NA,NA,NA
"LBRM_26_1470",0.562320612279501,1.33863253679492,2.92311920970638,0.45794661139714,0.646990798234297,NA
"LBRM_26_1480",0.150548590060784,2.36802554841367,4.07009331419134,0.581811119700128,0.560693913243612,NA
"LBRM_26_1490",0,NA,NA,NA,NA,NA
"LBRM_26_1500",0.569600369194135,2.56902019336441,3.72121552354445,0.690371244855345,0.489960754983094,NA
"LBRM_26_1510",1.35820050827376,1.93033944722358,2.01644114808757,0.957300166709228,0.338415771231383,0.958758700639694
"LBRM_26_1520",0,NA,NA,NA,NA,NA
"LBRM_26_1530",0.409758661039888,1.98703088806636,3.83602284252577,0.517992454590814,0.604463533839926,NA
"LBRM_26_1540",0,NA,NA,NA,NA,NA
"LBRM_26_1550",0.0777714885289751,0.512386596321632,4.0804728567969,0.125570396937733,0.900071997253288,NA
"LBRM_26_1560",0.0777714885289751,0.512386596321632,4.0804728567969,0.125570396937733,0.900071997253288,NA
"LBRM_26_1570",0.225339052771423,2.57585470100848,4.06349269559957,0.633901644218018,0.526145012480435,NA
"LBRM_26_1580",1.53235933380926,1.30179664728381,1.81870522009002,0.71578210306087,0.474125904964335,0.97845571662501
"LBRM_26_1590",0.945488012026342,4.03915708245817,2.63014996729183,1.53571360290803,0.124608637341088,0.786201095137236
"LBRM_26_1600",0.0777714885289751,0.512386596321632,4.0804728567969,0.125570396937733,0.900071997253288,NA
"LBRM_26_1610",0.10866148091832,0.512386596321631,4.0804728567969,0.125570396937733,0.900071997253288,NA
"LBRM_26_1620",0.150548590060784,2.36802554841367,4.07009331419134,0.581811119700128,0.560693913243612,NA
"LBRM_26_1630",0,NA,NA,NA,NA,NA
"LBRM_26_1640",0.569600369194135,2.56902019336441,3.72121552354445,0.690371244855345,0.489960754983094,NA
"LBRM_26_1650",0.150548590060784,2.36802554841367,4.07009331419134,0.581811119700128,0.560693913243612,NA
"LBRM_26_1660",0,NA,NA,NA,NA,NA
"LBRM_26_1670",0.150548590060784,2.36802554841367,4.07009331419134,0.581811119700128,0.560693913243612,NA
"LBRM_26_1680",0.10866148091832,0.512386596321631,4.0804728567969,0.125570396937733,0.900071997253288,NA
"LBRM_26_1690",0.106620929128686,0.512386596321632,4.0804728567969,0.125570396937733,0.900071997253288,NA
"LBRM_26_1700",0,NA,NA,NA,NA,NA
"LBRM_26_1710",0.233314465586925,-0.688087203449716,4.0140974204965,-0.171417664139453,0.863895366368199,NA
"LBRM_26_1720",0.596164439876379,-0.259540084448729,2.80972114425568,-0.0923721861079859,0.9264023371988,NA
"LBRM_26_1730",0,NA,NA,NA,NA,NA
"LBRM_26_1740",0.0777714885289751,0.512386596321632,4.0804728567969,0.125570396937733,0.900071997253288,NA
"LBRM_26_1750",1.53461751311592,2.64189762850172,2.07127567590235,1.27549300136052,0.202134799736402,0.898195964048256
"LBRM_26_1760",0,NA,NA,NA,NA,NA
"LBRM_26_1770",0,NA,NA,NA,NA,NA
"LBRM_26_1780",0,NA,NA,NA,NA,NA
"LBRM_26_1790",0,NA,NA,NA,NA,NA
"LBRM_26_1800",0.625041071086894,0.386890633017069,2.98756921530098,0.129500140460542,0.896961913816542,NA
"LBRM_26_1810",0,NA,NA,NA,NA,NA
"LBRM_26_1820",0.150548590060784,2.36802554841367,4.07009331419134,0.581811119700128,0.560693913243612,NA
"LBRM_26_1830",0.602194360243136,3.68628179642618,3.56471722468161,1.03410216409393,0.301088404683245,NA
"LBRM_26_1840",0,NA,NA,NA,NA,NA
"LBRM_26_1850",0,NA,NA,NA,NA,NA
"LBRM_26_1860",0,NA,NA,NA,NA,NA
"LBRM_26_1870",0.303110541300398,1.61408529533901,4.06349235823931,0.397216274337571,0.691207982142509,NA
"LBRM_26_1880",0.106620929128686,0.512386596321632,4.0804728567969,0.125570396937733,0.900071997253288,NA
"LBRM_26_1890",0.10866148091832,0.512386596321631,4.0804728567969,0.125570396937733,0.900071997253288,NA
"LBRM_26_1900",0,NA,NA,NA,NA,NA
"LBRM_26_1910",0.25716951918947,1.40625154395371,4.07009308958569,0.345508447350243,0.729712160779994,NA
"LBRM_26_1920",0.228320078589759,1.40625154395371,4.07009308958569,0.345508447350244,0.729712160779994,NA
"LBRM_26_1930",0.492524536566029,-0.327744196058262,3.25762159773073,-0.100608430483936,0.919861304109016,NA
"LBRM_26_1940",0,NA,NA,NA,NA,NA
"LBRM_26_1950",0.301097180121568,2.94536147983492,4.04378005220696,0.728368368657302,0.466388120880344,NA
"LBRM_26_1960",0,NA,NA,NA,NA,NA
"LBRM_26_1970",0.225339052771423,2.57585470100848,4.06349269559957,0.633901644218018,0.526145012480435,NA
"LBRM_26_1980",0,NA,NA,NA,NA,NA
"LBRM_26_1990",0,NA,NA,NA,NA,NA
"LBRM_26_2000",0.225339052771423,2.57585470100848,4.06349269559957,0.633901644218018,0.526145012480435,NA
"LBRM_26_2010",0.150548590060784,2.36802554841367,4.07009331419134,0.581811119700128,0.560693913243612,NA
"LBRM_26_2020",0.647371857723111,1.59621171071338,3.3100321613617,0.482234501932067,0.629639369888605,NA
"LBRM_26_2030",0,NA,NA,NA,NA,NA
"LBRM_26_2040",0.748753581726796,0.343246603236985,2.58225639584841,0.132925066538255,0.894252642581717,NA
"LBRM_26_2050",0,NA,NA,NA,NA,NA
"LBRM_26_2060",0,NA,NA,NA,NA,NA
"LBRM_26_2070",0,NA,NA,NA,NA,NA
"LBRM_26_2080",0.787659665050924,1.85552030894077,2.60010615977065,0.713632519183157,0.475454443590802,NA
"LBRM_26_2090",0.150548590060784,2.36802554841367,4.07009331419134,0.581811119700128,0.560693913243612,NA
"LBRM_26_2100",0.262163906186637,-0.836210405206493,4.00377057373284,-0.208855724824129,0.834560868338514,NA
"LBRM_26_2110",0,NA,NA,NA,NA,NA
"LBRM_26_2120",0,NA,NA,NA,NA,NA
"LBRM_26_2130",0.150548590060784,2.36802554841367,4.07009331419134,0.581811119700128,0.560693913243612,NA
"LBRM_26_2140",0.678261850112455,1.59451783523087,3.25770653029984,0.489460244623112,0.624515893587791,NA
"LBRM_26_2150",0,NA,NA,NA,NA,NA
"LBRM_26_2160",0.225339052771423,2.57585470100848,4.06349269559957,0.633901644218018,0.526145012480435,NA
"LBRM_26_2170",0.150548590060784,2.36802554841367,4.07009331419134,0.581811119700128,0.560693913243612,NA
"LBRM_26_2180",0.0777714885289751,0.512386596321632,4.0804728567969,0.125570396937733,0.900071997253288,NA
"LBRM_26_2190",0.0777714885289751,0.512386596321632,4.0804728567969,0.125570396937733,0.900071997253288,NA
"LBRM_26_2200",0.407718109250254,1.98689895994212,3.84338000175693,0.516966565635935,0.605179498552988,NA
"LBRM_26_2210",0,NA,NA,NA,NA,NA
"LBRM_26_2220",0.10866148091832,0.512386596321631,4.0804728567969,0.125570396937733,0.900071997253288,NA
"LBRM_26_2230",0.225339052771423,2.57585470100848,4.06349269559957,0.633901644218018,0.526145012480435,NA
"LBRM_26_2240",0,NA,NA,NA,NA,NA
"LBRM_26_2250",0.520433503137037,0.0949642722930389,3.2010196652682,0.0296668818762418,0.976332724723723,NA
"LBRM_26_2260",0,NA,NA,NA,NA,NA
"LBRM_26_2270",0.441561936847132,-0.0755863754738768,3.40471935311889,-0.0222004716496342,0.982288041362266,NA
"LBRM_26_2280",0.291013346786348,-0.973012266528396,3.99510687890662,-0.243550997763216,0.807578583630658,NA
"LBRM_26_2290",0,NA,NA,NA,NA,NA
"LBRM_26_2300",1.12262786338017,1.6619825362198,2.24478930789268,0.740373508719178,0.459073388567231,0.97845571662501
"LBRM_26_2310",1.63395868532997,1.31509003436878,1.80089696280871,0.730241685963943,0.465242465924274,0.97845571662501
"LBRM_26_2320",0,NA,NA,NA,NA,NA
"LBRM_26_2330",0,NA,NA,NA,NA,NA
"LBRM_26_2340",0.901560351094244,2.66466023462672,2.73321088695414,0.974919369502506,0.329600257279052,NA
"LBRM_26_2350",0,NA,NA,NA,NA,NA
"LBRM_26_2360",0,NA,NA,NA,NA,NA
"LBRM_26_2370",0.484549123750526,2.18815698437253,3.32455332860874,0.658180744325201,0.510421996464077,NA
"LBRM_26_2380",0,NA,NA,NA,NA,NA
"LBRM_26_2390",0,NA,NA,NA,NA,NA
"LBRM_26_2400",0,NA,NA,NA,NA,NA
"LBRM_26_2410",0,NA,NA,NA,NA,NA
"LBRM_26_2420",0.686973596948107,0.560516358020046,2.89160284902712,0.193842787991661,0.846298982411032,NA
"LBRM_26_2430",0.375887642832207,3.14688176220709,3.93733525674645,0.799241506502413,0.42415038880027,NA
"LBRM_26_2440",0.0777714885289751,0.512386596321632,4.0804728567969,0.125570396937733,0.900071997253288,NA
"LBRM_26_2450",0.106620929128686,0.512386596321632,4.0804728567969,0.125570396937733,0.900071997253288,NA
"LBRM_26_2460",0.477446316233643,-1.68895059591089,3.23689968573715,-0.521780332999805,0.601823284510435,NA
"LBRM_26_2470",0,NA,NA,NA,NA,NA
"LBRM_26_2480",0.367871551897423,0.360330296647215,4.00569038940248,0.0899546049790844,0.928323288495364,NA
"LBRM_26_2490",0.106620929128686,0.512386596321632,4.0804728567969,0.125570396937733,0.900071997253288,NA
"LBRM_26_2500",0.106620929128686,0.512386596321632,4.0804728567969,0.125570396937733,0.900071997253288,NA
"LBRM_26_2510",0,NA,NA,NA,NA,NA
"LBRM_26_2520",0.150548590060784,2.36802554841367,4.07009331419134,0.581811119700128,0.560693913243612,NA
"LBRM_26_2530",0.484549123750526,2.18815698437253,3.32455332860874,0.658180744325201,0.510421996464077,NA
"LBRM_26_2540",0,NA,NA,NA,NA,NA
"LBRM_26_2550",0,NA,NA,NA,NA,NA
"LBRM_26_2560",0,NA,NA,NA,NA,NA
"LBRM_26_2570",0,NA,NA,NA,NA,NA
"LBRM_26_2580",0,NA,NA,NA,NA,NA
"LBRM_26_2590",0.106620929128686,0.512386596321632,4.0804728567969,0.125570396937733,0.900071997253288,NA
"LBRM_26_2600",0.331959981900109,1.61408529533901,4.06349235823931,0.397216274337571,0.691207982142509,NA
"LBRM_26_2610",0,NA,NA,NA,NA,NA
"LBRM_26_2620",0,NA,NA,NA,NA,NA
"LBRM_26_2630",0,NA,NA,NA,NA,NA
"LBRM_26_2640",0,NA,NA,NA,NA,NA
"LBRM_26_2650",1.76732063453865,-0.7544817597317,1.79365169129724,-0.420640062612174,0.674017934611215,0.97845571662501
"LBRM_26_2660",0,NA,NA,NA,NA,NA
"LBRM_26_2670",0,NA,NA,NA,NA,NA
"LBRM_26_snoRNA",0,NA,NA,NA,NA,NA
"LBRM_26_snoRNA1",0,NA,NA,NA,NA,NA
"LBRM_26_snoRNA13",0,NA,NA,NA,NA,NA
"LBRM_26_snoRNA14",0.150548590060784,2.36802554841367,4.07009331419134,0.581811119700128,0.560693913243612,NA
"LBRM_26_snoRNA3",0,NA,NA,NA,NA,NA
"LBRM_26_snoRNA4",0,NA,NA,NA,NA,NA
"LBRM_26_snoRNA5",0,NA,NA,NA,NA,NA
"LBRM_26_snoRNA6",0,NA,NA,NA,NA,NA
"LBRM_26_snoRNA8",0,NA,NA,NA,NA,NA
"LBRM_27_0010",7.25580450269979,-0.192480083438988,0.893996171310977,-0.215303028822518,0.829531068343424,0.97845571662501
"LBRM_27_0020",0.569600369194135,2.56902019336441,3.72121552354445,0.690371244855345,0.489960754983094,NA
"LBRM_27_0030",0.15554297705795,-0.121015899195086,4.06395245618752,-0.0297778826154414,0.976244198059474,NA
"LBRM_27_0040",0,NA,NA,NA,NA,NA
"LBRM_27_0050",0.10866148091832,0.512386596321631,4.0804728567969,0.125570396937733,0.900071997253288,NA
"LBRM_27_0060",0.301097180121568,2.94536147983492,4.04378005220696,0.728368368657302,0.466388120880344,NA
"LBRM_27_0070",0,NA,NA,NA,NA,NA
"LBRM_27_0080",0,NA,NA,NA,NA,NA
"LBRM_27_0090",0.150548590060784,2.36802554841367,4.07009331419134,0.581811119700128,0.560693913243612,NA
"LBRM_27_0100",0,NA,NA,NA,NA,NA
"LBRM_27_0110",0,NA,NA,NA,NA,NA
"LBRM_27_0120",0.150548590060784,2.36802554841367,4.07009331419134,0.581811119700128,0.560693913243612,NA
"LBRM_27_0130",0.569600369194135,2.56902019336441,3.72121552354445,0.690371244855345,0.489960754983094,NA
"LBRM_27_0140",0.106620929128686,0.512386596321632,4.0804728567969,0.125570396937733,0.900071997253288,NA
"LBRM_27_0150",0.150548590060784,2.36802554841367,4.07009331419134,0.581811119700128,0.560693913243612,NA
"LBRM_27_0160",0,NA,NA,NA,NA,NA
"LBRM_27_0170",0,NA,NA,NA,NA,NA
"LBRM_27_0180",0,NA,NA,NA,NA,NA
"LBRM_27_0190",0,NA,NA,NA,NA,NA
"LBRM_27_0200",0,NA,NA,NA,NA,NA
"LBRM_27_0210",0,NA,NA,NA,NA,NA
"LBRM_27_0220",0,NA,NA,NA,NA,NA
"LBRM_27_0230",0,NA,NA,NA,NA,NA
"LBRM_27_0240",0,NA,NA,NA,NA,NA
"LBRM_27_0250",0,NA,NA,NA,NA,NA
"LBRM_27_0260",0,NA,NA,NA,NA,NA
"LBRM_27_0270",0,NA,NA,NA,NA,NA
"LBRM_27_0280",0.225339052771423,2.57585470100848,4.06349269559957,0.633901644218018,0.526145012480435,NA
"LBRM_27_0290",0.785619113261291,1.86565901069572,2.60257904460232,0.716850085519995,0.473466603527077,NA
"LBRM_27_0300",0.301097180121568,2.94536147983492,4.04378005220696,0.728368368657302,0.466388120880344,NA
"LBRM_27_0310",0,NA,NA,NA,NA,NA
"LBRM_27_0320",0.106620929128686,0.512386596321632,4.0804728567969,0.125570396937733,0.900071997253288,NA
"LBRM_27_0330",0,NA,NA,NA,NA,NA
"LBRM_27_0340",0.450678105542845,3.32271092996418,4.01688493769328,0.827185986530216,0.408131653169535,NA
"LBRM_27_0350",0,NA,NA,NA,NA,NA
"LBRM_27_0360",0.150548590060784,2.36802554841367,4.07009331419134,0.581811119700128,0.560693913243612,NA
"LBRM_27_0370",1.39914714338752,3.622565487103,2.18273172109883,1.65964761133325,0.0969853642629289,0.786201095137236
"LBRM_27_0380",0.331959981900109,1.61408529533901,4.06349235823931,0.397216274337571,0.691207982142509,NA
"LBRM_27_0390",0.787659665050924,1.85552030894077,2.60010615977065,0.713632519183157,0.475454443590802,NA
"LBRM_27_0400",0,NA,NA,NA,NA,NA
"LBRM_27_0410",0,NA,NA,NA,NA,NA
"LBRM_27_0420",0.451645770182352,3.36570143917267,3.99693293608688,0.842071031211195,0.39974819525179,NA
"LBRM_27_0430",0.228320078589759,1.40625154395371,4.07009308958569,0.345508447350244,0.729712160779994,NA
"LBRM_27_0440",0,NA,NA,NA,NA,NA
"LBRM_27_0450",0,NA,NA,NA,NA,NA
"LBRM_27_0460",0,NA,NA,NA,NA,NA
"LBRM_27_0470",0.0777714885289751,0.512386596321632,4.0804728567969,0.125570396937733,0.900071997253288,NA
"LBRM_27_0480",0.217322961836639,-0.533674641665669,4.02601547254019,-0.132556530223405,0.894544112800906,NA
"LBRM_27_0490",0,NA,NA,NA,NA,NA
"LBRM_27_0500",0,NA,NA,NA,NA,NA
"LBRM_27_0510",0,NA,NA,NA,NA,NA
"LBRM_27_0520",0,NA,NA,NA,NA,NA
"LBRM_27_0530",0,NA,NA,NA,NA,NA
"LBRM_27_0540",0,NA,NA,NA,NA,NA
"LBRM_27_0550",0,NA,NA,NA,NA,NA
"LBRM_27_0560",0,NA,NA,NA,NA,NA
"LBRM_27_0570",0,NA,NA,NA,NA,NA
"LBRM_27_0580",0,NA,NA,NA,NA,NA
"LBRM_27_0590",0.213241858257373,-0.509664860242396,4.0279820436031,-0.126531065611825,0.899311559853632,NA
"LBRM_27_0600",0.514339038378941,0.975498116584936,3.50757884423461,0.278111529321246,0.780926745621985,NA
"LBRM_27_0610",0.663879285680937,-2.16524476583494,2.83304515670992,-0.764281769638112,0.444699346916073,NA
"LBRM_27_0620",0.10866148091832,0.512386596321631,4.0804728567969,0.125570396937733,0.900071997253288,NA
"LBRM_27_0630",0.399674827704668,-1.42721228906698,3.49019211027184,-0.408920839877729,0.682597754835227,NA
"LBRM_27_0640",0.375887642832207,3.14688176220709,3.93733525674645,0.799241506502413,0.42415038880027,NA
"LBRM_27_0650",0,NA,NA,NA,NA,NA
"LBRM_27_0660",0.301097180121568,2.94536147983492,4.04378005220696,0.728368368657302,0.466388120880344,NA
"LBRM_27_0670",0,NA,NA,NA,NA,NA
"LBRM_27_0680",0.150548590060784,2.36802554841367,4.07009331419134,0.581811119700128,0.560693913243612,NA
"LBRM_27_0690",0.106620929128686,0.512386596321632,4.0804728567969,0.125570396937733,0.900071997253288,NA
"LBRM_27_0700",0.150548590060784,2.36802554841367,4.07009331419134,0.581811119700128,0.560693913243612,NA
"LBRM_27_0710",0.150548590060784,2.36802554841367,4.07009331419134,0.581811119700128,0.560693913243612,NA
"LBRM_27_0720",0.414753048037054,0.0468763144403598,3.48132427557038,0.0134650813109559,0.989256744153462,NA
"LBRM_27_0730",0,NA,NA,NA,NA,NA
"LBRM_27_0740",0.217322961836639,-0.533674641665669,4.02601547254019,-0.132556530223405,0.894544112800906,NA
"LBRM_27_0750",0,NA,NA,NA,NA,NA
"LBRM_27_0760",0,NA,NA,NA,NA,NA
"LBRM_27_0770",0.10866148091832,0.512386596321631,4.0804728567969,0.125570396937733,0.900071997253288,NA
"LBRM_27_0780",0.526436232892991,3.5231320871403,3.43421411862938,1.0258917951646,0.304942590521467,NA
"LBRM_27_0790",0,NA,NA,NA,NA,NA
"LBRM_27_0800",0,NA,NA,NA,NA,NA
"LBRM_27_0810",0.10866148091832,0.512386596321631,4.0804728567969,0.125570396937733,0.900071997253288,NA
"LBRM_27_0820",0,NA,NA,NA,NA,NA
"LBRM_27_0830",0,NA,NA,NA,NA,NA
"LBRM_27_0840",0,NA,NA,NA,NA,NA
"LBRM_27_0850",0.0777714885289751,0.512386596321632,4.0804728567969,0.125570396937733,0.900071997253288,NA
"LBRM_27_0860",0,NA,NA,NA,NA,NA
"LBRM_27_0870",0.106620929128686,0.512386596321632,4.0804728567969,0.125570396937733,0.900071997253288,NA
"LBRM_27_0880",0.303110541300398,1.61408529533901,4.06349235823931,0.397216274337571,0.691207982142509,NA
"LBRM_27_0881",0,NA,NA,NA,NA,NA
"LBRM_27_0890",2.14225431583368,-0.849577607140025,1.59995142416572,-0.531002125632051,0.595417306170452,0.97845571662501
"LBRM_27_0900",0.890226681211148,1.87590877616015,2.64277137265177,0.709826357123678,0.477811822336801,NA
"LBRM_27_0910",0.52137397716574,-0.429612247527212,2.94753201159764,-0.14575320839157,0.88411621561381,NA
"LBRM_27_0920",1.22828112786935,1.17604661876139,2.04779726757423,0.574298363116048,0.565765916671515,0.97845571662501
"LBRM_27_0930",1.50646372841708,0.715531197562274,1.84825388204347,0.387139020517661,0.698653291370833,0.97845571662501
"LBRM_27_0940",0.52137397716574,-0.429612247527212,2.94753201159764,-0.14575320839157,0.88411621561381,NA
"LBRM_27_0950",0.0777714885289751,0.512386596321632,4.0804728567969,0.125570396937733,0.900071997253288,NA
"LBRM_27_0960",2.62534704134796,0.849493419165015,1.38070374934203,0.615261180807134,0.538382249489058,0.97845571662501
"LBRM_27_0970",2.36405574045994,-0.347914632646133,1.49620494359307,-0.232531401621112,0.816125300551769,0.97845571662501
"LBRM_27_0980",0.523414528955374,-0.437483854516398,3.17175774405255,-0.137931043232017,0.890294915937561,NA
"LBRM_27_0990",13.0683304640785,0.550001696013928,0.660978326927252,0.832102466310459,0.405351109856879,0.97845571662501
"LBRM_27_1000",5.19197665317667,-0.842523712567115,1.04704354035099,-0.804669223482994,0.42101058408453,0.97845571662501
"LBRM_27_1010",0.676221298322822,1.59462830001721,3.26104804272725,0.488992581257285,0.624846949119947,NA
"LBRM_27_1020",0.560280060489868,1.34977552819926,2.9268762572445,0.461165901653117,0.644679583493499,NA
"LBRM_27_1030",0.78055685753404,-0.85248689314279,2.53442007233571,-0.336363692210322,0.736596625423974,NA
"LBRM_27_1040",0,NA,NA,NA,NA,NA
"LBRM_27_1050",0.0777714885289751,0.512386596321632,4.0804728567969,0.125570396937733,0.900071997253288,NA
"LBRM_27_1060",0,NA,NA,NA,NA,NA
"LBRM_27_1070",0.106620929128686,0.512386596321632,4.0804728567969,0.125570396937733,0.900071997253288,NA
"LBRM_27_1080",0,NA,NA,NA,NA,NA
"LBRM_27_1090",0.106620929128686,0.512386596321632,4.0804728567969,0.125570396937733,0.900071997253288,NA
"LBRM_27_1100",0,NA,NA,NA,NA,NA
"LBRM_27_1110",0.10866148091832,0.512386596321631,4.0804728567969,0.125570396937733,0.900071997253288,NA
"LBRM_27_1120",0.0777714885289751,0.512386596321632,4.0804728567969,0.125570396937733,0.900071997253288,NA
"LBRM_27_1130",0,NA,NA,NA,NA,NA
"LBRM_27_1140",0.797920447783894,2.45306610466441,2.83457318886527,0.865409337215389,0.386814157936516,NA
"LBRM_27_1150",0.150548590060784,2.36802554841367,4.07009331419134,0.581811119700128,0.560693913243612,NA
"LBRM_27_1160",0.414753048037054,0.0468763144403598,3.48132427557038,0.0134650813109559,0.989256744153462,NA
"LBRM_27_1170",0.331959981900109,1.61408529533901,4.06349235823931,0.397216274337571,0.691207982142509,NA
"LBRM_27_1180",0,NA,NA,NA,NA,NA
"LBRM_27_1190",0,NA,NA,NA,NA,NA
"LBRM_27_1200",0.228320078589759,1.40625154395371,4.07009308958569,0.345508447350244,0.729712160779994,NA
"LBRM_27_1210",0.0777714885289751,0.512386596321632,4.0804728567969,0.125570396937733,0.900071997253288,NA
"LBRM_27_1220",0.378868668650543,1.9850001311204,3.95440054501736,0.501972450317799,0.615686900261154,NA
"LBRM_27_1230",0.106620929128686,0.512386596321632,4.0804728567969,0.125570396937733,0.900071997253288,NA
"LBRM_27_1240",0.150548590060784,2.36802554841367,4.07009331419134,0.581811119700128,0.560693913243612,NA
"LBRM_27_1250",0.10866148091832,0.512386596321631,4.0804728567969,0.125570396937733,0.900071997253288,NA
"LBRM_27_1260",0,NA,NA,NA,NA,NA
"LBRM_27_1270",0.10866148091832,0.512386596321631,4.0804728567969,0.125570396937733,0.900071997253288,NA
"LBRM_27_1280",0,NA,NA,NA,NA,NA
"LBRM_27_1290",0.372865938894589,-1.33443373612058,3.91130706876304,-0.341173350151359,0.73297308449078,NA
"LBRM_27_1300",0,NA,NA,NA,NA,NA
"LBRM_27_1310",0.10866148091832,0.512386596321631,4.0804728567969,0.125570396937733,0.900071997253288,NA
"LBRM_27_1320",0.334000533689742,1.61408529533901,4.06349235823931,0.397216274337571,0.691207982142509,NA
"LBRM_27_1330",0.569600369194135,2.56902019336441,3.72121552354445,0.690371244855345,0.489960754983094,NA
"LBRM_27_1340",0,NA,NA,NA,NA,NA
"LBRM_27_1350",0.150548590060784,2.36802554841367,4.07009331419134,0.581811119700128,0.560693913243612,NA
"LBRM_27_1360",0,NA,NA,NA,NA,NA
"LBRM_27_1370",0.301097180121568,2.94536147983492,4.04378005220696,0.728368368657302,0.466388120880344,NA
"LBRM_27_1380",0.794939421965558,3.66299337614718,3.01117239705661,1.21646750605436,0.223806881932692,NA
"LBRM_27_1390",7.69061982169413,2.52914127557876,0.915867766278468,2.7614699072287,0.00575418191032212,0.164816210431369
"LBRM_27_1400",0.453659131361182,2.18767694246641,3.40299717706313,0.642867692401212,0.520309954570993,NA
"LBRM_27_1410",0,NA,NA,NA,NA,NA
"LBRM_27_1420",0.150548590060784,2.36802554841367,4.07009331419134,0.581811119700128,0.560693913243612,NA
"LBRM_27_1430",0,NA,NA,NA,NA,NA
"LBRM_27_1440",0,NA,NA,NA,NA,NA
"LBRM_27_1450",0,NA,NA,NA,NA,NA
"LBRM_27_1460",0,NA,NA,NA,NA,NA
"LBRM_27_1470",0,NA,NA,NA,NA,NA
"LBRM_27_1480",0,NA,NA,NA,NA,NA
"LBRM_27_1490",0,NA,NA,NA,NA,NA
"LBRM_27_1500",0.367871551897423,0.360330296647215,4.00569038940248,0.0899546049790844,0.928323288495364,NA
"LBRM_27_1510",0.794939421965558,3.66299337614718,3.01117239705661,1.21646750605436,0.223806881932692,NA
"LBRM_27_1520",1.461554915337,-1.19492795919402,1.93109084321542,-0.618783918629311,0.536058717606125,0.97845571662501
"LBRM_27_1530",0.106620929128686,0.512386596321632,4.0804728567969,0.125570396937733,0.900071997253288,NA
"LBRM_27_1540",0.150548590060784,2.36802554841367,4.07009331419134,0.581811119700128,0.560693913243612,NA
"LBRM_27_1550",0,NA,NA,NA,NA,NA
"LBRM_27_1560",0,NA,NA,NA,NA,NA
"LBRM_27_1570",0.150548590060784,2.36802554841367,4.07009331419134,0.581811119700128,0.560693913243612,NA
"LBRM_27_1580",0.215282410047006,-0.521705569758801,4.02699186999459,-0.129552178549469,0.896920740266371,NA
"LBRM_27_1590",0.225339052771423,2.57585470100848,4.06349269559957,0.633901644218018,0.526145012480435,NA
"LBRM_27_1600",0.106620929128686,0.512386596321632,4.0804728567969,0.125570396937733,0.900071997253288,NA
"LBRM_27_1610",0.334000533689742,1.61408529533901,4.06349235823931,0.397216274337571,0.691207982142509,NA
"LBRM_27_1620",0.663919963800218,1.34544607989956,3.19679559277811,0.420873352972289,0.673847564294695,NA
"LBRM_27_1630",0,NA,NA,NA,NA,NA
"LBRM_27_1640",35.7834472860572,-0.909466663902842,0.483927506084931,-1.87934484497607,0.0601974221263198,0.723182816206057
"LBRM_27_1650",0.36583100010779,0.37730783828149,3.68378700877705,0.102423901648632,0.918420212664091,NA
"LBRM_27_1660",0,NA,NA,NA,NA,NA
"LBRM_27_1670",0,NA,NA,NA,NA,NA
"LBRM_27_1680",0.0777714885289751,0.512386596321632,4.0804728567969,0.125570396937733,0.900071997253288,NA
"LBRM_27_1690",0,NA,NA,NA,NA,NA
"LBRM_27_1700",0.186432969447295,-0.33622145367943,4.04316669949863,-0.083157949861707,0.933725948031842,NA
"LBRM_27_1710",0,NA,NA,NA,NA,NA
"LBRM_27_1720",0,NA,NA,NA,NA,NA
"LBRM_27_1730",0,NA,NA,NA,NA,NA
"LBRM_27_1740",0.935431369301925,1.42125355517606,2.51107244456019,0.565994644342087,0.57139742125237,0.97845571662501
"LBRM_27_1750",0,NA,NA,NA,NA,NA
"LBRM_27_1760",0.106620929128686,0.512386596321632,4.0804728567969,0.125570396937733,0.900071997253288,NA
"LBRM_27_1770",0.815527953502651,-0.922602575105812,2.7021687584418,-0.341430405567204,0.7327795884896,NA
"LBRM_27_1780",0.506295756833354,-1.76711592549815,3.19146013153354,-0.553701394555421,0.579783220719137,NA
"LBRM_27_1790",0.0777714885289751,0.512386596321632,4.0804728567969,0.125570396937733,0.900071997253288,NA
"LBRM_27_1800",0,NA,NA,NA,NA,NA
"LBRM_27_1810",0,NA,NA,NA,NA,NA
"LBRM_27_1820",0,NA,NA,NA,NA,NA
"LBRM_27_1830",0.953463424841845,1.20158221628563,2.61936751324031,0.458729907205422,0.64642813456455,0.97845571662501
"LBRM_27_1840",1.12058731159054,1.68479918516804,2.12610159086526,0.792435880019437,0.428106565270317,0.97845571662501
"LBRM_27_1850",1.99735213505354,1.72298160487648,1.68531001064283,1.02235291667156,0.306613896326319,0.939506005256609
"LBRM_27_1860",3.89147502610233,-1.82856737296027,1.31108665675821,-1.39469604357166,0.163107518486529,0.843949869846427
"LBRM_27_1870",31.853381395127,0.0871543359858317,0.484224335744355,0.179987517256556,0.857162367948803,0.97845571662501
"LBRM_27_1880",1.50719728014165,-0.385444020698802,1.86640017278616,-0.206517351594225,0.836386812253438,0.97845571662501
"LBRM_27_1890",1.15848505215588,0.292246797389968,2.04903670645061,0.1426264334211,0.886585220053977,0.97845571662501
"LBRM_27_1900",0,NA,NA,NA,NA,NA
"LBRM_27_1910",0.184392417657661,-0.322972510444289,4.04440056163657,-0.0798567069513009,0.936351222660643,NA
"LBRM_27_1920",0.0777714885289751,0.512386596321632,4.0804728567969,0.125570396937733,0.900071997253288,NA
"LBRM_27_1930",0,NA,NA,NA,NA,NA
"LBRM_27_1940",0,NA,NA,NA,NA,NA
"LBRM_27_1950",0,NA,NA,NA,NA,NA
"LBRM_27_1960",0.702785369005065,-0.624998841451565,2.6345657739557,-0.237230304754606,0.812478127445261,NA
"LBRM_27_1970",0,NA,NA,NA,NA,NA
"LBRM_27_1980",0.15554297705795,-0.121015899195086,4.06395245618752,-0.0297778826154414,0.976244198059474,NA
"LBRM_27_1990",0,NA,NA,NA,NA,NA
"LBRM_27_2000",0.450678105542845,3.32271092996418,4.01688493769328,0.827185986530216,0.408131653169535,NA
"LBRM_27_2010",0.225339052771423,2.57585470100848,4.06349269559957,0.633901644218018,0.526145012480435,NA
"LBRM_27_2020",0.0777714885289751,0.512386596321632,4.0804728567969,0.125570396937733,0.900071997253288,NA
"LBRM_27_2030",0,NA,NA,NA,NA,NA
"LBRM_27_2040",0.334941007718446,0.571059908719948,3.80738004106996,0.14998762996075,0.880774374718182,NA
"LBRM_27_2050",0,NA,NA,NA,NA,NA
"LBRM_27_2060",0.150548590060784,2.36802554841367,4.07009331419134,0.581811119700128,0.560693913243612,NA
"LBRM_27_2070",0.150548590060784,2.36802554841367,4.07009331419134,0.581811119700128,0.560693913243612,NA
"LBRM_27_2080",0.0777714885289751,0.512386596321632,4.0804728567969,0.125570396937733,0.900071997253288,NA
"LBRM_27_2090",0,NA,NA,NA,NA,NA
"LBRM_27_2100",0.579072858365163,-0.618576465425321,3.08615331937037,-0.200436077346774,0.841139546283648,NA
"LBRM_27_2110",0.875267386491707,-1.05084150048404,2.67974232579527,-0.39214274087796,0.694952748752971,NA
"LBRM_27_2120",0.303110541300398,1.61408529533901,4.06349235823931,0.397216274337571,0.691207982142509,NA
"LBRM_27_2130",0.0777714885289751,0.512386596321632,4.0804728567969,0.125570396937733,0.900071997253288,NA
"LBRM_27_2140",1.61143504010772,0.716688520383422,1.97027647435433,0.363750229834259,0.716044531018768,0.97845571662501
"LBRM_27_2150",0.10866148091832,0.512386596321631,4.0804728567969,0.125570396937733,0.900071997253288,NA
"LBRM_27_2160",0.228320078589759,1.40625154395371,4.07009308958569,0.345508447350244,0.729712160779994,NA
"LBRM_27_2170",0.25716951918947,1.40625154395371,4.07009308958569,0.345508447350243,0.729712160779994,NA
"LBRM_27_2180",0,NA,NA,NA,NA,NA
"LBRM_27_2190",0,NA,NA,NA,NA,NA
"LBRM_27_2200",0.797920447783894,2.45306610466441,2.83457318886527,0.865409337215389,0.386814157936516,NA
"LBRM_27_2210",0,NA,NA,NA,NA,NA
"LBRM_27_2220",0,NA,NA,NA,NA,NA
"LBRM_27_2230",0.569600369194135,2.56902019336441,3.72121552354445,0.690371244855345,0.489960754983094,NA
"LBRM_27_2240",0,NA,NA,NA,NA,NA
"LBRM_27_2250",0.150548590060784,2.36802554841367,4.07009331419134,0.581811119700128,0.560693913243612,NA
"LBRM_27_2260",0,NA,NA,NA,NA,NA
"LBRM_27_2270",0,NA,NA,NA,NA,NA
"LBRM_27_2280",0.336981559508079,0.558142011562438,3.79863620897194,0.146932209576735,0.883185528260993,NA
"LBRM_27_2290",0,NA,NA,NA,NA,NA
"LBRM_27_2300",0,NA,NA,NA,NA,NA
"LBRM_27_2310",0.262163906186637,-0.836210405206493,4.00377057373284,-0.208855724824129,0.834560868338514,NA
"LBRM_27_2320",0,NA,NA,NA,NA,NA
"LBRM_27_2330",0,NA,NA,NA,NA,NA
"LBRM_27_2340",0,NA,NA,NA,NA,NA
"LBRM_27_2350",0.986763777004614,-0.351668571572594,2.38799142551027,-0.147265424748101,0.882922521943337,0.97845571662501
"LBRM_27_2360",0,NA,NA,NA,NA,NA
"LBRM_27_2370",0,NA,NA,NA,NA,NA
"LBRM_27_2380",0.334000533689742,1.61408529533901,4.06349235823931,0.397216274337571,0.691207982142509,NA
"LBRM_27_2390",0,NA,NA,NA,NA,NA
"LBRM_27_2400",0,NA,NA,NA,NA,NA
"LBRM_27_2410",0.150548590060784,2.36802554841367,4.07009331419134,0.581811119700128,0.560693913243612,NA
"LBRM_27_2420",0,NA,NA,NA,NA,NA
"LBRM_27_2430",0,NA,NA,NA,NA,NA
"LBRM_27_2440",0.604207721421966,2.57131227611813,3.0525090610705,0.842360243548757,0.399586339388437,NA
"LBRM_27_2450",0.0777714885289751,0.512386596321632,4.0804728567969,0.125570396937733,0.900071997253288,NA
"LBRM_27_2460",0,NA,NA,NA,NA,NA
"LBRM_27_2470",0,NA,NA,NA,NA,NA
"LBRM_27_2480",0.518392951347404,0.0965461764559848,2.97752437417506,0.0324249827451819,0.97413313961054,NA
"LBRM_27_2490",0,NA,NA,NA,NA,NA
"LBRM_27_2500",0,NA,NA,NA,NA,NA
"LBRM_27_2510",0.0777714885289751,0.512386596321632,4.0804728567969,0.125570396937733,0.900071997253288,NA
"LBRM_27_2520",0.213241858257373,-0.509664860242396,4.0279820436031,-0.126531065611825,0.899311559853632,NA
"LBRM_27_2530",0,NA,NA,NA,NA,NA
"LBRM_27_2540",0,NA,NA,NA,NA,NA
"LBRM_27_2550",0.72014895925492,3.43948944334506,3.11039865378382,1.10580341177839,0.268811617980153,NA
"LBRM_27_2560",0,NA,NA,NA,NA,NA
"LBRM_27_2570",0.301097180121568,2.94536147983492,4.04378005220696,0.728368368657302,0.466388120880344,NA
"LBRM_27_2580",0.225339052771423,2.57585470100848,4.06349269559957,0.633901644218018,0.526145012480435,NA
"LBRM_27_2590",0,NA,NA,NA,NA,NA
"LBRM_27_2600",0.569600369194135,2.56902019336441,3.72121552354445,0.690371244855345,0.489960754983094,NA
"LBRM_27_2610",0.412712496247421,0.0561632178876675,3.48750427382977,0.0161041287631147,0.987151319666268,NA
"LBRM_27_2620",0,NA,NA,NA,NA,NA
"LBRM_27_2630",0.150548590060784,2.36802554841367,4.07009331419134,0.581811119700128,0.560693913243612,NA
"LBRM_27_2640",0.150548590060784,2.36802554841367,4.07009331419134,0.581811119700128,0.560693913243612,NA
"LBRM_27_2650",0,NA,NA,NA,NA,NA
"LBRM_27_2660",0.186432969447295,-0.33622145367943,4.04316669949863,-0.083157949861707,0.933725948031842,NA
"LBRM_27_2670",0,NA,NA,NA,NA,NA
"LBRM_27_2680",0,NA,NA,NA,NA,NA
"LBRM_27_2690",0.375887642832207,3.14688176220709,3.93733525674645,0.799241506502413,0.42415038880027,NA
"LBRM_27_2700",0,NA,NA,NA,NA,NA
"LBRM_27_2710",2.68230958852724,0.513075340590741,1.43820697360737,0.356746525365417,0.721281572001611,0.97845571662501
"LBRM_27_2720",0.225339052771423,2.57585470100848,4.06349269559957,0.633901644218018,0.526145012480435,NA
"LBRM_27_2730",0.228320078589759,1.40625154395371,4.07009308958569,0.345508447350244,0.729712160779994,NA
"LBRM_27_2740",1.06660300793403,-0.0815529633181491,2.25165084754651,-0.0362191870942213,0.971107586937453,0.994222666692539
"LBRM_27_2750",0.91231264971953,1.06733794921895,2.59538468520153,0.411244604818985,0.680893184237034,NA
"LBRM_27_2751",0,NA,NA,NA,NA,NA
"LBRM_27_2760",0.0777714885289751,0.512386596321632,4.0804728567969,0.125570396937733,0.900071997253288,NA
"LBRM_27_2770",15.3434534853654,-1.31762122354548,0.698573978102686,-1.88615846688724,0.0592736034814835,0.723182816206057
"LBRM_27_2780",0,NA,NA,NA,NA,NA
"LBRM_27_2790",0,NA,NA,NA,NA,NA
"LBRM_27_2800",0.472451929236477,-0.205230080564095,3.32543391046448,-0.0617152786943914,0.950789572524572,NA
"LBRM_27_2810",0.550223417765452,-0.524161063529845,2.89826715030883,-0.180853260360761,0.856482756608131,NA
"LBRM_27_2820",24.3957933473942,-0.75564781847577,0.564694693478472,-1.33815285888564,0.180846612651581,0.89530236633684
"LBRM_27_2830",0.980027495524088,-0.365564191566837,2.21642756165671,-0.164933967566072,0.868995956266377,0.97845571662501
"LBRM_27_2840",5.45259948877462,0.210879572699691,1.0042391863211,0.209989388556148,0.833675955103888,0.97845571662501
"LBRM_28_0010",21.3947236583349,-0.0571773407051705,0.556221949540914,-0.102795908633887,0.918124952500844,0.97845571662501
"LBRM_28_0020",1.8844326011582,3.43269533745303,2.03524644754049,1.68662391800329,0.0916756898841433,0.786201095137236
"LBRM_28_0030",0,NA,NA,NA,NA,NA
"LBRM_28_0040",0.0777714885289751,0.512386596321632,4.0804728567969,0.125570396937733,0.900071997253288,NA
"LBRM_28_0050",0.336981559508079,0.558142011562438,3.79863620897194,0.146932209576735,0.883185528260993,NA
"LBRM_28_0060",0.10866148091832,0.512386596321631,4.0804728567969,0.125570396937733,0.900071997253288,NA
"LBRM_28_0070",0,NA,NA,NA,NA,NA
"LBRM_28_0080",0,NA,NA,NA,NA,NA
"LBRM_28_0090",1.00290139697865,-1.61908928850848,2.33482744203168,-0.693451370050547,0.488026333983742,0.97845571662501
"LBRM_28_0100",0.323943890965326,-1.11648607053824,3.98684133574665,-0.280042764814253,0.779444695381189,NA
"LBRM_28_0110",0,NA,NA,NA,NA,NA
"LBRM_28_0120",0.106620929128686,0.512386596321632,4.0804728567969,0.125570396937733,0.900071997253288,NA
"LBRM_28_0130",0,NA,NA,NA,NA,NA
"LBRM_28_0140",0.262163906186637,-0.836210405206493,4.00377057373284,-0.208855724824129,0.834560868338514,NA
"LBRM_28_0150",0.681911341220857,-2.21616287116494,2.85989739571316,-0.774909923162578,0.438392888094155,NA
"LBRM_28_0160",0.215282410047006,-0.521705569758801,4.02699186999459,-0.129552178549469,0.896920740266371,NA
"LBRM_28_0170",0.336981559508079,0.558142011562438,3.79863620897194,0.146932209576735,0.883185528260993,NA
"LBRM_28_0180",0.228320078589759,1.40625154395371,4.07009308958569,0.345508447350244,0.729712160779994,NA
"LBRM_28_0190",0.106620929128686,0.512386596321632,4.0804728567969,0.125570396937733,0.900071997253288,NA
"LBRM_28_0200",0.588148348941596,-1.98663213372713,2.9928334354846,-0.663796424542901,0.506820614405728,NA
"LBRM_28_0210",1.72058525462277,-1.48111728630994,1.84207695640592,-0.804047453695831,0.421369569721902,0.97845571662501
"LBRM_28_0220",0.399674827704668,-1.42721228906698,3.49019211027184,-0.408920839877729,0.682597754835227,NA
"LBRM_28_0230",0.368784835315323,-1.32000764618613,3.92809224100254,-0.336042935144832,0.736838489606838,NA
"LBRM_28_0240",1.12551382985762,-1.82106807016549,2.2352934861811,-0.814688577327136,0.415250593426758,0.97845571662501
"LBRM_28_0250",7.99293945211467,-2.58740611417389,1.03852213010233,-2.49143088931475,0.012722971653722,0.283439535174585
"LBRM_28_0260",17.4174612177465,-1.57527458471405,0.644453224412753,-2.44435829481572,0.0145110073628407,0.306258629078902
"LBRM_28_0270",35.4373330291672,-0.879837963059801,0.454185378958338,-1.93717808591216,0.0527235780490799,0.704738493256034
"LBRM_28_0280",12.2084715993929,-0.643812004482725,0.748556763187533,-0.860071054252747,0.389749876003139,0.97845571662501
"LBRM_28_0290",10.3925770564978,-1.2649887343842,0.807769377417589,-1.56602709851211,0.117342273289968,0.786201095137236
"LBRM_28_0300",12.9164503123906,-1.15387554077534,0.70810231360815,-1.62953222804165,0.103200398121422,0.786201095137236
"LBRM_28_0310",37.7966785540211,-0.939409454750661,0.452333516081128,-2.07680709333547,0.0378193672768638,0.626695082348765
"LBRM_28_0320",31.8298892518362,-0.878067513524602,0.491977353498052,-1.78477222026863,0.0742982710518351,0.763938633122715
"LBRM_28_0330",33.6672639495002,-0.512257575926958,0.488313447115211,-1.04903434249702,0.29416231266874,0.936183233175909
"LBRM_28_0340",104.931593876662,-0.326197916400971,0.309715568256123,-1.05321769337477,0.292241231105132,0.936183233175909
"LBRM_28_0350",185.324886924599,-0.377236661966516,0.292559862422694,-1.28943409681222,0.197247213954631,0.898195964048256
"LBRM_28_0360",58.2196612492169,-0.0872556505136733,0.394730855796692,-0.221051000276033,0.825052722560819,0.97845571662501
"LBRM_28_0370",17.8402912667713,-0.584692099983179,0.612413783495668,-0.954733736797606,0.339712364434206,0.958758700639694
"LBRM_28_0380",17.8289775434219,-0.625291030696728,0.606744640686639,-1.03056704380462,0.302743897338099,0.939506005256609
"LBRM_28_0390",40.5190455419437,-0.915934334165825,0.444272245315966,-2.0616510345237,0.03924097150255,0.626695082348765
"LBRM_28_0400",39.3445784339615,-0.791598925140977,0.448131943746943,-1.76644163886694,0.0773217846014534,0.77515089062957
"LBRM_28_0410",19.2400117545267,-0.696726125477641,0.58877773662514,-1.18334319071108,0.236673162027539,0.908190794000411
"LBRM_28_0420",0.15554297705795,-0.121015899195086,4.06395245618752,-0.0297778826154414,0.976244198059474,NA
"LBRM_28_0430",0,NA,NA,NA,NA,NA
"LBRM_28_0440",0.786923331030775,0.55959728992246,3.0781392003202,0.181797265654603,0.855741830456468,NA
"LBRM_28_0450",0.15554297705795,-0.121015899195086,4.06395245618752,-0.0297778826154414,0.976244198059474,NA
"LBRM_28_0460",0.213241858257373,-0.509664860242396,4.0279820436031,-0.126531065611825,0.899311559853632,NA
"LBRM_28_0470",0.331959981900109,1.61408529533901,4.06349235823931,0.397216274337571,0.691207982142509,NA
"LBRM_28_0480",0.860613715980483,0.0960843854227589,2.75150218215108,0.0349207011522854,0.972142973546626,NA
"LBRM_28_0490",0,NA,NA,NA,NA,NA
"LBRM_28_0500",0,NA,NA,NA,NA,NA
"LBRM_28_0510",0,NA,NA,NA,NA,NA
"LBRM_28_0520",0.569600369194135,2.56902019336441,3.72121552354445,0.690371244855345,0.489960754983094,NA
"LBRM_28_0530",0,NA,NA,NA,NA,NA
"LBRM_28_0540",0,NA,NA,NA,NA,NA
"LBRM_28_0550",0.10866148091832,0.512386596321631,4.0804728567969,0.125570396937733,0.900071997253288,NA
"LBRM_28_0560",0.860436766582733,2.9801219979049,2.68885312464964,1.10832457547982,0.267721665667612,NA
"LBRM_28_0570",0.0777714885289751,0.512386596321632,4.0804728567969,0.125570396937733,0.900071997253288,NA
"LBRM_28_0580",0.303110541300398,1.61408529533901,4.06349235823931,0.397216274337571,0.691207982142509,NA
"LBRM_28_0590",0,NA,NA,NA,NA,NA
"LBRM_28_0600",0.150548590060784,2.36802554841367,4.07009331419134,0.581811119700128,0.560693913243612,NA
"LBRM_28_0610",0,NA,NA,NA,NA,NA
"LBRM_28_0620",0.259210070979104,1.40625154395371,4.07009308958569,0.345508447350243,0.729712160779994,NA
"LBRM_28_0630",0.971315748688436,-0.372451183803182,2.46508734112752,-0.151090461416602,0.879904356807824,0.97845571662501
"LBRM_28_0640",0.25716951918947,1.40625154395371,4.07009308958569,0.345508447350243,0.729712160779994,NA
"LBRM_28_0650",0,NA,NA,NA,NA,NA
"LBRM_28_0660",0,NA,NA,NA,NA,NA
"LBRM_28_0670",0,NA,NA,NA,NA,NA
"LBRM_28_0680",0.945488012026342,4.03915708245817,2.63014996729183,1.53571360290803,0.124608637341088,0.786201095137236
"LBRM_28_0690",0,NA,NA,NA,NA,NA
"LBRM_28_0700",1.01819724482807,-0.561655382012662,2.41337274835958,-0.232726329736851,0.815973922342165,0.97845571662501
"LBRM_28_0710",0.569600369194135,2.56902019336441,3.72121552354445,0.690371244855345,0.489960754983094,NA
"LBRM_28_0720",0,NA,NA,NA,NA,NA
"LBRM_28_0730",0,NA,NA,NA,NA,NA
"LBRM_28_0740",0,NA,NA,NA,NA,NA
"LBRM_28_0750",0,NA,NA,NA,NA,NA
"LBRM_28_0760",0,NA,NA,NA,NA,NA
"LBRM_28_0770",0,NA,NA,NA,NA,NA
"LBRM_28_0780",0,NA,NA,NA,NA,NA
"LBRM_28_0790",0,NA,NA,NA,NA,NA
"LBRM_28_0800",2.24825024008716,2.88374231929084,1.66951354268897,1.72729495482031,0.0841147048175263,0.786201095137236
"LBRM_28_0810",0.676017158314268,3.77421191896496,3.42559546891262,1.10176813147263,0.270562488402665,NA
"LBRM_28_0820",0,NA,NA,NA,NA,NA
"LBRM_28_0830",0,NA,NA,NA,NA,NA
"LBRM_28_0840",0,NA,NA,NA,NA,NA
"LBRM_28_0850",0,NA,NA,NA,NA,NA
"LBRM_28_0860",0.0777714885289751,0.512386596321632,4.0804728567969,0.125570396937733,0.900071997253288,NA
"LBRM_28_0870",0,NA,NA,NA,NA,NA
"LBRM_28_0880",0,NA,NA,NA,NA,NA
"LBRM_28_0890",0,NA,NA,NA,NA,NA
"LBRM_28_0900",0,NA,NA,NA,NA,NA
"LBRM_28_0910",0.106620929128686,0.512386596321632,4.0804728567969,0.125570396937733,0.900071997253288,NA
"LBRM_28_0920",0,NA,NA,NA,NA,NA
"LBRM_28_0930",0.150548590060784,2.36802554841367,4.07009331419134,0.581811119700128,0.560693913243612,NA
"LBRM_28_0940",0.225339052771423,2.57585470100848,4.06349269559957,0.633901644218018,0.526145012480435,NA
"LBRM_28_0950",0,NA,NA,NA,NA,NA
"LBRM_28_0960",0.225339052771423,2.57585470100848,4.06349269559957,0.633901644218018,0.526145012480435,NA
"LBRM_28_0970",0,NA,NA,NA,NA,NA
"LBRM_28_0980",0,NA,NA,NA,NA,NA
"LBRM_28_0990",0,NA,NA,NA,NA,NA
"LBRM_28_1000",0,NA,NA,NA,NA,NA
"LBRM_28_1010",0.15554297705795,-0.121015899195086,4.06395245618752,-0.0297778826154414,0.976244198059474,NA
"LBRM_28_1020",0.411772022218717,0.753590502948088,3.52106034620548,0.214023739684043,0.830528544494832,NA
"LBRM_28_1030",0.375887642832207,3.14688176220709,3.93733525674645,0.799241506502413,0.42415038880027,NA
"LBRM_28_1040",0,NA,NA,NA,NA,NA
"LBRM_28_1050",0,NA,NA,NA,NA,NA
"LBRM_28_1060",0,NA,NA,NA,NA,NA
"LBRM_28_1070",0.225339052771423,2.57585470100848,4.06349269559957,0.633901644218018,0.526145012480435,NA
"LBRM_28_1080",0,NA,NA,NA,NA,NA
"LBRM_28_1090",0.25716951918947,1.40625154395371,4.07009308958569,0.345508447350243,0.729712160779994,NA
"LBRM_28_1100",0.331959981900109,1.61408529533901,4.06349235823931,0.397216274337571,0.691207982142509,NA
"LBRM_28_1110",0.47449248102611,-0.213135733769991,3.32049635102842,-0.0641879138653408,0.94882060088783,NA
"LBRM_28_1120",0.106620929128686,0.512386596321632,4.0804728567969,0.125570396937733,0.900071997253288,NA
"LBRM_28_1130",0.616997789541307,-2.05060580614158,2.94592675460336,-0.696081734869091,0.486377644421171,NA
"LBRM_28_1140",0.186432969447295,-0.33622145367943,4.04316669949863,-0.083157949861707,0.933725948031842,NA
"LBRM_28_1150",0.401715379494301,-1.43380111314668,3.48376812167954,-0.411566172910336,0.680657429795647,NA
"LBRM_28_1160",0,NA,NA,NA,NA,NA
"LBRM_28_1170",0,NA,NA,NA,NA,NA
"LBRM_28_1180",0.409731470429084,0.766215052256748,3.52755227934135,0.21720870212016,0.828045703264168,NA
"LBRM_28_1190",0,NA,NA,NA,NA,NA
"LBRM_28_1200",0,NA,NA,NA,NA,NA
"LBRM_28_1210",0,NA,NA,NA,NA,NA
"LBRM_28_1220",0.225339052771423,2.57585470100848,4.06349269559957,0.633901644218018,0.526145012480435,NA
"LBRM_28_1230",0.225339052771423,2.57585470100848,4.06349269559957,0.633901644218018,0.526145012480435,NA
"LBRM_28_1240",0,NA,NA,NA,NA,NA
"LBRM_28_1250",0,NA,NA,NA,NA,NA
"LBRM_28_1260",0.150548590060784,2.36802554841367,4.07009331419134,0.581811119700128,0.560693913243612,NA
"LBRM_28_1270",0,NA,NA,NA,NA,NA
"LBRM_28_1280",0,NA,NA,NA,NA,NA
"LBRM_28_1290",0,NA,NA,NA,NA,NA
"LBRM_28_1300",0.64103257483718,0.272066059540164,2.94056518133516,0.0925216897986368,0.926283559162831,NA
"LBRM_28_1310",0,NA,NA,NA,NA,NA
"LBRM_28_1320",0.0777714885289751,0.512386596321632,4.0804728567969,0.125570396937733,0.900071997253288,NA
"LBRM_28_1330",0,NA,NA,NA,NA,NA
"LBRM_28_1340",0.293053898575981,-0.981973165309184,3.95663099556679,-0.248184166380296,0.803991916578278,NA
"LBRM_28_1350",0,NA,NA,NA,NA,NA
"LBRM_28_1360",0,NA,NA,NA,NA,NA
"LBRM_28_1370",0.0777714885289751,0.512386596321632,4.0804728567969,0.125570396937733,0.900071997253288,NA
"LBRM_28_1380",0,NA,NA,NA,NA,NA
"LBRM_28_1390",0.150548590060784,2.36802554841367,4.07009331419134,0.581811119700128,0.560693913243612,NA
"LBRM_28_1400",0,NA,NA,NA,NA,NA
"LBRM_28_1410",0.380882029829373,0.977226041233979,3.94949654547106,0.247430534495486,0.804575045569454,NA
"LBRM_28_1420",0,NA,NA,NA,NA,NA
"LBRM_28_1430",0.0777714885289751,0.512386596321632,4.0804728567969,0.125570396937733,0.900071997253288,NA
"LBRM_28_1440",0,NA,NA,NA,NA,NA
"LBRM_28_1450",0.303110541300398,1.61408529533901,4.06349235823931,0.397216274337571,0.691207982142509,NA
"LBRM_28_1460",0,NA,NA,NA,NA,NA
"LBRM_28_1470",0.710828650550652,1.74009715364592,2.68155429373441,0.648913638523653,0.516394198748743,NA
"LBRM_28_1480",0,NA,NA,NA,NA,NA
"LBRM_28_1490",0,NA,NA,NA,NA,NA
"LBRM_28_1500",0.150548590060784,2.36802554841367,4.07009331419134,0.581811119700128,0.560693913243612,NA
"LBRM_28_1510",0,NA,NA,NA,NA,NA
"LBRM_28_1520",0,NA,NA,NA,NA,NA
"LBRM_28_1530",0.106620929128686,0.512386596321632,4.0804728567969,0.125570396937733,0.900071997253288,NA
"LBRM_28_1540",0.72014895925492,3.43948944334506,3.11039865378382,1.10580341177839,0.268811617980153,NA
"LBRM_28_1550",0,NA,NA,NA,NA,NA
"LBRM_28_1560",0.106620929128686,0.512386596321632,4.0804728567969,0.125570396937733,0.900071997253288,NA
"LBRM_28_1570",0,NA,NA,NA,NA,NA
"LBRM_28_1580",0,NA,NA,NA,NA,NA
"LBRM_28_1590",0,NA,NA,NA,NA,NA
"LBRM_28_1600",0.411772022218717,0.753590502948088,3.52106034620548,0.214023739684043,0.830528544494832,NA
"LBRM_28_1610",0,NA,NA,NA,NA,NA
"LBRM_28_1620",0.106620929128686,0.512386596321632,4.0804728567969,0.125570396937733,0.900071997253288,NA
"LBRM_28_1630",0,NA,NA,NA,NA,NA
"LBRM_28_1640",0,NA,NA,NA,NA,NA
"LBRM_28_1650",0,NA,NA,NA,NA,NA
"LBRM_28_1660",0,NA,NA,NA,NA,NA
"LBRM_28_1670",0,NA,NA,NA,NA,NA
"LBRM_28_1680",0,NA,NA,NA,NA,NA
"LBRM_28_1690",0.213241858257373,-0.509664860242396,4.0279820436031,-0.126531065611825,0.899311559853632,NA
"LBRM_28_1700",0,NA,NA,NA,NA,NA
"LBRM_28_1710",0.647371857723111,1.59621171071338,3.3100321613617,0.482234501932067,0.629639369888605,NA
"LBRM_28_1720",0,NA,NA,NA,NA,NA
"LBRM_28_1730",0.375887642832207,3.14688176220709,3.93733525674645,0.799241506502413,0.42415038880027,NA
"LBRM_28_1740",0,NA,NA,NA,NA,NA
"LBRM_28_1750",0.896321145969244,1.21470369237533,2.44235464858435,0.497349430018037,0.618942660105812,NA
"LBRM_28_1760",1.66261526734364,1.51158646025842,2.00808208960396,0.752751328286853,0.451599359459368,0.97845571662501
"LBRM_28_1770",1.11458458183459,0.112061524209316,2.07574737233282,0.0539861091493884,0.95694623139494,0.991984329142841
"LBRM_28_1780",0.233314465586925,-0.688087203449716,4.0140974204965,-0.171417664139453,0.863895366368199,NA
"LBRM_28_1790",0.560280060489868,1.34977552819926,2.9268762572445,0.461165901653117,0.644679583493499,NA
"LBRM_28_1800",0.184392417657661,-0.322972510444289,4.04440056163657,-0.0798567069513009,0.936351222660643,NA
"LBRM_28_1810",0.106620929128686,0.512386596321632,4.0804728567969,0.125570396937733,0.900071997253288,NA
"LBRM_28_1820",0.681979209950941,1.90987309807228,2.91583686845847,0.654999982588867,0.512467765269221,NA
"LBRM_28_1830",0,NA,NA,NA,NA,NA
"LBRM_28_1840",0,NA,NA,NA,NA,NA
"LBRM_28_1850",0,NA,NA,NA,NA,NA
"LBRM_28_1860",0,NA,NA,NA,NA,NA
"LBRM_28_1870",0,NA,NA,NA,NA,NA
"LBRM_28_1880",0.560280060489868,1.34977552819926,2.9268762572445,0.461165901653117,0.644679583493499,NA
"LBRM_28_1890",0,NA,NA,NA,NA,NA
"LBRM_28_1900",0.10866148091832,0.512386596321631,4.0804728567969,0.125570396937733,0.900071997253288,NA
"LBRM_28_1910",0.150548590060784,2.36802554841367,4.07009331419134,0.581811119700128,0.560693913243612,NA
"LBRM_28_1920",0.0777714885289751,0.512386596321632,4.0804728567969,0.125570396937733,0.900071997253288,NA
"LBRM_28_1930",0.10866148091832,0.512386596321631,4.0804728567969,0.125570396937733,0.900071997253288,NA
"LBRM_28_1940",0,NA,NA,NA,NA,NA
"LBRM_28_1950",0.0777714885289751,0.512386596321632,4.0804728567969,0.125570396937733,0.900071997253288,NA
"LBRM_28_1960",0,NA,NA,NA,NA,NA
"LBRM_28_1970",0.259210070979104,1.40625154395371,4.07009308958569,0.345508447350243,0.729712160779994,NA
"LBRM_28_1980",0,NA,NA,NA,NA,NA
"LBRM_28_1990",0.569600369194135,2.56902019336441,3.72121552354445,0.690371244855345,0.489960754983094,NA
"LBRM_28_2000",0.150548590060784,2.36802554841367,4.07009331419134,0.581811119700128,0.560693913243612,NA
"LBRM_28_2010",0,NA,NA,NA,NA,NA
"LBRM_28_2020",0.0777714885289751,0.512386596321632,4.0804728567969,0.125570396937733,0.900071997253288,NA
"LBRM_28_2030",0.150548590060784,2.36802554841367,4.07009331419134,0.581811119700128,0.560693913243612,NA
"LBRM_28_2040",0,NA,NA,NA,NA,NA
"LBRM_28_2050",0.751707416934329,-0.782536247971845,2.58899791830177,-0.302254490990531,0.762458067706675,NA
"LBRM_28_2060",0,NA,NA,NA,NA,NA
"LBRM_28_2070",0,NA,NA,NA,NA,NA
"LBRM_28_2080",0,NA,NA,NA,NA,NA
"LBRM_28_2090",0,NA,NA,NA,NA,NA
"LBRM_28_2100",0.336981559508079,0.558142011562438,3.79863620897194,0.146932209576735,0.883185528260993,NA
"LBRM_28_2110",0,NA,NA,NA,NA,NA
"LBRM_28_2120",0,NA,NA,NA,NA,NA
"LBRM_28_2130",0,NA,NA,NA,NA,NA
"LBRM_28_2140",0.569600369194135,2.56902019336441,3.72121552354445,0.690371244855345,0.489960754983094,NA
"LBRM_28_2150",0.225339052771423,2.57585470100848,4.06349269559957,0.633901644218018,0.526145012480435,NA
"LBRM_28_2160",0.225339052771423,2.57585470100848,4.06349269559957,0.633901644218018,0.526145012480435,NA
"LBRM_28_2170",0,NA,NA,NA,NA,NA
"LBRM_28_2180",0,NA,NA,NA,NA,NA
"LBRM_28_2190",0,NA,NA,NA,NA,NA
"LBRM_28_2200",0.569600369194135,2.56902019336441,3.72121552354445,0.690371244855345,0.489960754983094,NA
"LBRM_28_2210",0,NA,NA,NA,NA,NA
"LBRM_28_2220",0.10866148091832,0.512386596321631,4.0804728567969,0.125570396937733,0.900071997253288,NA
"LBRM_28_2230",0,NA,NA,NA,NA,NA
"LBRM_28_2240",0.569600369194135,2.56902019336441,3.72121552354445,0.690371244855345,0.489960754983094,NA
"LBRM_28_2250",0,NA,NA,NA,NA,NA
"LBRM_28_2260",0.225339052771423,2.57585470100848,4.06349269559957,0.633901644218018,0.526145012480435,NA
"LBRM_28_2270",0,NA,NA,NA,NA,NA
"LBRM_28_2280",0.150548590060784,2.36802554841367,4.07009331419134,0.581811119700128,0.560693913243612,NA
"LBRM_28_2290",0,NA,NA,NA,NA,NA
"LBRM_28_2300",0,NA,NA,NA,NA,NA
"LBRM_28_2310",0.380882029829373,0.977226041233979,3.94949654547106,0.247430534495486,0.804575045569454,NA
"LBRM_28_2320",0.150548590060784,2.36802554841367,4.07009331419134,0.581811119700128,0.560693913243612,NA
"LBRM_28_2330",0,NA,NA,NA,NA,NA
"LBRM_28_2340",0.106620929128686,0.512386596321632,4.0804728567969,0.125570396937733,0.900071997253288,NA
"LBRM_28_2350",0,NA,NA,NA,NA,NA
"LBRM_28_2360",0,NA,NA,NA,NA,NA
"LBRM_28_2370",0,NA,NA,NA,NA,NA
"LBRM_28_2380",0.10866148091832,0.512386596321631,4.0804728567969,0.125570396937733,0.900071997253288,NA
"LBRM_28_2390",0.10866148091832,0.512386596321631,4.0804728567969,0.125570396937733,0.900071997253288,NA
"LBRM_28_2400",0.72014895925492,3.43948944334506,3.11039865378382,1.10580341177839,0.268811617980153,NA
"LBRM_28_2401",0,NA,NA,NA,NA,NA
"LBRM_28_2410",3.5665091316672,0.869518834181778,1.21105871958481,0.717982390217941,0.472768144874334,0.97845571662501
"LBRM_28_2420",0.331959981900109,1.61408529533901,4.06349235823931,0.397216274337571,0.691207982142509,NA
"LBRM_28_2430",0.378868668650543,1.9850001311204,3.95440054501736,0.501972450317799,0.615686900261154,NA
"LBRM_28_2440",0,NA,NA,NA,NA,NA
"LBRM_28_2450",0,NA,NA,NA,NA,NA
"LBRM_28_2460",0.375887642832207,3.14688176220709,3.93733525674645,0.799241506502413,0.42415038880027,NA
"LBRM_28_2470",0.106620929128686,0.512386596321632,4.0804728567969,0.125570396937733,0.900071997253288,NA
"LBRM_28_2480",0.383863055647709,0.204738946669101,3.92149544373455,0.0522094057245985,0.95836183847219,NA
"LBRM_28_2490",0.150548590060784,2.36802554841367,4.07009331419134,0.581811119700128,0.560693913243612,NA
"LBRM_28_2500",0,NA,NA,NA,NA,NA
"LBRM_28_2510",0,NA,NA,NA,NA,NA
"LBRM_28_2520",0.225339052771423,2.57585470100848,4.06349269559957,0.633901644218018,0.526145012480435,NA
"LBRM_28_2530",0.184392417657661,-0.322972510444289,4.04440056163657,-0.0798567069513009,0.936351222660643,NA
"LBRM_28_2540",0,NA,NA,NA,NA,NA
"LBRM_28_2550",0,NA,NA,NA,NA,NA
"LBRM_28_2560",0,NA,NA,NA,NA,NA
"LBRM_28_2570",0,NA,NA,NA,NA,NA
"LBRM_28_2580",0.225339052771423,2.57585470100848,4.06349269559957,0.633901644218018,0.526145012480435,NA
"LBRM_28_2590",1.02027847473698,4.16491545285351,2.73941895978004,1.52036454226335,0.128419380876531,0.786201095137236
"LBRM_28_2600",0.150548590060784,2.36802554841367,4.07009331419134,0.581811119700128,0.560693913243612,NA
"LBRM_28_2610",0.0777714885289751,0.512386596321632,4.0804728567969,0.125570396937733,0.900071997253288,NA
"LBRM_28_2620",0,NA,NA,NA,NA,NA
"LBRM_28_2630",0,NA,NA,NA,NA,NA
"LBRM_28_2640",0,NA,NA,NA,NA,NA
"LBRM_28_2650",0,NA,NA,NA,NA,NA
"LBRM_28_2660",0,NA,NA,NA,NA,NA
"LBRM_28_2661",0.593210604668846,1.15726037556781,3.07842132160889,0.375926572313041,0.706971485189533,NA
"LBRM_28_2670",0,NA,NA,NA,NA,NA
"LBRM_28_2680",0.10866148091832,0.512386596321631,4.0804728567969,0.125570396937733,0.900071997253288,NA
"LBRM_28_2690",0,NA,NA,NA,NA,NA
"LBRM_28_2700",0.150548590060784,2.36802554841367,4.07009331419134,0.581811119700128,0.560693913243612,NA
"LBRM_28_2710",0.0777714885289751,0.512386596321632,4.0804728567969,0.125570396937733,0.900071997253288,NA
"LBRM_28_2720",0,NA,NA,NA,NA,NA
"LBRM_28_2730",0.647371857723111,1.59621171071338,3.3100321613617,0.482234501932067,0.629639369888605,NA
"LBRM_28_2740",0.828810440173239,2.44968735264397,2.80114695481242,0.874530109330881,0.381829630473633,NA
"LBRM_28_2750",0.526436232892991,3.5231320871403,3.43421411862938,1.0258917951646,0.304942590521467,NA
"LBRM_28_2760",0.407718109250254,1.98689895994212,3.84338000175693,0.516966565635935,0.605179498552988,NA
"LBRM_28_2770",0,NA,NA,NA,NA,NA
"LBRM_28_2780",0.150548590060784,2.36802554841367,4.07009331419134,0.581811119700128,0.560693913243612,NA
"LBRM_28_2790",0.453659131361182,2.18767694246641,3.40299717706313,0.642867692401212,0.520309954570993,NA
"LBRM_28_2800",0.822471157287308,0.61282810867937,2.48698017563486,0.246414553152974,0.805361341717338,NA
"LBRM_28_2810",0,NA,NA,NA,NA,NA
"LBRM_28_2820",1.15147730397988,1.55760479208841,2.22863114590974,0.698906499151783,0.484610465621723,0.97845571662501
"LBRM_28_2830",0.15554297705795,-0.121015899195086,4.06395245618752,-0.0297778826154414,0.976244198059474,NA
"LBRM_28_2840",0.903600902883878,2.66437570759425,2.73133055819798,0.975486361252477,0.329319063767457,NA
"LBRM_28_2850",2.4167022108774,-0.0382918996495241,1.66353786442015,-0.0230183517120431,0.981635634277893,0.994222666692539
"LBRM_28_2860",2.14946898631381,-0.884904786938541,1.64588402056173,-0.537647109932163,0.590820699900899,0.97845571662501
"LBRM_28_2870",1.23256637145717,0.122001659143256,2.24581452800888,0.054324013680427,0.956677017648554,0.991984329142841
"LBRM_28_2880",0.780584048144844,-0.183386960069555,2.52161003680608,-0.0727261382183569,0.942024048330089,NA
"LBRM_28_2890",1.22626776669052,1.66131992964608,2.15705342957744,0.770180240723813,0.441192983198147,0.97845571662501
"LBRM_28_2900",4.89822709869982,-0.337500266232485,1.07802750406682,-0.313072036621774,0.754225933491096,0.97845571662501
"LBRM_28_2910",2.48429813106901,0.117721461151816,1.45772627026202,0.0807569044705879,0.935635281326961,0.983459365169361
"LBRM_28_2920",1.37321085987606,-0.284745351680989,2.16419915925514,-0.131570770861491,0.895323805973355,0.97845571662501
"LBRM_28_2930",0.213241858257373,-0.509664860242396,4.0279820436031,-0.126531065611825,0.899311559853632,NA
"LBRM_28_2940",4.14789455056064,1.15248037057319,1.12512663758468,1.02431169263508,0.305688076910088,0.939506005256609
"LBRM_28_2950",5.11768845396256,0.829283584621475,1.0181590796086,0.814493138872037,0.415362501195197,0.97845571662501
"LBRM_28_2960",0.558266699311038,2.41907671009906,3.40563983209507,0.710314898041024,0.477508883258517,NA
"LBRM_28_2970",0.0777714885289751,0.512386596321632,4.0804728567969,0.125570396937733,0.900071997253288,NA
"LBRM_28_2980",2.2759962785872,-0.511596055998785,1.68363953376666,-0.303863176017397,0.76123213332607,0.97845571662501
"LBRM_28_2990",4.53811279828257,1.57451590542756,1.18117242641905,1.33301105766667,0.182528175077937,0.898083413573653
"LBRM_28_3000",0.217322961836639,-0.533674641665669,4.02601547254019,-0.132556530223405,0.894544112800906,NA
"LBRM_28_3010",0.186432969447295,-0.33622145367943,4.04316669949863,-0.083157949861707,0.933725948031842,NA
"LBRM_28_3020",0.293053898575981,-0.981973165309184,3.95663099556679,-0.248184166380296,0.803991916578278,NA
"LBRM_28_3030",0.363790448318157,0.384202583767737,4.01746610834674,0.0956330615881272,0.923812006182448,NA
"LBRM_28_3040",1.11254403004495,0.117504068579051,2.05651978524215,0.0571373392185553,0.95443579259882,0.991984329142841
"LBRM_28_3050",0.409731470429084,0.766215052256748,3.52755227934135,0.21720870212016,0.828045703264168,NA
"LBRM_28_3060",0.301097180121568,2.94536147983492,4.04378005220696,0.728368368657302,0.466388120880344,NA
"LBRM_28_3070",0,NA,NA,NA,NA,NA
"LBRM_28_3080",0.215282410047006,-0.521705569758801,4.02699186999459,-0.129552178549469,0.896920740266371,NA
"LBRM_28_3090",2.65885431581486,0.698769739027574,1.45128781996624,0.48148253531393,0.630173589357769,0.97845571662501
"LBRM_28_3100",0,NA,NA,NA,NA,NA
"LBRM_28_3110",0.407718109250254,1.98689895994212,3.84338000175693,0.516966565635935,0.605179498552988,NA
"LBRM_28_3120",0,NA,NA,NA,NA,NA
"LBRM_28_3130",0.334000533689742,1.61408529533901,4.06349235823931,0.397216274337571,0.691207982142509,NA
"LBRM_28_3140",0.106620929128686,0.512386596321632,4.0804728567969,0.125570396937733,0.900071997253288,NA
"LBRM_28_3150",0,NA,NA,NA,NA,NA
"LBRM_28_3160",0.225339052771423,2.57585470100848,4.06349269559957,0.633901644218018,0.526145012480435,NA
"LBRM_28_3170",0,NA,NA,NA,NA,NA
"LBRM_28_3180",0,NA,NA,NA,NA,NA
"LBRM_28_3190",0.259210070979104,1.40625154395371,4.07009308958569,0.345508447350243,0.729712160779994,NA
"LBRM_28_3200",0.0777714885289751,0.512386596321632,4.0804728567969,0.125570396937733,0.900071997253288,NA
"LBRM_28_3210",0,NA,NA,NA,NA,NA
"LBRM_28_3220",0,NA,NA,NA,NA,NA
"LBRM_28_3230",0,NA,NA,NA,NA,NA
"LBRM_28_3240",0,NA,NA,NA,NA,NA
"LBRM_29_0010",4.32682029063099,-0.153465467863368,1.15923345764775,-0.132385298967105,0.894679542054928,0.97845571662501
"LBRM_29_0020",0.0777714885289751,0.512386596321632,4.0804728567969,0.125570396937733,0.900071997253288,NA
"LBRM_29_0030",0.560280060489868,1.34977552819926,2.9268762572445,0.461165901653117,0.644679583493499,NA
"LBRM_29_0040",0.440621462818429,0.57464025758787,3.43492684945294,0.167293302819357,0.867139273458387,NA
"LBRM_29_0050",0,NA,NA,NA,NA,NA
"LBRM_29_0060",0,NA,NA,NA,NA,NA
"LBRM_29_0070",0.26420445797627,-0.845932859173047,4.00312810314672,-0.21131795870037,0.832639170313903,NA
"LBRM_29_0080",0,NA,NA,NA,NA,NA
"LBRM_29_0090",0,NA,NA,NA,NA,NA
"LBRM_29_0100",0,NA,NA,NA,NA,NA
"LBRM_29_0110",0.0777714885289751,0.512386596321632,4.0804728567969,0.125570396937733,0.900071997253288,NA
"LBRM_29_0120",0.10866148091832,0.512386596321631,4.0804728567969,0.125570396937733,0.900071997253288,NA
"LBRM_29_0130",0.647371857723111,1.59621171071338,3.3100321613617,0.482234501932067,0.629639369888605,NA
"LBRM_29_0140",0.10866148091832,0.512386596321631,4.0804728567969,0.125570396937733,0.900071997253288,NA
"LBRM_29_0150",0,NA,NA,NA,NA,NA
"LBRM_29_0160",0.303110541300398,1.61408529533901,4.06349235823931,0.397216274337571,0.691207982142509,NA
"LBRM_29_0170",0,NA,NA,NA,NA,NA
"LBRM_29_0180",0.10866148091832,0.512386596321631,4.0804728567969,0.125570396937733,0.900071997253288,NA
"LBRM_29_0190",0,NA,NA,NA,NA,NA
"LBRM_29_0200",0.453659131361182,2.18767694246641,3.40299717706313,0.642867692401212,0.520309954570993,NA
"LBRM_29_0210",0,NA,NA,NA,NA,NA
"LBRM_29_0220",0,NA,NA,NA,NA,NA
"LBRM_29_0230",0.450678105542845,3.32271092996418,4.01688493769328,0.827185986530216,0.408131653169535,NA
"LBRM_29_0240",0,NA,NA,NA,NA,NA
"LBRM_29_0250",0.928124421776488,0.148800323804473,2.38074861610661,0.0625014849521642,0.950163479432999,NA
"LBRM_29_0260",0,NA,NA,NA,NA,NA
"LBRM_29_0270",0.291013346786348,-0.973012266528396,3.99510687890662,-0.243550997763216,0.807578583630658,NA
"LBRM_29_0280",0,NA,NA,NA,NA,NA
"LBRM_29_0290",0.228320078589759,1.40625154395371,4.07009308958569,0.345508447350244,0.729712160779994,NA
"LBRM_29_0300",0.10866148091832,0.512386596321631,4.0804728567969,0.125570396937733,0.900071997253288,NA
"LBRM_29_0310",0,NA,NA,NA,NA,NA
"LBRM_29_0320",0,NA,NA,NA,NA,NA
"LBRM_29_0330",0,NA,NA,NA,NA,NA
"LBRM_29_0340",0,NA,NA,NA,NA,NA
"LBRM_29_0350",0,NA,NA,NA,NA,NA
"LBRM_29_0360",0,NA,NA,NA,NA,NA
"LBRM_29_0370",0,NA,NA,NA,NA,NA
"LBRM_29_0380",0.10866148091832,0.512386596321631,4.0804728567969,0.125570396937733,0.900071997253288,NA
"LBRM_29_0390",0.301097180121568,2.94536147983492,4.04378005220696,0.728368368657302,0.466388120880344,NA
"LBRM_29_0400",0,NA,NA,NA,NA,NA
"LBRM_29_0410",0.150548590060784,2.36802554841367,4.07009331419134,0.581811119700128,0.560693913243612,NA
"LBRM_29_0420",0,NA,NA,NA,NA,NA
"LBRM_29_0430",0,NA,NA,NA,NA,NA
"LBRM_29_0440",0,NA,NA,NA,NA,NA
"LBRM_29_0450",0,NA,NA,NA,NA,NA
"LBRM_29_0460",0,NA,NA,NA,NA,NA
"LBRM_29_0470",1.16372425728088,0.773786547926045,2.26610036934037,0.341461727995429,0.732756011992347,0.97845571662501
"LBRM_29_0480",0.0777714885289751,0.512386596321632,4.0804728567969,0.125570396937733,0.900071997253288,NA
"LBRM_29_0490",0,NA,NA,NA,NA,NA
"LBRM_29_0500",0,NA,NA,NA,NA,NA
"LBRM_29_0510",0.106620929128686,0.512386596321632,4.0804728567969,0.125570396937733,0.900071997253288,NA
"LBRM_29_0520",0.150548590060784,2.36802554841367,4.07009331419134,0.581811119700128,0.560693913243612,NA
"LBRM_29_0530",0,NA,NA,NA,NA,NA
"LBRM_29_0540",0,NA,NA,NA,NA,NA
"LBRM_29_0550",0,NA,NA,NA,NA,NA
"LBRM_29_0560",0,NA,NA,NA,NA,NA
"LBRM_29_0570",0.10866148091832,0.512386596321631,4.0804728567969,0.125570396937733,0.900071997253288,NA
"LBRM_29_0580",0.150548590060784,2.36802554841367,4.07009331419134,0.581811119700128,0.560693913243612,NA
"LBRM_29_0590",0.186432969447295,-0.33622145367943,4.04316669949863,-0.083157949861707,0.933725948031842,NA
"LBRM_29_0600",0.569600369194135,2.56902019336441,3.72121552354445,0.690371244855345,0.489960754983094,NA
"LBRM_29_0610",0.259210070979104,1.40625154395371,4.07009308958569,0.345508447350243,0.729712160779994,NA
"LBRM_29_0620",0.0777714885289751,0.512386596321632,4.0804728567969,0.125570396937733,0.900071997253288,NA
"LBRM_29_0630",0.10866148091832,0.512386596321631,4.0804728567969,0.125570396937733,0.900071997253288,NA
"LBRM_29_0640",0,NA,NA,NA,NA,NA
"LBRM_29_0650",0,NA,NA,NA,NA,NA
"LBRM_29_0660",0.150548590060784,2.36802554841367,4.07009331419134,0.581811119700128,0.560693913243612,NA
"LBRM_29_0670",0.977073660316555,0.462841843086739,2.31907627128062,0.199580259096504,0.84180886811886,0.97845571662501
"LBRM_29_0680",0,NA,NA,NA,NA,NA
"LBRM_29_0690",0.341975946505245,-1.21925835011793,3.98139526061418,-0.306238961546823,0.759422709459565,NA
"LBRM_29_0700",0.0777714885289751,0.512386596321632,4.0804728567969,0.125570396937733,0.900071997253288,NA
"LBRM_29_0710",0.225339052771423,2.57585470100848,4.06349269559957,0.633901644218018,0.526145012480435,NA
"LBRM_29_0720",0.150548590060784,2.36802554841367,4.07009331419134,0.581811119700128,0.560693913243612,NA
"LBRM_29_0730",0,NA,NA,NA,NA,NA
"LBRM_29_0740",0,NA,NA,NA,NA,NA
"LBRM_29_0750",0.301097180121568,2.94536147983492,4.04378005220696,0.728368368657302,0.466388120880344,NA
"LBRM_29_0760",0.10866148091832,0.512386596321631,4.0804728567969,0.125570396937733,0.900071997253288,NA
"LBRM_29_0770",0.887177786662727,-1.1072072712989,2.42460284624228,-0.456655106635249,0.647918963545683,NA
"LBRM_29_0780",1.19326935378146,-0.787723109558807,2.05140703171999,-0.383991620082507,0.700984658488511,0.97845571662501
"LBRM_29_0790",0,NA,NA,NA,NA,NA
"LBRM_29_0800",0,NA,NA,NA,NA,NA
"LBRM_29_0810",0.0777714885289751,0.512386596321632,4.0804728567969,0.125570396937733,0.900071997253288,NA
"LBRM_29_0820",0.225339052771423,2.57585470100848,4.06349269559957,0.633901644218018,0.526145012480435,NA
"LBRM_29_0830",0.826565748375052,4.03211686259874,2.91222564262605,1.38454823128432,0.166190650426244,NA
"LBRM_29_0840",0.68399257112977,1.13890330610171,3.13874196594909,0.362853435694046,0.71671437233645,NA
"LBRM_29_0850",0,NA,NA,NA,NA,NA
"LBRM_29_0860",0.569600369194135,2.56902019336441,3.72121552354445,0.690371244855345,0.489960754983094,NA
"LBRM_29_0870",0,NA,NA,NA,NA,NA
"LBRM_29_0880",0.570296025095004,-0.623819662110156,3.08727438960962,-0.202061619210024,0.839868552365944,NA
"LBRM_29_0890",0,NA,NA,NA,NA,NA
"LBRM_29_0900",0,NA,NA,NA,NA,NA
"LBRM_29_0910",0,NA,NA,NA,NA,NA
"LBRM_29_0920",0.106620929128686,0.512386596321632,4.0804728567969,0.125570396937733,0.900071997253288,NA
"LBRM_29_0930",0.217322961836639,-0.533674641665669,4.02601547254019,-0.132556530223405,0.894544112800906,NA
"LBRM_29_0940",0.10866148091832,0.512386596321631,4.0804728567969,0.125570396937733,0.900071997253288,NA
"LBRM_29_0950",0.647371857723111,1.59621171071338,3.3100321613617,0.482234501932067,0.629639369888605,NA
"LBRM_29_0960",0.785646303872094,2.87261491553564,2.78540630932455,1.03130911491051,0.302395885305479,NA
"LBRM_29_0970",0,NA,NA,NA,NA,NA
"LBRM_29_0980",0.0777714885289751,0.512386596321632,4.0804728567969,0.125570396937733,0.900071997253288,NA
"LBRM_29_0990",0,NA,NA,NA,NA,NA
"LBRM_29_1000",1.27408973685886,1.04427014545912,2.0975305694046,0.497856937434547,0.618584881097823,0.97845571662501
"LBRM_29_1010",0.370825387104956,-1.32784186481398,3.58695565306301,-0.370186306507606,0.711243678831557,NA
"LBRM_29_1020",0.826769888383606,2.44990725715277,2.80329475323734,0.873938516213301,0.38215173783949,NA
"LBRM_29_1030",0,NA,NA,NA,NA,NA
"LBRM_29_1040",0.225339052771423,2.57585470100848,4.06349269559957,0.633901644218018,0.526145012480435,NA
"LBRM_29_1050",0.787659665050924,1.85552030894077,2.60010615977065,0.713632519183157,0.475454443590802,NA
"LBRM_29_1060",0.375887642832207,3.14688176220709,3.93733525674645,0.799241506502413,0.42415038880027,NA
"LBRM_29_1070",0.0777714885289751,0.512386596321632,4.0804728567969,0.125570396937733,0.900071997253288,NA
"LBRM_29_1080",0.106620929128686,0.512386596321632,4.0804728567969,0.125570396937733,0.900071997253288,NA
"LBRM_29_1090",0,NA,NA,NA,NA,NA
"LBRM_29_1100",0.36583100010779,0.37730783828149,3.68378700877705,0.102423901648632,0.918420212664091,NA
"LBRM_29_1110",0.25716951918947,1.40625154395371,4.07009308958569,0.345508447350243,0.729712160779994,NA
"LBRM_29_1120",0.336981559508079,0.558142011562438,3.79863620897194,0.146932209576735,0.883185528260993,NA
"LBRM_29_1130",0.331959981900109,1.61408529533901,4.06349235823931,0.397216274337571,0.691207982142509,NA
"LBRM_29_1140",0,NA,NA,NA,NA,NA
"LBRM_29_1150",0,NA,NA,NA,NA,NA
"LBRM_29_1160",0.25716951918947,1.40625154395371,4.07009308958569,0.345508447350243,0.729712160779994,NA
"LBRM_29_1170",0,NA,NA,NA,NA,NA
"LBRM_29_1180",0,NA,NA,NA,NA,NA
"LBRM_29_1190",0.150548590060784,2.36802554841367,4.07009331419134,0.581811119700128,0.560693913243612,NA
"LBRM_29_1200",0.303110541300398,1.61408529533901,4.06349235823931,0.397216274337571,0.691207982142509,NA
"LBRM_29_1210",0,NA,NA,NA,NA,NA
"LBRM_29_1220",0.303110541300398,1.61408529533901,4.06349235823931,0.397216274337571,0.691207982142509,NA
"LBRM_29_1230",0.828810440173239,2.44968735264397,2.80114695481242,0.874530109330881,0.381829630473633,NA
"LBRM_29_1240",0.106620929128686,0.512386596321632,4.0804728567969,0.125570396937733,0.900071997253288,NA
"LBRM_29_1250",0.10866148091832,0.512386596321631,4.0804728567969,0.125570396937733,0.900071997253288,NA
"LBRM_29_1260",0.484549123750526,2.18815698437253,3.32455332860874,0.658180744325201,0.510421996464077,NA
"LBRM_29_1270",0.15554297705795,-0.121015899195086,4.06395245618752,-0.0297778826154414,0.976244198059474,NA
"LBRM_29_1280",0.0777714885289751,0.512386596321632,4.0804728567969,0.125570396937733,0.900071997253288,NA
"LBRM_29_1290",0,NA,NA,NA,NA,NA
"LBRM_29_1300",0.0777714885289751,0.512386596321632,4.0804728567969,0.125570396937733,0.900071997253288,NA
"LBRM_29_1310",1.70450237648611,2.20869016895431,1.99630942552024,1.10638668571067,0.268559185838975,0.911448662524806
"LBRM_29_1320",1.05508996697336,2.06722367756554,2.39300243918193,0.863861918282139,0.387663748765017,0.97845571662501
"LBRM_29_1330",0.303110541300398,1.61408529533901,4.06349235823931,0.397216274337571,0.691207982142509,NA
"LBRM_29_1340",0.106620929128686,0.512386596321632,4.0804728567969,0.125570396937733,0.900071997253288,NA
"LBRM_29_1350",0,NA,NA,NA,NA,NA
"LBRM_29_1360",0.26420445797627,-0.845932859173047,4.00312810314672,-0.21131795870037,0.832639170313903,NA
"LBRM_29_1370",0.52137397716574,-0.429612247527212,2.94753201159764,-0.14575320839157,0.88411621561381,NA
"LBRM_29_1380",0,NA,NA,NA,NA,NA
"LBRM_29_1390",0.945488012026342,4.03915708245817,2.63014996729183,1.53571360290803,0.124608637341088,0.786201095137236
"LBRM_29_1400",0,NA,NA,NA,NA,NA
"LBRM_29_1410",0.301097180121568,2.94536147983492,4.04378005220696,0.728368368657302,0.466388120880344,NA
"LBRM_29_1430",0,NA,NA,NA,NA,NA
"LBRM_29_1440",0,NA,NA,NA,NA,NA
"LBRM_29_1450",0.259210070979104,1.40625154395371,4.07009308958569,0.345508447350243,0.729712160779994,NA
"LBRM_29_1460",0.106620929128686,0.512386596321632,4.0804728567969,0.125570396937733,0.900071997253288,NA
"LBRM_29_1470",0.225339052771423,2.57585470100848,4.06349269559957,0.633901644218018,0.526145012480435,NA
"LBRM_29_1480",0.569600369194135,2.56902019336441,3.72121552354445,0.690371244855345,0.489960754983094,NA
"LBRM_29_1490",29.8500005605901,-0.0980779861017344,0.471598720843094,-0.207969152092688,0.835253053787298,0.97845571662501
"LBRM_29_1500",0,NA,NA,NA,NA,NA
"LBRM_29_1510",0.375887642832207,3.14688176220709,3.93733525674645,0.799241506502413,0.42415038880027,NA
"LBRM_29_1520",3.11769184622066,0.258920963367368,1.30115163489537,0.198993688685783,0.842267681567686,0.97845571662501
"LBRM_29_1530",2.10939164038479,0.604436928576318,1.59097771970784,0.379915394847462,0.704008219222325,0.97845571662501
"LBRM_29_1540",1.79835674315175,-1.56411103594623,1.8007579221091,-0.868584842383641,0.385074248099701,0.97845571662501
"LBRM_29_1550",0.886264503244827,-0.0866592678037017,2.30009700305986,-0.037676353513968,0.969945729769584,NA
"LBRM_29_1560",0.715850228158622,1.07017216754736,2.82744461968759,0.378494475221801,0.705063297192577,NA
"LBRM_29_1570",0,NA,NA,NA,NA,NA
"LBRM_29_1580",0.508336308622987,-1.77224450007701,3.16707393716264,-0.559584188825332,0.575763092013628,NA
"LBRM_29_1590",0.853361149676653,0.517955179826313,2.46113918097887,0.210453428976864,0.83331379594506,NA
"LBRM_29_1600",0.228320078589759,1.40625154395371,4.07009308958569,0.345508447350244,0.729712160779994,NA
"LBRM_29_1610",0.0777714885289751,0.512386596321632,4.0804728567969,0.125570396937733,0.900071997253288,NA
"LBRM_29_1620",0.306091567118734,0.772849864308764,4.05352984767767,0.190660953132377,0.848791232320037,NA
"LBRM_29_1630",0.15554297705795,-0.121015899195086,4.06395245618752,-0.0297778826154414,0.976244198059474,NA
"LBRM_29_1640",0,NA,NA,NA,NA,NA
"LBRM_29_1650",0,NA,NA,NA,NA,NA
"LBRM_29_1660",0.217322961836639,-0.533674641665669,4.02601547254019,-0.132556530223405,0.894544112800906,NA
"LBRM_29_1670",0,NA,NA,NA,NA,NA
"LBRM_29_1680",0.971315748688436,-0.372451183803182,2.46508734112752,-0.151090461416602,0.879904356807824,0.97845571662501
"LBRM_29_1690",0,NA,NA,NA,NA,NA
"LBRM_29_1700",0.0777714885289751,0.512386596321632,4.0804728567969,0.125570396937733,0.900071997253288,NA
"LBRM_29_1710",0,NA,NA,NA,NA,NA
"LBRM_29_1720",0,NA,NA,NA,NA,NA
"LBRM_29_1730",0.518392951347404,0.0965461764559848,2.97752437417506,0.0324249827451819,0.97413313961054,NA
"LBRM_29_1740",0.10866148091832,0.512386596321631,4.0804728567969,0.125570396937733,0.900071997253288,NA
"LBRM_29_1750",0.150548590060784,2.36802554841367,4.07009331419134,0.581811119700128,0.560693913243612,NA
"LBRM_29_1760",0,NA,NA,NA,NA,NA
"LBRM_29_1770",0,NA,NA,NA,NA,NA
"LBRM_29_1780",0.10866148091832,0.512386596321631,4.0804728567969,0.125570396937733,0.900071997253288,NA
"LBRM_29_1790",0.397634275915034,-1.42140191939976,3.83273587958389,-0.370858301760692,0.710743074256136,NA
"LBRM_29_1800",0,NA,NA,NA,NA,NA
"LBRM_29_1810",0.331959981900109,1.61408529533901,4.06349235823931,0.397216274337571,0.691207982142509,NA
"LBRM_29_1820",0,NA,NA,NA,NA,NA
"LBRM_29_1830",0,NA,NA,NA,NA,NA
"LBRM_29_1840",0.186432969447295,-0.33622145367943,4.04316669949863,-0.083157949861707,0.933725948031842,NA
"LBRM_29_1850",0.225339052771423,2.57585470100848,4.06349269559957,0.633901644218018,0.526145012480435,NA
"LBRM_29_1860",0.10866148091832,0.512386596321631,4.0804728567969,0.125570396937733,0.900071997253288,NA
"LBRM_29_1870",0.25716951918947,1.40625154395371,4.07009308958569,0.345508447350243,0.729712160779994,NA
"LBRM_29_1880",0.215282410047006,-0.521705569758801,4.02699186999459,-0.129552178549469,0.896920740266371,NA
"LBRM_29_1890",0,NA,NA,NA,NA,NA
"LBRM_29_1900",0,NA,NA,NA,NA,NA
"LBRM_29_1910",0,NA,NA,NA,NA,NA
"LBRM_29_1920",0,NA,NA,NA,NA,NA
"LBRM_29_1930",0.150548590060784,2.36802554841367,4.07009331419134,0.581811119700128,0.560693913243612,NA
"LBRM_29_1931",0.228320078589759,1.40625154395371,4.07009308958569,0.345508447350244,0.729712160779994,NA
"LBRM_29_1940",0.306091567118734,0.772849864308764,4.05352984767767,0.190660953132377,0.848791232320037,NA
"LBRM_29_1950",0,NA,NA,NA,NA,NA
"LBRM_29_1960",0.10866148091832,0.512386596321631,4.0804728567969,0.125570396937733,0.900071997253288,NA
"LBRM_29_1970",0,NA,NA,NA,NA,NA
"LBRM_29_1980",0,NA,NA,NA,NA,NA
"LBRM_29_1990",0.150548590060784,2.36802554841367,4.07009331419134,0.581811119700128,0.560693913243612,NA
"LBRM_29_2000",0,NA,NA,NA,NA,NA
"LBRM_29_2010",1.01022183201256,1.62891556786662,2.45833146844957,0.662610225176003,0.507580219704872,0.97845571662501
"LBRM_29_2020",0.569600369194135,2.56902019336441,3.72121552354445,0.690371244855345,0.489960754983094,NA
"LBRM_29_2030",0.106620929128686,0.512386596321632,4.0804728567969,0.125570396937733,0.900071997253288,NA
"LBRM_29_2040",0,NA,NA,NA,NA,NA
"LBRM_29_2050",0,NA,NA,NA,NA,NA
"LBRM_29_2060",0,NA,NA,NA,NA,NA
"LBRM_29_2070",0.334941007718446,0.571059908719948,3.80738004106996,0.14998762996075,0.880774374718182,NA
"LBRM_29_2080",0.409758661039888,1.98703088806636,3.83602284252577,0.517992454590814,0.604463533839926,NA
"LBRM_29_2090",0.891503708369828,-0.0263619537187502,2.72349248465274,-0.00967946629825619,0.992277023880932,NA
"LBRM_29_2100",0,NA,NA,NA,NA,NA
"LBRM_29_2110",0,NA,NA,NA,NA,NA
"LBRM_29_2120",0.303110541300398,1.61408529533901,4.06349235823931,0.397216274337571,0.691207982142509,NA
"LBRM_29_2130",0,NA,NA,NA,NA,NA
"LBRM_29_2140",0,NA,NA,NA,NA,NA
"LBRM_29_2150",0,NA,NA,NA,NA,NA
"LBRM_29_2160",0.215282410047006,-0.521705569758801,4.02699186999459,-0.129552178549469,0.896920740266371,NA
"LBRM_29_2170",0.15554297705795,-0.121015899195086,4.06395245618752,-0.0297778826154414,0.976244198059474,NA
"LBRM_29_2180",0.106620929128686,0.512386596321632,4.0804728567969,0.125570396937733,0.900071997253288,NA
"LBRM_29_2190",0.409758661039888,1.98703088806636,3.83602284252577,0.517992454590814,0.604463533839926,NA
"LBRM_29_2200",0,NA,NA,NA,NA,NA
"LBRM_29_2210",0,NA,NA,NA,NA,NA
"LBRM_29_2220",0.375887642832207,3.14688176220709,3.93733525674645,0.799241506502413,0.42415038880027,NA
"LBRM_29_2230",0.828810440173239,2.44968735264397,2.80114695481242,0.874530109330881,0.381829630473633,NA
"LBRM_29_2240",0,NA,NA,NA,NA,NA
"LBRM_29_2250",0,NA,NA,NA,NA,NA
"LBRM_29_2260",0,NA,NA,NA,NA,NA
"LBRM_29_2270",0.301097180121568,2.94536147983492,4.04378005220696,0.728368368657302,0.466388120880344,NA
"LBRM_29_2280",0,NA,NA,NA,NA,NA
"LBRM_29_2290",0.10866148091832,0.512386596321631,4.0804728567969,0.125570396937733,0.900071997253288,NA
"LBRM_29_2300",0,NA,NA,NA,NA,NA
"LBRM_29_2310",0.10866148091832,0.512386596321631,4.0804728567969,0.125570396937733,0.900071997253288,NA
"LBRM_29_2320",1.27917918319691,4.70037092353596,2.48637736190905,1.89044953334316,0.0586978640459238,0.723182816206057
"LBRM_29_2330",0.334941007718446,0.571059908719948,3.80738004106996,0.14998762996075,0.880774374718182,NA
"LBRM_29_2340",0.441561936847132,-0.0755863754738768,3.40471935311889,-0.0222004716496342,0.982288041362266,NA
"LBRM_29_2350",0,NA,NA,NA,NA,NA
"LBRM_29_2360",0,NA,NA,NA,NA,NA
"LBRM_29_2370",0.225339052771423,2.57585470100848,4.06349269559957,0.633901644218018,0.526145012480435,NA
"LBRM_29_2380",0,NA,NA,NA,NA,NA
"LBRM_29_2390",0.15554297705795,-0.121015899195086,4.06395245618752,-0.0297778826154414,0.976244198059474,NA
"LBRM_29_2400",0.225339052771423,2.57585470100848,4.06349269559957,0.633901644218018,0.526145012480435,NA
"LBRM_29_2410",0.378868668650543,1.9850001311204,3.95440054501736,0.501972450317799,0.615686900261154,NA
"LBRM_29_2420",0,NA,NA,NA,NA,NA
"LBRM_29_2430",0,NA,NA,NA,NA,NA
"LBRM_29_2440",0.606221082600795,1.70968782344766,3.31338427566866,0.515994427812825,0.605858301010999,NA
"LBRM_29_2450",0,NA,NA,NA,NA,NA
"LBRM_29_2460",0,NA,NA,NA,NA,NA
"LBRM_29_2470",0.306091567118734,0.772849864308764,4.05352984767767,0.190660953132377,0.848791232320037,NA
"LBRM_29_2480",0.0777714885289751,0.512386596321632,4.0804728567969,0.125570396937733,0.900071997253288,NA
"LBRM_29_2490",0.150548590060784,2.36802554841367,4.07009331419134,0.581811119700128,0.560693913243612,NA
"LBRM_29_2500",0,NA,NA,NA,NA,NA
"LBRM_29_2510",0,NA,NA,NA,NA,NA
"LBRM_29_2520",0,NA,NA,NA,NA,NA
"LBRM_29_2530",1.13920073838827,4.32272944599793,3.98264050920487,1.08539282820205,0.277747707443976,0.911448662524806
"LBRM_29_2540",0.0777714885289751,0.512386596321632,4.0804728567969,0.125570396937733,0.900071997253288,NA
"LBRM_29_2550",0,NA,NA,NA,NA,NA
"LBRM_29_2560",0,NA,NA,NA,NA,NA
"LBRM_29_2570",0.225339052771423,2.57585470100848,4.06349269559957,0.633901644218018,0.526145012480435,NA
"LBRM_29_2580",0.10866148091832,0.512386596321631,4.0804728567969,0.125570396937733,0.900071997253288,NA
"LBRM_29_2590",0.0777714885289751,0.512386596321632,4.0804728567969,0.125570396937733,0.900071997253288,NA
"LBRM_29_2600",0.441561936847132,-0.0755863754738768,3.40471935311889,-0.0222004716496342,0.982288041362266,NA
"LBRM_29_2610",0,NA,NA,NA,NA,NA
"LBRM_29_2620",0.184392417657661,-0.322972510444289,4.04440056163657,-0.0798567069513009,0.936351222660643,NA
"LBRM_29_2630",0,NA,NA,NA,NA,NA
"LBRM_29_2640",0.334000533689742,1.61408529533901,4.06349235823931,0.397216274337571,0.691207982142509,NA
"LBRM_29_2650",0.971315748688436,-0.372451183803182,2.46508734112752,-0.151090461416602,0.879904356807824,0.97845571662501
"LBRM_29_2660",0.569600369194135,2.56902019336441,3.72121552354445,0.690371244855345,0.489960754983094,NA
"LBRM_29_2670",0,NA,NA,NA,NA,NA
"LBRM_29_2680",0.150548590060784,2.36802554841367,4.07009331419134,0.581811119700128,0.560693913243612,NA
"LBRM_29_2690",0,NA,NA,NA,NA,NA
"LBRM_29_2700",0,NA,NA,NA,NA,NA
"LBRM_29_2710",0.777630212937311,0.803788111523023,2.98573366363407,0.269209581990879,0.787768407022026,NA
"LBRM_29_2720",0.448596875633931,-1.6064084626618,3.32883792943186,-0.482573347431176,0.629398707248538,NA
"LBRM_29_2730",0,NA,NA,NA,NA,NA
"LBRM_29_2740",0.0777714885289751,0.512386596321632,4.0804728567969,0.125570396937733,0.900071997253288,NA
"LBRM_29_2750",0.828810440173239,2.44968735264397,2.80114695481242,0.874530109330881,0.381829630473633,NA
"LBRM_29_2760",0.676017158314268,3.77421191896496,3.42559546891262,1.10176813147263,0.270562488402665,NA
"LBRM_29_2770",0,NA,NA,NA,NA,NA
"LBRM_29_2780",0.184392417657661,-0.322972510444289,4.04440056163657,-0.0798567069513009,0.936351222660643,NA
"LBRM_29_2790",0.215282410047006,-0.521705569758801,4.02699186999459,-0.129552178549469,0.896920740266371,NA
"LBRM_29_2800",0,NA,NA,NA,NA,NA
"LBRM_29_2810",0,NA,NA,NA,NA,NA
"LBRM_29_2820",0.10866148091832,0.512386596321631,4.0804728567969,0.125570396937733,0.900071997253288,NA
"LBRM_29_2830",0,NA,NA,NA,NA,NA
"LBRM_29_2840",0.215282410047006,-0.521705569758801,4.02699186999459,-0.129552178549469,0.896920740266371,NA
"LBRM_29_2850",0.150548590060784,2.36802554841367,4.07009331419134,0.581811119700128,0.560693913243612,NA
"LBRM_29_2860",0,NA,NA,NA,NA,NA
"LBRM_29_2870",0,NA,NA,NA,NA,NA
"LBRM_29_2880",0,NA,NA,NA,NA,NA
"LBRM_29_2890",0.0777714885289751,0.512386596321632,4.0804728567969,0.125570396937733,0.900071997253288,NA
"LBRM_29_2900",0.150548590060784,2.36802554841367,4.07009331419134,0.581811119700128,0.560693913243612,NA
"LBRM_29_2910",0,NA,NA,NA,NA,NA
"LBRM_30_0010",0,NA,NA,NA,NA,NA
"LBRM_30_0020",0,NA,NA,NA,NA,NA
"LBRM_30_0030",0.225339052771423,2.57585470100848,4.06349269559957,0.633901644218018,0.526145012480435,NA
"LBRM_30_0040",0.106620929128686,0.512386596321632,4.0804728567969,0.125570396937733,0.900071997253288,NA
"LBRM_30_0050",0,NA,NA,NA,NA,NA
"LBRM_30_0060",0.489543510747692,0.234112397790068,3.26909622119532,0.0716137984168808,0.942909258723042,NA
"LBRM_30_0070",0.106620929128686,0.512386596321632,4.0804728567969,0.125570396937733,0.900071997253288,NA
"LBRM_30_0080",0,NA,NA,NA,NA,NA
"LBRM_30_0090",0,NA,NA,NA,NA,NA
"LBRM_30_0100",0.150548590060784,2.36802554841367,4.07009331419134,0.581811119700128,0.560693913243612,NA
"LBRM_30_0110",0.0777714885289751,0.512386596321632,4.0804728567969,0.125570396937733,0.900071997253288,NA
"LBRM_30_0120",0.678261850112455,1.59451783523087,3.25770653029984,0.489460244623112,0.624515893587791,NA
"LBRM_30_0130",0.375887642832207,3.14688176220709,3.93733525674645,0.799241506502413,0.42415038880027,NA
"LBRM_30_0140",0,NA,NA,NA,NA,NA
"LBRM_30_0150",0,NA,NA,NA,NA,NA
"LBRM_30_0160",0.569600369194135,2.56902019336441,3.72121552354445,0.690371244855345,0.489960754983094,NA
"LBRM_30_0170",0,NA,NA,NA,NA,NA
"LBRM_30_0180",0,NA,NA,NA,NA,NA
"LBRM_30_0190",0.106620929128686,0.512386596321632,4.0804728567969,0.125570396937733,0.900071997253288,NA
"LBRM_30_0200",0,NA,NA,NA,NA,NA
"LBRM_30_0210",0,NA,NA,NA,NA,NA
"LBRM_30_0220",0.10866148091832,0.512386596321631,4.0804728567969,0.125570396937733,0.900071997253288,NA
"LBRM_30_0230",0,NA,NA,NA,NA,NA
"LBRM_30_0240",0,NA,NA,NA,NA,NA
"LBRM_30_0250",0.10866148091832,0.512386596321631,4.0804728567969,0.125570396937733,0.900071997253288,NA
"LBRM_30_0260",0.25716951918947,1.40625154395371,4.07009308958569,0.345508447350243,0.729712160779994,NA
"LBRM_30_0270",0.0777714885289751,0.512386596321632,4.0804728567969,0.125570396937733,0.900071997253288,NA
"LBRM_30_0280",0,NA,NA,NA,NA,NA
"LBRM_30_0290",0.150548590060784,2.36802554841367,4.07009331419134,0.581811119700128,0.560693913243612,NA
"LBRM_30_0300",0.451645770182352,3.36570143917267,3.99693293608688,0.842071031211195,0.39974819525179,NA
"LBRM_30_0310",0,NA,NA,NA,NA,NA
"LBRM_30_0320",0,NA,NA,NA,NA,NA
"LBRM_30_0330",0.215282410047006,-0.521705569758801,4.02699186999459,-0.129552178549469,0.896920740266371,NA
"LBRM_30_0340",0,NA,NA,NA,NA,NA
"LBRM_30_0350",0.228320078589759,1.40625154395371,4.07009308958569,0.345508447350244,0.729712160779994,NA
"LBRM_30_0360",0.0777714885289751,0.512386596321632,4.0804728567969,0.125570396937733,0.900071997253288,NA
"LBRM_30_0370",0,NA,NA,NA,NA,NA
"LBRM_30_0380",0,NA,NA,NA,NA,NA
"LBRM_30_0390",0,NA,NA,NA,NA,NA
"LBRM_30_0400",0,NA,NA,NA,NA,NA
"LBRM_30_0410",0,NA,NA,NA,NA,NA
"LBRM_30_0420",0.225339052771423,2.57585470100848,4.06349269559957,0.633901644218018,0.526145012480435,NA
"LBRM_30_0430",0,NA,NA,NA,NA,NA
"LBRM_30_0440",0.331959981900109,1.61408529533901,4.06349235823931,0.397216274337571,0.691207982142509,NA
"LBRM_30_0450",0.25716951918947,1.40625154395371,4.07009308958569,0.345508447350243,0.729712160779994,NA
"LBRM_30_0460",0.934086473413161,-0.587079753407677,2.35992326981955,-0.248770695605102,0.803538160122509,NA
"LBRM_30_0470",0,NA,NA,NA,NA,NA
"LBRM_30_0480",0,NA,NA,NA,NA,NA
"LBRM_30_0490",0.451645770182352,3.36570143917267,3.99693293608688,0.842071031211195,0.39974819525179,NA
"LBRM_30_0500",0.225339052771423,2.57585470100848,4.06349269559957,0.633901644218018,0.526145012480435,NA
"LBRM_30_0510",0.225339052771423,2.57585470100848,4.06349269559957,0.633901644218018,0.526145012480435,NA
"LBRM_30_0520",0,NA,NA,NA,NA,NA
"LBRM_30_0530",0,NA,NA,NA,NA,NA
"LBRM_30_0540",0.647371857723111,1.59621171071338,3.3100321613617,0.482234501932067,0.629639369888605,NA
"LBRM_30_0550",0,NA,NA,NA,NA,NA
"LBRM_30_0560",0.184392417657661,-0.322972510444289,4.04440056163657,-0.0798567069513009,0.936351222660643,NA
"LBRM_30_0570",0,NA,NA,NA,NA,NA
"LBRM_30_0580",0.569600369194135,2.56902019336441,3.72121552354445,0.690371244855345,0.489960754983094,NA
"LBRM_30_0590",0.233314465586925,-0.688087203449716,4.0140974204965,-0.171417664139453,0.863895366368199,NA
"LBRM_30_0600",0.150548590060784,2.36802554841367,4.07009331419134,0.581811119700128,0.560693913243612,NA
"LBRM_30_0610",0,NA,NA,NA,NA,NA
"LBRM_30_0620",0.150548590060784,2.36802554841367,4.07009331419134,0.581811119700128,0.560693913243612,NA
"LBRM_30_0630",0.569600369194135,2.56902019336441,3.72121552354445,0.690371244855345,0.489960754983094,NA
"LBRM_30_0640",0.319862787386059,-1.09975022457855,3.98776465918917,-0.275781125158515,0.78271618167723,NA
"LBRM_30_0650",0.872710910494533,2.66873039551403,2.76052586748979,0.96674710675353,0.33367047189009,NA
"LBRM_30_0660",0.10866148091832,0.512386596321631,4.0804728567969,0.125570396937733,0.900071997253288,NA
"LBRM_30_0670",0.10866148091832,0.512386596321631,4.0804728567969,0.125570396937733,0.900071997253288,NA
"LBRM_30_0680",0,NA,NA,NA,NA,NA
"LBRM_30_0690",0,NA,NA,NA,NA,NA
"LBRM_30_0700",0,NA,NA,NA,NA,NA
"LBRM_30_0710",0,NA,NA,NA,NA,NA
"LBRM_30_0720",0,NA,NA,NA,NA,NA
"LBRM_30_0730",0.150548590060784,2.36802554841367,4.07009331419134,0.581811119700128,0.560693913243612,NA
"LBRM_30_0740",0,NA,NA,NA,NA,NA
"LBRM_30_0750",0,NA,NA,NA,NA,NA
"LBRM_30_0760",0,NA,NA,NA,NA,NA
"LBRM_30_0770",0.0777714885289751,0.512386596321632,4.0804728567969,0.125570396937733,0.900071997253288,NA
"LBRM_30_0780",0.150548590060784,2.36802554841367,4.07009331419134,0.581811119700128,0.560693913243612,NA
"LBRM_30_0790",0,NA,NA,NA,NA,NA
"LBRM_30_0800",0.569600369194135,2.56902019336441,3.72121552354445,0.690371244855345,0.489960754983094,NA
"LBRM_30_0810",0,NA,NA,NA,NA,NA
"LBRM_30_0820",0.301097180121568,2.94536147983492,4.04378005220696,0.728368368657302,0.466388120880344,NA
"LBRM_30_0830",0.334000533689742,1.61408529533901,4.06349235823931,0.397216274337571,0.691207982142509,NA
"LBRM_30_0840",0.0777714885289751,0.512386596321632,4.0804728567969,0.125570396937733,0.900071997253288,NA
"LBRM_30_0850",0.794939421965558,3.66299337614718,3.01117239705661,1.21646750605436,0.223806881932692,NA
"LBRM_30_0860",0,NA,NA,NA,NA,NA
"LBRM_30_0870",0.225339052771423,2.57585470100848,4.06349269559957,0.633901644218018,0.526145012480435,NA
"LBRM_30_0880",0.15554297705795,-0.121015899195086,4.06395245618752,-0.0297778826154414,0.976244198059474,NA
"LBRM_30_0890",0.0777714885289751,0.512386596321632,4.0804728567969,0.125570396937733,0.900071997253288,NA
"LBRM_30_0900",0.225339052771423,2.57585470100848,4.06349269559957,0.633901644218018,0.526145012480435,NA
"LBRM_30_0910",0,NA,NA,NA,NA,NA
"LBRM_30_0920",0.150548590060784,2.36802554841367,4.07009331419134,0.581811119700128,0.560693913243612,NA
"LBRM_30_0930",0.0777714885289751,0.512386596321632,4.0804728567969,0.125570396937733,0.900071997253288,NA
"LBRM_30_0931",0,NA,NA,NA,NA,NA
"LBRM_30_0940",0.186432969447295,-0.33622145367943,4.04316669949863,-0.083157949861707,0.933725948031842,NA
"LBRM_30_0950",0,NA,NA,NA,NA,NA
"LBRM_30_0960",0,NA,NA,NA,NA,NA
"LBRM_30_0970",0.150548590060784,2.36802554841367,4.07009331419134,0.581811119700128,0.560693913243612,NA
"LBRM_30_0980",0.106620929128686,0.512386596321632,4.0804728567969,0.125570396937733,0.900071997253288,NA
"LBRM_30_0990",0,NA,NA,NA,NA,NA
"LBRM_30_1000",0.225339052771423,2.57585470100848,4.06349269559957,0.633901644218018,0.526145012480435,NA
"LBRM_30_1010",0.10866148091832,0.512386596321631,4.0804728567969,0.125570396937733,0.900071997253288,NA
"LBRM_30_1020",0,NA,NA,NA,NA,NA
"LBRM_30_1030",0.217322961836639,-0.533674641665669,4.02601547254019,-0.132556530223405,0.894544112800906,NA
"LBRM_30_1040",0.902323875725197,4.18199133027485,2.78014192873954,1.50423663160639,0.132520448827509,NA
"LBRM_30_1050",0.306091567118734,0.772849864308764,4.05352984767767,0.190660953132377,0.848791232320037,NA
"LBRM_30_1060",0,NA,NA,NA,NA,NA
"LBRM_30_1070",0.150548590060784,2.36802554841367,4.07009331419134,0.581811119700128,0.560693913243612,NA
"LBRM_30_1080",0.228320078589759,1.40625154395371,4.07009308958569,0.345508447350244,0.729712160779994,NA
"LBRM_30_1090",0.186432969447295,-0.33622145367943,4.04316669949863,-0.083157949861707,0.933725948031842,NA
"LBRM_30_1100",0,NA,NA,NA,NA,NA
"LBRM_30_1110",0.106620929128686,0.512386596321632,4.0804728567969,0.125570396937733,0.900071997253288,NA
"LBRM_30_1120",0,NA,NA,NA,NA,NA
"LBRM_30_1130",0.409731470429084,0.766215052256748,3.52755227934135,0.21720870212016,0.828045703264168,NA
"LBRM_30_1140",0,NA,NA,NA,NA,NA
"LBRM_30_1150",0.15554297705795,-0.121015899195086,4.06395245618752,-0.0297778826154414,0.976244198059474,NA
"LBRM_30_1160",0,NA,NA,NA,NA,NA
"LBRM_30_1170",0.106620929128686,0.512386596321632,4.0804728567969,0.125570396937733,0.900071997253288,NA
"LBRM_30_1180",0,NA,NA,NA,NA,NA
"LBRM_30_1190",0,NA,NA,NA,NA,NA
"LBRM_30_1200",0,NA,NA,NA,NA,NA
"LBRM_30_1210",0.262163906186637,-0.836210405206493,4.00377057373284,-0.208855724824129,0.834560868338514,NA
"LBRM_30_1220",0.186432969447295,-0.33622145367943,4.04316669949863,-0.083157949861707,0.933725948031842,NA
"LBRM_30_1230",0.334000533689742,1.61408529533901,4.06349235823931,0.397216274337571,0.691207982142509,NA
"LBRM_30_1240",0.184392417657661,-0.322972510444289,4.04440056163657,-0.0798567069513009,0.936351222660643,NA
"LBRM_30_1250",0,NA,NA,NA,NA,NA
"LBRM_30_1260",0,NA,NA,NA,NA,NA
"LBRM_30_1270",0.303110541300398,1.61408529533901,4.06349235823931,0.397216274337571,0.691207982142509,NA
"LBRM_30_1280",0.458653518358348,0.400531344735834,3.6534483501136,0.109631040691564,0.912701992118303,NA
"LBRM_30_1290",0.10866148091832,0.512386596321631,4.0804728567969,0.125570396937733,0.900071997253288,NA
"LBRM_30_1300",0,NA,NA,NA,NA,NA
"LBRM_30_1310",0,NA,NA,NA,NA,NA
"LBRM_30_1320",0.259210070979104,1.40625154395371,4.07009308958569,0.345508447350243,0.729712160779994,NA
"LBRM_30_1330",0,NA,NA,NA,NA,NA
"LBRM_30_1340",0.228320078589759,1.40625154395371,4.07009308958569,0.345508447350244,0.729712160779994,NA
"LBRM_30_1350",0.106620929128686,0.512386596321632,4.0804728567969,0.125570396937733,0.900071997253288,NA
"LBRM_30_1360",0.150548590060784,2.36802554841367,4.07009331419134,0.581811119700128,0.560693913243612,NA
"LBRM_30_1370",0,NA,NA,NA,NA,NA
"LBRM_30_1380",0.334941007718446,0.571059908719948,3.80738004106996,0.14998762996075,0.880774374718182,NA
"LBRM_30_1390",0.150548590060784,2.36802554841367,4.07009331419134,0.581811119700128,0.560693913243612,NA
"LBRM_30_1400",0.569600369194135,2.56902019336441,3.72121552354445,0.690371244855345,0.489960754983094,NA
"LBRM_30_1410",0.334941007718446,0.571059908719948,3.80738004106996,0.14998762996075,0.880774374718182,NA
"LBRM_30_1420",0.259210070979104,1.40625154395371,4.07009308958569,0.345508447350243,0.729712160779994,NA
"LBRM_30_1430",0.150548590060784,2.36802554841367,4.07009331419134,0.581811119700128,0.560693913243612,NA
"LBRM_30_1440",0.518420141958207,0.952811523343431,3.49715496640834,0.272453332064375,0.785273469986478,NA
"LBRM_30_1450",0,NA,NA,NA,NA,NA
"LBRM_30_1460",0,NA,NA,NA,NA,NA
"LBRM_30_1470",0,NA,NA,NA,NA,NA
"LBRM_30_1480",0.821530683258605,1.08976043389188,2.50795559499721,0.434521422973238,0.66390984151535,NA
"LBRM_30_1490",0.150548590060784,2.36802554841367,4.07009331419134,0.581811119700128,0.560693913243612,NA
"LBRM_30_1491",0,NA,NA,NA,NA,NA
"LBRM_30_1500",0,NA,NA,NA,NA,NA
"LBRM_30_1510",0,NA,NA,NA,NA,NA
"LBRM_30_1520",0,NA,NA,NA,NA,NA
"LBRM_30_1530",0,NA,NA,NA,NA,NA
"LBRM_30_1540",0,NA,NA,NA,NA,NA
"LBRM_30_1550",0.259210070979104,1.40625154395371,4.07009308958569,0.345508447350243,0.729712160779994,NA
"LBRM_30_1560",0.0777714885289751,0.512386596321632,4.0804728567969,0.125570396937733,0.900071997253288,NA
"LBRM_30_1570",0,NA,NA,NA,NA,NA
"LBRM_30_1580",0.15554297705795,-0.121015899195086,4.06395245618752,-0.0297778826154414,0.976244198059474,NA
"LBRM_30_1590",0.217322961836639,-0.533674641665669,4.02601547254019,-0.132556530223405,0.894544112800906,NA
"LBRM_30_1600",0,NA,NA,NA,NA,NA
"LBRM_30_1610",0.0777714885289751,0.512386596321632,4.0804728567969,0.125570396937733,0.900071997253288,NA
"LBRM_30_1620",0.225339052771423,2.57585470100848,4.06349269559957,0.633901644218018,0.526145012480435,NA
"LBRM_30_1630",0,NA,NA,NA,NA,NA
"LBRM_30_1640",0,NA,NA,NA,NA,NA
"LBRM_30_1650",0,NA,NA,NA,NA,NA
"LBRM_30_1660",0.215282410047006,-0.521705569758801,4.02699186999459,-0.129552178549469,0.896920740266371,NA
"LBRM_30_1670",0.225339052771423,2.57585470100848,4.06349269559957,0.633901644218018,0.526145012480435,NA
"LBRM_30_1680",0.10866148091832,0.512386596321631,4.0804728567969,0.125570396937733,0.900071997253288,NA
"LBRM_30_1690",0,NA,NA,NA,NA,NA
"LBRM_30_1700",0,NA,NA,NA,NA,NA
"LBRM_30_1710",0.375887642832207,3.14688176220709,3.93733525674645,0.799241506502413,0.42415038880027,NA
"LBRM_30_1720",0.106620929128686,0.512386596321632,4.0804728567969,0.125570396937733,0.900071997253288,NA
"LBRM_30_1730",0.945488012026342,4.03915708245817,2.63014996729183,1.53571360290803,0.124608637341088,0.786201095137236
"LBRM_30_1740",0.334941007718446,0.571059908719948,3.80738004106996,0.14998762996075,0.880774374718182,NA
"LBRM_30_1750",0.569600369194135,2.56902019336441,3.72121552354445,0.690371244855345,0.489960754983094,NA
"LBRM_30_1760",0,NA,NA,NA,NA,NA
"LBRM_30_1770",0.831764275380772,0.21797383944245,2.77986286915476,0.0784117237800031,0.937500548017726,NA
"LBRM_30_1780",0,NA,NA,NA,NA,NA
"LBRM_30_1790",0.0777714885289751,0.512386596321632,4.0804728567969,0.125570396937733,0.900071997253288,NA
"LBRM_30_1800",0.106620929128686,0.512386596321632,4.0804728567969,0.125570396937733,0.900071997253288,NA
"LBRM_30_1810",0,NA,NA,NA,NA,NA
"LBRM_30_1820",0.303110541300398,1.61408529533901,4.06349235823931,0.397216274337571,0.691207982142509,NA
"LBRM_30_1830",0,NA,NA,NA,NA,NA
"LBRM_30_1840",0,NA,NA,NA,NA,NA
"LBRM_30_1850",0.0777714885289751,0.512386596321632,4.0804728567969,0.125570396937733,0.900071997253288,NA
"LBRM_30_1860",0,NA,NA,NA,NA,NA
"LBRM_30_1870",0,NA,NA,NA,NA,NA
"LBRM_30_1880",0,NA,NA,NA,NA,NA
"LBRM_30_1890",0.186432969447295,-0.33622145367943,4.04316669949863,-0.083157949861707,0.933725948031842,NA
"LBRM_30_1900",0,NA,NA,NA,NA,NA
"LBRM_30_1910",0,NA,NA,NA,NA,NA
"LBRM_30_1920",0.225339052771423,2.57585470100848,4.06349269559957,0.633901644218018,0.526145012480435,NA
"LBRM_30_1930",0,NA,NA,NA,NA,NA
"LBRM_30_1940",0.591170052879213,1.17464533586549,2.87253967067174,0.408922232774875,0.68259673260566,NA
"LBRM_30_1950",0,NA,NA,NA,NA,NA
"LBRM_30_1960",0,NA,NA,NA,NA,NA
"LBRM_30_1970",0.150548590060784,2.36802554841367,4.07009331419134,0.581811119700128,0.560693913243612,NA
"LBRM_30_1980",3.16831789280958,0.448444083356869,1.31339848351597,0.341437948181867,0.732773911115083,0.97845571662501
"LBRM_30_1990",0.599145465694715,-0.708413414529204,2.80166693130021,-0.252854258518317,0.800380837436191,NA
"LBRM_30_2000",5.71102162680755,0.366864051790388,0.969553183686267,0.378384660030263,0.705144862112751,0.97845571662501
"LBRM_30_2010",0.778516305744407,-0.837932697791374,2.7319327945595,-0.306717902966015,0.759058101601065,NA
"LBRM_30_2020",0.63003545808406,-0.792245203042879,2.74006893440852,-0.289133310879237,0.772479363284549,NA
"LBRM_30_2030",2.14350693467713,-0.545113301773261,1.6395036566161,-0.332486786213311,0.739521715814332,0.97845571662501
"LBRM_30_2040",8.8032967986788,0.645737190461265,0.793203497354903,0.8140876743668,0.415594726385394,0.97845571662501
"LBRM_30_2050",4.3817249403551,0.215865652339971,1.09892799488504,0.196432935865423,0.844271319298026,0.97845571662501
"LBRM_30_2060",10.1799853408873,-0.166823990135808,0.833292182187247,-0.200198674248838,0.841325203982802,0.97845571662501
"LBRM_30_2070",0.668941541408188,0.703392686698879,2.54985882166905,0.275855541774059,0.78265902192521,NA
"LBRM_30_2080",1.07863233371799,-1.74361200906452,2.2514687378882,-0.774433142118585,0.438674691027876,0.97845571662501
"LBRM_30_2090",0.822471157287308,0.61282810867937,2.48698017563486,0.246414553152974,0.805361341717338,NA
"LBRM_30_2100",0.262163906186637,-0.836210405206493,4.00377057373284,-0.208855724824129,0.834560868338514,NA
"LBRM_30_2110",0.860436766582733,2.9801219979049,2.68885312464964,1.10832457547982,0.267721665667612,NA
"LBRM_30_2120",0.215282410047006,-0.521705569758801,4.02699186999459,-0.129552178549469,0.896920740266371,NA
"LBRM_30_2130",0.0777714885289751,0.512386596321632,4.0804728567969,0.125570396937733,0.900071997253288,NA
"LBRM_30_2140",0,NA,NA,NA,NA,NA
"LBRM_30_2150",0,NA,NA,NA,NA,NA
"LBRM_30_2160",0.0777714885289751,0.512386596321632,4.0804728567969,0.125570396937733,0.900071997253288,NA
"LBRM_30_2170",0.217322961836639,-0.533674641665669,4.02601547254019,-0.132556530223405,0.894544112800906,NA
"LBRM_30_2180",0,NA,NA,NA,NA,NA
"LBRM_30_2190",0,NA,NA,NA,NA,NA
"LBRM_30_2200",0.0777714885289751,0.512386596321632,4.0804728567969,0.125570396937733,0.900071997253288,NA
"LBRM_30_2210",0.409758661039888,1.98703088806636,3.83602284252577,0.517992454590814,0.604463533839926,NA
"LBRM_30_2220",0.63711107499014,1.50505814136872,3.01048876571126,0.499938135797406,0.617118638607064,NA
"LBRM_30_2230",0.383863055647709,0.204738946669101,3.92149544373455,0.0522094057245985,0.95836183847219,NA
"LBRM_30_2240",0.964035991773802,-0.299337706526829,2.21016762737132,-0.135436653229261,0.892266646010975,0.97845571662501
"LBRM_30_2250",0.74577255590846,0.855869891511222,2.80843652436007,0.304749594333894,0.76055687426642,NA
"LBRM_30_2260",0.150548590060784,2.36802554841367,4.07009331419134,0.581811119700128,0.560693913243612,NA
"LBRM_30_2270",0,NA,NA,NA,NA,NA
"LBRM_30_2280",0.10866148091832,0.512386596321631,4.0804728567969,0.125570396937733,0.900071997253288,NA
"LBRM_30_2290",1.34720339152064,1.07732713779919,1.93364818484199,0.557147440907008,0.577426696482967,0.97845571662501
"LBRM_30_2300",0.184392417657661,-0.322972510444289,4.04440056163657,-0.0798567069513009,0.936351222660643,NA
"LBRM_30_2310",0.259210070979104,1.40625154395371,4.07009308958569,0.345508447350243,0.729712160779994,NA
"LBRM_30_2320",0.10866148091832,0.512386596321631,4.0804728567969,0.125570396937733,0.900071997253288,NA
"LBRM_30_2330",0.106620929128686,0.512386596321632,4.0804728567969,0.125570396937733,0.900071997253288,NA
"LBRM_30_2340",1.78724070078568,-0.961318436987568,1.79444306915412,-0.535719663394349,0.592152311713835,0.97845571662501
"LBRM_30_2350",0.106620929128686,0.512386596321632,4.0804728567969,0.125570396937733,0.900071997253288,NA
"LBRM_30_2360",0.150548590060784,2.36802554841367,4.07009331419134,0.581811119700128,0.560693913243612,NA
"LBRM_30_2370",0,NA,NA,NA,NA,NA
"LBRM_30_2380",0,NA,NA,NA,NA,NA
"LBRM_30_2390",0.10866148091832,0.512386596321631,4.0804728567969,0.125570396937733,0.900071997253288,NA
"LBRM_30_2400",0,NA,NA,NA,NA,NA
"LBRM_30_2410",0,NA,NA,NA,NA,NA
"LBRM_30_2420",1.02325950055532,3.05921905245086,2.45641478636544,1.24540003155466,0.212984741715557,0.898195964048256
"LBRM_30_2430",0.106620929128686,0.512386596321632,4.0804728567969,0.125570396937733,0.900071997253288,NA
"LBRM_30_2440",0.225339052771423,2.57585470100848,4.06349269559957,0.633901644218018,0.526145012480435,NA
"LBRM_30_2450",0,NA,NA,NA,NA,NA
"LBRM_30_2460",0,NA,NA,NA,NA,NA
"LBRM_30_2470",0,NA,NA,NA,NA,NA
"LBRM_30_2480",0,NA,NA,NA,NA,NA
"LBRM_30_2490",0,NA,NA,NA,NA,NA
"LBRM_30_2500",0,NA,NA,NA,NA,NA
"LBRM_30_2510",0,NA,NA,NA,NA,NA
"LBRM_30_2520",0.150548590060784,2.36802554841367,4.07009331419134,0.581811119700128,0.560693913243612,NA
"LBRM_30_2530",0,NA,NA,NA,NA,NA
"LBRM_30_2540",0,NA,NA,NA,NA,NA
"LBRM_30_2550",0,NA,NA,NA,NA,NA
"LBRM_30_2560",0,NA,NA,NA,NA,NA
"LBRM_30_2570",0.863390601790266,1.34435824369798,2.47034185873402,0.544199273045929,0.586304352030693,NA
"LBRM_30_2580",0.106620929128686,0.512386596321632,4.0804728567969,0.125570396937733,0.900071997253288,NA
"LBRM_30_2590",0,NA,NA,NA,NA,NA
"LBRM_30_2600",0.10866148091832,0.512386596321631,4.0804728567969,0.125570396937733,0.900071997253288,NA
"LBRM_30_2610",0,NA,NA,NA,NA,NA
"LBRM_30_2620",0,NA,NA,NA,NA,NA
"LBRM_30_2630",0.184392417657661,-0.322972510444289,4.04440056163657,-0.0798567069513009,0.936351222660643,NA
"LBRM_30_2640",0,NA,NA,NA,NA,NA
"LBRM_30_2650",0.0777714885289751,0.512386596321632,4.0804728567969,0.125570396937733,0.900071997253288,NA
"LBRM_30_2660",0,NA,NA,NA,NA,NA
"LBRM_30_2670",0.399674827704668,-1.42721228906698,3.49019211027184,-0.408920839877729,0.682597754835227,NA
"LBRM_30_2680",0,NA,NA,NA,NA,NA
"LBRM_30_2690",0,NA,NA,NA,NA,NA
"LBRM_30_2700",0.904541376912581,1.58277776460772,2.54182803315463,0.622692701458391,0.533486479804696,NA
"LBRM_30_2710",0,NA,NA,NA,NA,NA
"LBRM_30_2720",0,NA,NA,NA,NA,NA
"LBRM_30_2730",0,NA,NA,NA,NA,NA
"LBRM_30_2740",0,NA,NA,NA,NA,NA
"LBRM_30_2750",0.225339052771423,2.57585470100848,4.06349269559957,0.633901644218018,0.526145012480435,NA
"LBRM_30_2760",0,NA,NA,NA,NA,NA
"LBRM_30_2770",0,NA,NA,NA,NA,NA
"LBRM_30_2780",0.10866148091832,0.512386596321631,4.0804728567969,0.125570396937733,0.900071997253288,NA
"LBRM_30_2790",0.442662014608062,0.565863516806198,3.72331112004407,0.151978574597199,0.879203834331997,NA
"LBRM_30_2800",1.17880247761327,1.79376775363466,2.27871305421226,0.787184569078952,0.431173828991352,0.97845571662501
"LBRM_30_2810",0,NA,NA,NA,NA,NA
"LBRM_30_2820",0,NA,NA,NA,NA,NA
"LBRM_30_2830",0.334000533689742,1.61408529533901,4.06349235823931,0.397216274337571,0.691207982142509,NA
"LBRM_30_2840",0.150548590060784,2.36802554841367,4.07009331419134,0.581811119700128,0.560693913243612,NA
"LBRM_30_2850",0.334941007718446,0.571059908719948,3.80738004106996,0.14998762996075,0.880774374718182,NA
"LBRM_30_2860",0,NA,NA,NA,NA,NA
"LBRM_30_2870",0,NA,NA,NA,NA,NA
"LBRM_30_2880",0.106620929128686,0.512386596321632,4.0804728567969,0.125570396937733,0.900071997253288,NA
"LBRM_30_2890",0.150548590060784,2.36802554841367,4.07009331419134,0.581811119700128,0.560693913243612,NA
"LBRM_30_2900",0.150548590060784,2.36802554841367,4.07009331419134,0.581811119700128,0.560693913243612,NA
"LBRM_30_2910",0,NA,NA,NA,NA,NA
"LBRM_30_2920",0,NA,NA,NA,NA,NA
"LBRM_30_2930",0,NA,NA,NA,NA,NA
"LBRM_30_2940",0,NA,NA,NA,NA,NA
"LBRM_30_2950",0.712869202340285,1.72971698172033,2.67877147602759,0.645712781847805,0.518465381224435,NA
"LBRM_30_2960",0,NA,NA,NA,NA,NA
"LBRM_30_2970",0,NA,NA,NA,NA,NA
"LBRM_30_2980",0,NA,NA,NA,NA,NA
"LBRM_30_2990",0,NA,NA,NA,NA,NA
"LBRM_30_3000",0.0777714885289751,0.512386596321632,4.0804728567969,0.125570396937733,0.900071997253288,NA
"LBRM_30_3010",0,NA,NA,NA,NA,NA
"LBRM_30_3020",0,NA,NA,NA,NA,NA
"LBRM_30_3030",1.26416550725586,0.334618933787298,2.13590798563272,0.156663552942415,0.875510012855077,0.97845571662501
"LBRM_30_3040",0,NA,NA,NA,NA,NA
"LBRM_30_3050",0.706866472584332,-0.626871996669461,2.83762657988056,-0.220914196784782,0.82515924306753,NA
"LBRM_30_3060",0.336981559508079,0.558142011562438,3.79863620897194,0.146932209576735,0.883185528260993,NA
"LBRM_30_3070",0,NA,NA,NA,NA,NA
"LBRM_30_3080",0.407718109250254,1.98689895994212,3.84338000175693,0.516966565635935,0.605179498552988,NA
"LBRM_30_3090",0,NA,NA,NA,NA,NA
"LBRM_30_3100",0.106620929128686,0.512386596321632,4.0804728567969,0.125570396937733,0.900071997253288,NA
"LBRM_30_3110",0,NA,NA,NA,NA,NA
"LBRM_30_3120",0.215282410047006,-0.521705569758801,4.02699186999459,-0.129552178549469,0.896920740266371,NA
"LBRM_30_3130",0,NA,NA,NA,NA,NA
"LBRM_30_3140",0,NA,NA,NA,NA,NA
"LBRM_30_3150",0,NA,NA,NA,NA,NA
"LBRM_30_3160",0.935431369301925,1.42125355517606,2.51107244456019,0.565994644342087,0.57139742125237,0.97845571662501
"LBRM_30_3170",0.678261850112455,1.59451783523087,3.25770653029984,0.489460244623112,0.624515893587791,NA
"LBRM_30_3180",0,NA,NA,NA,NA,NA
"LBRM_30_3190",5.93557624417407,-0.655149202362961,1.00583661810361,-0.651347535545256,0.514822169499649,0.97845571662501
"LBRM_30_3200",1.00381468039655,-2.76613859204046,2.43570430092286,-1.13566272843235,0.256097745005537,0.911448662524806
"LBRM_30_3210",1.6731878342756,0.210404470626433,1.80721544600638,0.116424674817488,0.907315980689631,0.97845571662501
"LBRM_30_3220",0.925170586568955,1.10600841795728,2.41990415997643,0.457046372434871,0.647637714807609,NA
"LBRM_30_3230",1.9278280680787,3.094925057453,1.97247880644659,1.56905364323204,0.116635440106872,0.786201095137236
"LBRM_30_3240",0.150548590060784,2.36802554841367,4.07009331419134,0.581811119700128,0.560693913243612,NA
"LBRM_30_3250",0,NA,NA,NA,NA,NA
"LBRM_30_3260",0,NA,NA,NA,NA,NA
"LBRM_30_3270",0.150548590060784,2.36802554841367,4.07009331419134,0.581811119700128,0.560693913243612,NA
"LBRM_30_3280",1.21822448514494,0.170288060971604,2.02706784944813,0.0840070849221772,0.933050798729951,0.983459365169361
"LBRM_30_3290",0,NA,NA,NA,NA,NA
"LBRM_30_3300",0.514339038378941,0.975498116584936,3.50757884423461,0.278111529321246,0.780926745621985,NA
"LBRM_30_3310",0,NA,NA,NA,NA,NA
"LBRM_30_3320",0.150548590060784,2.36802554841367,4.07009331419134,0.581811119700128,0.560693913243612,NA
"LBRM_30_3330",0.225339052771423,2.57585470100848,4.06349269559957,0.633901644218018,0.526145012480435,NA
"LBRM_30_3340",0.186432969447295,-0.33622145367943,4.04316669949863,-0.083157949861707,0.933725948031842,NA
"LBRM_30_3350",0.596164439876379,-0.259540084448729,2.80972114425568,-0.0923721861079859,0.9264023371988,NA
"LBRM_30_3360",0,NA,NA,NA,NA,NA
"LBRM_30_3370",0.228320078589759,1.40625154395371,4.07009308958569,0.345508447350244,0.729712160779994,NA
"LBRM_30_3380",0.10866148091832,0.512386596321631,4.0804728567969,0.125570396937733,0.900071997253288,NA
"LBRM_30_3390",0.150548590060784,2.36802554841367,4.07009331419134,0.581811119700128,0.560693913243612,NA
"LBRM_30_3400",0,NA,NA,NA,NA,NA
"LBRM_30_3410",0.225339052771423,2.57585470100848,4.06349269559957,0.633901644218018,0.526145012480435,NA
"LBRM_30_3420",0,NA,NA,NA,NA,NA
"LBRM_30_3430",0,NA,NA,NA,NA,NA
"LBRM_30_3440",0,NA,NA,NA,NA,NA
"LBRM_30_3450",0,NA,NA,NA,NA,NA
"LBRM_30_3460",0,NA,NA,NA,NA,NA
"LBRM_30_3470",0,NA,NA,NA,NA,NA
"LBRM_30_3480",0.228320078589759,1.40625154395371,4.07009308958569,0.345508447350244,0.729712160779994,NA
"LBRM_30_3490",0,NA,NA,NA,NA,NA
"LBRM_30_3500",0.225339052771423,2.57585470100848,4.06349269559957,0.633901644218018,0.526145012480435,NA
"LBRM_30_3510",0.26420445797627,-0.845932859173047,4.00312810314672,-0.21131795870037,0.832639170313903,NA
"LBRM_30_3520",0,NA,NA,NA,NA,NA
"LBRM_30_3530",0,NA,NA,NA,NA,NA
"LBRM_30_3540",0,NA,NA,NA,NA,NA
"LBRM_30_3550",1.92795305793466,0.450701373079408,1.66156553713275,0.271251035849693,0.786197962826593,0.97845571662501
"LBRM_30_3560",0,NA,NA,NA,NA,NA
"LBRM_30_3570",0.217322961836639,-0.533674641665669,4.02601547254019,-0.132556530223405,0.894544112800906,NA
"LBRM_30_3580",0.380882029829373,0.977226041233979,3.94949654547106,0.247430534495486,0.804575045569454,NA
"LBRM_30_3590",0,NA,NA,NA,NA,NA
"LBRM_30_3600",0,NA,NA,NA,NA,NA
"LBRM_30_3610",0.368784835315323,-1.32000764618613,3.92809224100254,-0.336042935144832,0.736838489606838,NA
"LBRM_30_3620",0.301097180121568,2.94536147983492,4.04378005220696,0.728368368657302,0.466388120880344,NA
"LBRM_30_3630",0.450678105542845,3.32271092996418,4.01688493769328,0.827185986530216,0.408131653169535,NA
"LBRM_30_3640",0,NA,NA,NA,NA,NA
"LBRM_30_3650",0.150548590060784,2.36802554841367,4.07009331419134,0.581811119700128,0.560693913243612,NA
"LBRM_30_3660",0,NA,NA,NA,NA,NA
"LBRM_30_3670",0,NA,NA,NA,NA,NA
"LBRM_30_3680",0.944170306748381,1.02278957236026,2.54805989978749,0.401399344044289,0.68812613226002,0.97845571662501
"LBRM_30_3690",0,NA,NA,NA,NA,NA
"LBRM_30_3700",0,NA,NA,NA,NA,NA
"LBRM_30_3710",0.52844959407182,2.35930608095002,3.49189540690243,0.675651990115848,0.499261624380705,NA
"LBRM_30_3720",0.453659131361182,2.18767694246641,3.40299717706313,0.642867692401212,0.520309954570993,NA
"LBRM_30_3730",0,NA,NA,NA,NA,NA
"LBRM_30_3740",0.225339052771423,2.57585470100848,4.06349269559957,0.633901644218018,0.526145012480435,NA
"LBRM_30_3750",0.336981559508079,0.558142011562438,3.79863620897194,0.146932209576735,0.883185528260993,NA
"LBRM_30_3760",0.375887642832207,3.14688176220709,3.93733525674645,0.799241506502413,0.42415038880027,NA
"LBRM_30_3770",0.331959981900109,1.61408529533901,4.06349235823931,0.397216274337571,0.691207982142509,NA
"LBRM_30_3780",0.106620929128686,0.512386596321632,4.0804728567969,0.125570396937733,0.900071997253288,NA
"LBRM_30_snoRNA1",0,NA,NA,NA,NA,NA
"LBRM_30_tRNA1",7.99964836978186,-0.40765932519842,0.863246641272209,-0.472239688761062,0.636755713714638,0.97845571662501
"LBRM_31_0010",0.0777714885289751,0.512386596321632,4.0804728567969,0.125570396937733,0.900071997253288,NA
"LBRM_31_0020",0.489543510747692,0.234112397790068,3.26909622119532,0.0716137984168808,0.942909258723042,NA
"LBRM_31_0030",0.51635239955777,0.111975875760173,3.20954280029491,0.034888419543707,0.972168714858246,NA
"LBRM_31_0040",0.228320078589759,1.40625154395371,4.07009308958569,0.345508447350244,0.729712160779994,NA
"LBRM_31_0050",0.10866148091832,0.512386596321631,4.0804728567969,0.125570396937733,0.900071997253288,NA
"LBRM_31_0060",0,NA,NA,NA,NA,NA
"LBRM_31_0070",0.225339052771423,2.57585470100848,4.06349269559957,0.633901644218018,0.526145012480435,NA
"LBRM_31_0080",2.93217494248685,0.950885597870306,1.38721501536341,0.685463743788268,0.493051331794544,0.97845571662501
"LBRM_31_0090",0.815436218500509,1.74031208510997,2.9490838975114,0.590119557662818,0.555110497720716,NA
"LBRM_31_0100",0.225339052771423,2.57585470100848,4.06349269559957,0.633901644218018,0.526145012480435,NA
"LBRM_31_0110",0.10866148091832,0.512386596321631,4.0804728567969,0.125570396937733,0.900071997253288,NA
"LBRM_31_0120",0,NA,NA,NA,NA,NA
"LBRM_31_0130",0.865431153579899,1.33667334868334,2.46852890002662,0.541485800984111,0.588172781906277,NA
"LBRM_31_0140",0.676984822953775,3.8172477551769,3.11862425883364,1.22401656575472,0.220945978364487,NA
"LBRM_31_0150",0,NA,NA,NA,NA,NA
"LBRM_31_0160",4.20992213576274,2.42982690467779,1.17017693925774,2.07646110870982,0.0378513245056601,0.626695082348765
"LBRM_31_0170",0.10866148091832,0.512386596321631,4.0804728567969,0.125570396937733,0.900071997253288,NA
"LBRM_31_0180",0,NA,NA,NA,NA,NA
"LBRM_31_0190",0.301097180121568,2.94536147983492,4.04378005220696,0.728368368657302,0.466388120880344,NA
"LBRM_31_0200",0.10866148091832,0.512386596321631,4.0804728567969,0.125570396937733,0.900071997253288,NA
"LBRM_31_0210",0.150548590060784,2.36802554841367,4.07009331419134,0.581811119700128,0.560693913243612,NA
"LBRM_31_0220",0.233314465586925,-0.688087203449716,4.0140974204965,-0.171417664139453,0.863895366368199,NA
"LBRM_31_0230",0.334941007718446,0.571059908719948,3.80738004106996,0.14998762996075,0.880774374718182,NA
"LBRM_31_0240",0.0777714885289751,0.512386596321632,4.0804728567969,0.125570396937733,0.900071997253288,NA
"LBRM_31_0250",0,NA,NA,NA,NA,NA
"LBRM_31_0260",0.215282410047006,-0.521705569758801,4.02699186999459,-0.129552178549469,0.896920740266371,NA
"LBRM_31_0270",0.739678091150363,1.57124733332102,2.82471594613629,0.556249677235761,0.578040183341035,NA
"LBRM_31_0280",0.0777714885289751,0.512386596321632,4.0804728567969,0.125570396937733,0.900071997253288,NA
"LBRM_31_0290",0.106620929128686,0.512386596321632,4.0804728567969,0.125570396937733,0.900071997253288,NA
"LBRM_31_0300",0.666900989618555,0.708635689072707,2.71819548065009,0.260700782602739,0.794323262493127,NA
"LBRM_31_0310",0,NA,NA,NA,NA,NA
"LBRM_31_0320",0,NA,NA,NA,NA,NA
"LBRM_31_0330",0.514339038378941,0.975498116584936,3.50757884423461,0.278111529321246,0.780926745621985,NA
"LBRM_31_0340",1.24651732341783,0.0230244672423758,2.08397103857162,0.0110483623890268,0.991184861566578,0.996625799556183
"LBRM_31_0350",0,NA,NA,NA,NA,NA
"LBRM_31_0360",0.518392951347404,0.0965461764559848,2.97752437417506,0.0324249827451819,0.97413313961054,NA
"LBRM_31_0370",0.150548590060784,2.36802554841367,4.07009331419134,0.581811119700128,0.560693913243612,NA
"LBRM_31_0380",0,NA,NA,NA,NA,NA
"LBRM_31_0390",0,NA,NA,NA,NA,NA
"LBRM_31_0400",1.64299349778713,-0.80735542716116,1.81954264043116,-0.443713386661743,0.657249815782847,0.97845571662501
"LBRM_31_0410",0.48548959777923,1.15941991701357,3.30651895540538,0.3506466869389,0.725853426540296,NA
"LBRM_31_0420",0.150548590060784,2.36802554841367,4.07009331419134,0.581811119700128,0.560693913243612,NA
"LBRM_31_0430",0.10866148091832,0.512386596321631,4.0804728567969,0.125570396937733,0.900071997253288,NA
"LBRM_31_0440",0.334000533689742,1.61408529533901,4.06349235823931,0.397216274337571,0.691207982142509,NA
"LBRM_31_0450",0.225339052771423,2.57585470100848,4.06349269559957,0.633901644218018,0.526145012480435,NA
"LBRM_31_0460",0,NA,NA,NA,NA,NA
"LBRM_31_0470",0.301097180121568,2.94536147983492,4.04378005220696,0.728368368657302,0.466388120880344,NA
"LBRM_31_0480",0.712869202340285,1.72971698172033,2.67877147602759,0.645712781847805,0.518465381224435,NA
"LBRM_31_0490",0.150548590060784,2.36802554841367,4.07009331419134,0.581811119700128,0.560693913243612,NA
"LBRM_31_0500",0.0777714885289751,0.512386596321632,4.0804728567969,0.125570396937733,0.900071997253288,NA
"LBRM_31_0510",0.552263969555085,-0.530369081521795,2.89494064573472,-0.183205511416346,0.854636770073978,NA
"LBRM_31_0520",0.375887642832207,3.14688176220709,3.93733525674645,0.799241506502413,0.42415038880027,NA
"LBRM_31_0530",0,NA,NA,NA,NA,NA
"LBRM_31_0540",0,NA,NA,NA,NA,NA
"LBRM_31_0550",0,NA,NA,NA,NA,NA
"LBRM_31_0560",0.10866148091832,0.512386596321631,4.0804728567969,0.125570396937733,0.900071997253288,NA
"LBRM_31_0570",0.225339052771423,2.57585470100848,4.06349269559957,0.633901644218018,0.526145012480435,NA
"LBRM_31_0580",0,NA,NA,NA,NA,NA
"LBRM_31_0590",0.63509771381131,2.57296621268561,3.00108970139918,0.857343987914133,0.391254804960616,NA
"LBRM_31_0600",0,NA,NA,NA,NA,NA
"LBRM_31_0610",0,NA,NA,NA,NA,NA
"LBRM_31_0620",0.10866148091832,0.512386596321631,4.0804728567969,0.125570396937733,0.900071997253288,NA
"LBRM_31_0630",0,NA,NA,NA,NA,NA
"LBRM_31_0640",0,NA,NA,NA,NA,NA
"LBRM_31_0650",0.228320078589759,1.40625154395371,4.07009308958569,0.345508447350244,0.729712160779994,NA
"LBRM_31_0660",1.17082706479776,4.38734850930913,2.42817113225948,1.80685308832684,0.070785188626508,0.738573202676465
"LBRM_31_0670",1.27037237702037,0.95924822611146,2.05429667432199,0.466947271103407,0.640537603716048,0.97845571662501
"LBRM_31_0680",0,NA,NA,NA,NA,NA
"LBRM_31_0690",0.560280060489868,1.34977552819926,2.9268762572445,0.461165901653117,0.644679583493499,NA
"LBRM_31_0700",0.657944424655068,-0.451342978607447,2.94438131843996,-0.15328958099985,0.878169916729174,NA
"LBRM_31_0710",1.58280322702504,1.85859673486414,1.98622701055819,0.935742352200625,0.349405859027868,0.964273692480018
"LBRM_31_0720",0.106620929128686,0.512386596321632,4.0804728567969,0.125570396937733,0.900071997253288,NA
"LBRM_31_0730",0.709888176521949,2.7028098098096,2.89593850703885,0.933310497871474,0.350659676482764,NA
"LBRM_31_0740",0.647371857723111,1.59621171071338,3.3100321613617,0.482234501932067,0.629639369888605,NA
"LBRM_31_0750",0.25716951918947,1.40625154395371,4.07009308958569,0.345508447350243,0.729712160779994,NA
"LBRM_31_0760",0.301097180121568,2.94536147983492,4.04378005220696,0.728368368657302,0.466388120880344,NA
"LBRM_31_0770",0.676017158314268,3.77421191896496,3.42559546891262,1.10176813147263,0.270562488402665,NA
"LBRM_31_0780",0.375887642832207,3.14688176220709,3.93733525674645,0.799241506502413,0.42415038880027,NA
"LBRM_31_0790",1.73207478992714,3.05012347149963,1.92485316255378,1.58460059750891,0.113057109123626,0.786201095137236
"LBRM_31_0800",0.150548590060784,2.36802554841367,4.07009331419134,0.581811119700128,0.560693913243612,NA
"LBRM_31_0810",0.547242391947115,-0.0178913273590738,3.14732738556427,-0.00568460956465326,0.995464362222211,NA
"LBRM_31_0820",0,NA,NA,NA,NA,NA
"LBRM_31_0830",0.560280060489868,1.34977552819926,2.9268762572445,0.461165901653117,0.644679583493499,NA
"LBRM_31_0840",0,NA,NA,NA,NA,NA
"LBRM_31_0850",0.306091567118734,0.772849864308764,4.05352984767767,0.190660953132377,0.848791232320037,NA
"LBRM_31_0860",0.375887642832207,3.14688176220709,3.93733525674645,0.799241506502413,0.42415038880027,NA
"LBRM_31_0870",1.38606879672549,-0.304683426794935,1.98967660225632,-0.153132135367839,0.878294074371581,0.97845571662501
"LBRM_31_0880",0.529417258711327,2.41691879820607,3.47326299083334,0.695864034651225,0.486513982610758,NA
"LBRM_31_0890",0.301097180121568,2.94536147983492,4.04378005220696,0.728368368657302,0.466388120880344,NA
"LBRM_31_0900",0,NA,NA,NA,NA,NA
"LBRM_31_0910",0,NA,NA,NA,NA,NA
"LBRM_31_0920",0,NA,NA,NA,NA,NA
"LBRM_31_0930",0.325984442754959,-1.12480235985684,3.98638640040744,-0.282160896330038,0.777820140766097,NA
"LBRM_31_0940",0.186432969447295,-0.33622145367943,4.04316669949863,-0.083157949861707,0.933725948031842,NA
"LBRM_31_0950",0.331959981900109,1.61408529533901,4.06349235823931,0.397216274337571,0.691207982142509,NA
"LBRM_31_0960",0,NA,NA,NA,NA,NA
"LBRM_31_0970",0.150548590060784,2.36802554841367,4.07009331419134,0.581811119700128,0.560693913243612,NA
"LBRM_31_0980",0.0777714885289751,0.512386596321632,4.0804728567969,0.125570396937733,0.900071997253288,NA
"LBRM_31_0990",0,NA,NA,NA,NA,NA
"LBRM_31_1000",0,NA,NA,NA,NA,NA
"LBRM_31_1010",0.150548590060784,2.36802554841367,4.07009331419134,0.581811119700128,0.560693913243612,NA
"LBRM_31_1020",0.150548590060784,2.36802554841367,4.07009331419134,0.581811119700128,0.560693913243612,NA
"LBRM_31_1030",0.186432969447295,-0.33622145367943,4.04316669949863,-0.083157949861707,0.933725948031842,NA
"LBRM_31_1040",0,NA,NA,NA,NA,NA
"LBRM_31_1050",0,NA,NA,NA,NA,NA
"LBRM_31_1060",0.860436766582733,2.9801219979049,2.68885312464964,1.10832457547982,0.267721665667612,NA
"LBRM_31_1070",0,NA,NA,NA,NA,NA
"LBRM_31_1080",1.23650135881269,1.55255384944979,2.11452662322136,0.734232348933285,0.462807140993214,0.97845571662501
"LBRM_31_1090",0.0777714885289751,0.512386596321632,4.0804728567969,0.125570396937733,0.900071997253288,NA
"LBRM_31_1100",0,NA,NA,NA,NA,NA
"LBRM_31_1110",0,NA,NA,NA,NA,NA
"LBRM_31_1120",0.375887642832207,3.14688176220709,3.93733525674645,0.799241506502413,0.42415038880027,NA
"LBRM_31_1130",0.150548590060784,2.36802554841367,4.07009331419134,0.581811119700128,0.560693913243612,NA
"LBRM_31_1140",0.0777714885289751,0.512386596321632,4.0804728567969,0.125570396937733,0.900071997253288,NA
"LBRM_31_1150",0,NA,NA,NA,NA,NA
"LBRM_31_1160",0,NA,NA,NA,NA,NA
"LBRM_31_1170",0.10866148091832,0.512386596321631,4.0804728567969,0.125570396937733,0.900071997253288,NA
"LBRM_31_1180",0,NA,NA,NA,NA,NA
"LBRM_31_1190",0.411772022218717,0.753590502948088,3.52106034620548,0.214023739684043,0.830528544494832,NA
"LBRM_31_1200",0.942129754958748,1.02925252085683,2.54971795900668,0.403673087535457,0.686453132376161,0.97845571662501
"LBRM_31_1210",0.451645770182352,3.36570143917267,3.99693293608688,0.842071031211195,0.39974819525179,NA
"LBRM_31_1220",0.411772022218717,0.753590502948088,3.52106034620548,0.214023739684043,0.830528544494832,NA
"LBRM_31_1230",0,NA,NA,NA,NA,NA
"LBRM_31_1240",0.106620929128686,0.512386596321632,4.0804728567969,0.125570396937733,0.900071997253288,NA
"LBRM_31_1250",0.407718109250254,1.98689895994212,3.84338000175693,0.516966565635935,0.605179498552988,NA
"LBRM_31_1260",0.225339052771423,2.57585470100848,4.06349269559957,0.633901644218018,0.526145012480435,NA
"LBRM_31_1270",0,NA,NA,NA,NA,NA
"LBRM_31_1280",0,NA,NA,NA,NA,NA
"LBRM_31_1290",0.950482399023508,1.98113162991032,2.67019227076636,0.741943436658114,0.458121606908156,0.97845571662501
"LBRM_31_1300",0,NA,NA,NA,NA,NA
"LBRM_31_1310",0.150548590060784,2.36802554841367,4.07009331419134,0.581811119700128,0.560693913243612,NA
"LBRM_31_1320",0,NA,NA,NA,NA,NA
"LBRM_31_1330",0.150548590060784,2.36802554841367,4.07009331419134,0.581811119700128,0.560693913243612,NA
"LBRM_31_1340",0,NA,NA,NA,NA,NA
"LBRM_31_1350",0.334941007718446,0.571059908719948,3.80738004106996,0.14998762996075,0.880774374718182,NA
"LBRM_31_1360",0.150548590060784,2.36802554841367,4.07009331419134,0.581811119700128,0.560693913243612,NA
"LBRM_31_1370",0.150548590060784,2.36802554841367,4.07009331419134,0.581811119700128,0.560693913243612,NA
"LBRM_31_1380",0,NA,NA,NA,NA,NA
"LBRM_31_1390",0.106620929128686,0.512386596321632,4.0804728567969,0.125570396937733,0.900071997253288,NA
"LBRM_31_1400",0.0777714885289751,0.512386596321632,4.0804728567969,0.125570396937733,0.900071997253288,NA
"LBRM_31_1410",0,NA,NA,NA,NA,NA
"LBRM_31_1420",0,NA,NA,NA,NA,NA
"LBRM_31_1430",0,NA,NA,NA,NA,NA
"LBRM_31_1440",1.85849353535116,-0.834493303983207,1.77865679190675,-0.469170504270595,0.638947766798551,0.97845571662501
"LBRM_31_1450",0.259210070979104,1.40625154395371,4.07009308958569,0.345508447350243,0.729712160779994,NA
"LBRM_31_1460",0.451645770182352,3.36570143917267,3.99693293608688,0.842071031211195,0.39974819525179,NA
"LBRM_31_1470",2.74354645848758,1.66072663157927,1.58245493175006,1.04946219842271,0.293965444522095,0.936183233175909
"LBRM_31_1480",0.52137397716574,-0.429612247527212,2.94753201159764,-0.14575320839157,0.88411621561381,NA
"LBRM_31_1490",0.560280060489868,1.34977552819926,2.9268762572445,0.461165901653117,0.644679583493499,NA
"LBRM_31_1500",0.902323875725197,4.18199133027485,2.78014192873954,1.50423663160639,0.132520448827509,NA
"LBRM_31_1510",0.375887642832207,3.14688176220709,3.93733525674645,0.799241506502413,0.42415038880027,NA
"LBRM_31_1520",0,NA,NA,NA,NA,NA
"LBRM_31_1530",1.65833002375582,2.3068952290131,1.89281581131891,1.21876371447133,0.222933887312433,0.898195964048256
"LBRM_31_1540",0,NA,NA,NA,NA,NA
"LBRM_31_1550",0,NA,NA,NA,NA,NA
"LBRM_31_1560",1.09603660208713,4.29443354273359,2.47346736190558,1.73619980149046,0.0825285123669984,0.786201095137236
"LBRM_31_1570",0.72014895925492,3.43948944334506,3.11039865378382,1.10580341177839,0.268811617980153,NA
"LBRM_31_1580",0,NA,NA,NA,NA,NA
"LBRM_31_1590",0.106620929128686,0.512386596321632,4.0804728567969,0.125570396937733,0.900071997253288,NA
"LBRM_31_1600",0.380882029829373,0.977226041233979,3.94949654547106,0.247430534495486,0.804575045569454,NA
"LBRM_31_1610",1.17078638667848,0.274571423504178,2.24460624185099,0.122324984393591,0.902641645895702,0.97845571662501
"LBRM_31_1620",0.306091567118734,0.772849864308764,4.05352984767767,0.190660953132377,0.848791232320037,NA
"LBRM_31_1630",0.980095364254172,3.23683163734616,2.55885426301266,1.26495349271486,0.205887999933683,0.898195964048256
"LBRM_31_1640",0.106620929128686,0.512386596321632,4.0804728567969,0.125570396937733,0.900071997253288,NA
"LBRM_31_1650",0.375887642832207,3.14688176220709,3.93733525674645,0.799241506502413,0.42415038880027,NA
"LBRM_31_1660",0,NA,NA,NA,NA,NA
"LBRM_31_1670",0,NA,NA,NA,NA,NA
"LBRM_31_1680",0,NA,NA,NA,NA,NA
"LBRM_31_1690",0.186432969447295,-0.33622145367943,4.04316669949863,-0.083157949861707,0.933725948031842,NA
"LBRM_31_1700",0.15554297705795,-0.121015899195086,4.06395245618752,-0.0297778826154414,0.976244198059474,NA
"LBRM_31_1710",1.06566253390532,0.24460826755734,2.2680062171182,0.107851674175809,0.914113351847309,0.97845571662501
"LBRM_31_1720",1.52306379403598,2.14971244591393,2.24108536946522,0.959228271802474,0.337443760873782,0.958758700639694
"LBRM_31_1730",0.375887642832207,3.14688176220709,3.93733525674645,0.799241506502413,0.42415038880027,NA
"LBRM_31_1740",1.12058731159054,1.68479918516804,2.12610159086526,0.792435880019437,0.428106565270317,0.97845571662501
"LBRM_31_1750",0.225339052771423,2.57585470100848,4.06349269559957,0.633901644218018,0.526145012480435,NA
"LBRM_31_1760",0.225339052771423,2.57585470100848,4.06349269559957,0.633901644218018,0.526145012480435,NA
"LBRM_31_1770",0,NA,NA,NA,NA,NA
"LBRM_31_1780",0,NA,NA,NA,NA,NA
"LBRM_31_1790",0,NA,NA,NA,NA,NA
"LBRM_31_1800",0,NA,NA,NA,NA,NA
"LBRM_31_1810",0.10866148091832,0.512386596321631,4.0804728567969,0.125570396937733,0.900071997253288,NA
"LBRM_31_1820",0.150548590060784,2.36802554841367,4.07009331419134,0.581811119700128,0.560693913243612,NA
"LBRM_31_1830",0.106620929128686,0.512386596321632,4.0804728567969,0.125570396937733,0.900071997253288,NA
"LBRM_31_1840",0.709888176521949,2.7028098098096,2.89593850703885,0.933310497871474,0.350659676482764,NA
"LBRM_31_1850",0,NA,NA,NA,NA,NA
"LBRM_31_1860",1.23948238463103,1.06211046506088,2.17812232328012,0.48762663772777,0.625814324054593,0.97845571662501
"LBRM_31_1870",0.150548590060784,2.36802554841367,4.07009331419134,0.581811119700128,0.560693913243612,NA
"LBRM_31_1880",0.409758661039888,1.98703088806636,3.83602284252577,0.517992454590814,0.604463533839926,NA
"LBRM_31_1890",0.215282410047006,-0.521705569758801,4.02699186999459,-0.129552178549469,0.896920740266371,NA
"LBRM_31_1900",0.25716951918947,1.40625154395371,4.07009308958569,0.345508447350243,0.729712160779994,NA
"LBRM_31_1910",0.336981559508079,0.558142011562438,3.79863620897194,0.146932209576735,0.883185528260993,NA
"LBRM_31_1920",2.23903901205056,0.00907649046806405,1.56858256328976,0.00578642825725929,0.99538312399564,0.996625799556183
"LBRM_31_1930",0.375887642832207,3.14688176220709,3.93733525674645,0.799241506502413,0.42415038880027,NA
"LBRM_31_1940",0,NA,NA,NA,NA,NA
"LBRM_31_1950",1.41998049305245,1.71988766570941,1.99068712855067,0.863966838908323,0.387606107498507,0.97845571662501
"LBRM_31_1960",0.828810440173239,2.44968735264397,2.80114695481242,0.874530109330881,0.381829630473633,NA
"LBRM_31_1970",0.301097180121568,2.94536147983492,4.04378005220696,0.728368368657302,0.466388120880344,NA
"LBRM_31_1980",0.89428059417961,1.22762551256487,2.30592498968195,0.532378771234096,0.594463685168213,NA
"LBRM_31_1990",0,NA,NA,NA,NA,NA
"LBRM_31_2000",0,NA,NA,NA,NA,NA
"LBRM_31_2001",0.106620929128686,0.512386596321632,4.0804728567969,0.125570396937733,0.900071997253288,NA
"LBRM_31_2010",0,NA,NA,NA,NA,NA
"LBRM_31_2020",0.0777714885289751,0.512386596321632,4.0804728567969,0.125570396937733,0.900071997253288,NA
"LBRM_31_2030",0,NA,NA,NA,NA,NA
"LBRM_31_2040",0,NA,NA,NA,NA,NA
"LBRM_31_2050",0.10866148091832,0.512386596321631,4.0804728567969,0.125570396937733,0.900071997253288,NA
"LBRM_31_2060",0,NA,NA,NA,NA,NA
"LBRM_31_2070",0.794939421965558,3.66299337614718,3.01117239705661,1.21646750605436,0.223806881932692,NA
"LBRM_31_2080",0.526436232892991,3.5231320871403,3.43421411862938,1.0258917951646,0.304942590521467,NA
"LBRM_31_2081",0.569600369194135,2.56902019336441,3.72121552354445,0.690371244855345,0.489960754983094,NA
"LBRM_31_2082",0,NA,NA,NA,NA,NA
"LBRM_31_2090",0.334000533689742,1.61408529533901,4.06349235823931,0.397216274337571,0.691207982142509,NA
"LBRM_31_2100",0,NA,NA,NA,NA,NA
"LBRM_31_2110",0,NA,NA,NA,NA,NA
"LBRM_31_2120",0,NA,NA,NA,NA,NA
"LBRM_31_2130",0,NA,NA,NA,NA,NA
"LBRM_31_2140",0.36583100010779,0.37730783828149,3.68378700877705,0.102423901648632,0.918420212664091,NA
"LBRM_31_2150",0.484549123750526,2.18815698437253,3.32455332860874,0.658180744325201,0.510421996464077,NA
"LBRM_31_2160",0,NA,NA,NA,NA,NA
"LBRM_31_2170",0,NA,NA,NA,NA,NA
"LBRM_31_2180",0,NA,NA,NA,NA,NA
"LBRM_31_2190",0,NA,NA,NA,NA,NA
"LBRM_31_2200",0,NA,NA,NA,NA,NA
"LBRM_31_2210",0,NA,NA,NA,NA,NA
"LBRM_31_2220",0,NA,NA,NA,NA,NA
"LBRM_31_2230",0,NA,NA,NA,NA,NA
"LBRM_31_2240",0,NA,NA,NA,NA,NA
"LBRM_31_2250",0,NA,NA,NA,NA,NA
"LBRM_31_2260",0.150548590060784,2.36802554841367,4.07009331419134,0.581811119700128,0.560693913243612,NA
"LBRM_31_2270",0.482508571960893,2.18812578744307,3.32949496545596,0.657194502513212,0.51105586000068,NA
"LBRM_31_2280",0,NA,NA,NA,NA,NA
"LBRM_31_2290",0,NA,NA,NA,NA,NA
"LBRM_31_2300",0.569600369194135,2.56902019336441,3.72121552354445,0.690371244855345,0.489960754983094,NA
"LBRM_31_2310",0,NA,NA,NA,NA,NA
"LBRM_31_2320",0.106620929128686,0.512386596321632,4.0804728567969,0.125570396937733,0.900071997253288,NA
"LBRM_31_2330",0.150548590060784,2.36802554841367,4.07009331419134,0.581811119700128,0.560693913243612,NA
"LBRM_31_2340",0.301097180121568,2.94536147983492,4.04378005220696,0.728368368657302,0.466388120880344,NA
"LBRM_31_2341",0,NA,NA,NA,NA,NA
"LBRM_31_2350",0.184392417657661,-0.322972510444289,4.04440056163657,-0.0798567069513009,0.936351222660643,NA
"LBRM_31_2360",0.559339586461165,2.35897828775056,3.41997486185782,0.689764803262065,0.490342105949544,NA
"LBRM_31_2370",0.150548590060784,2.36802554841367,4.07009331419134,0.581811119700128,0.560693913243612,NA
"LBRM_31_2380",0.378868668650543,1.9850001311204,3.95440054501736,0.501972450317799,0.615686900261154,NA
"LBRM_31_2390",0.293053898575981,-0.981973165309184,3.95663099556679,-0.248184166380296,0.803991916578278,NA
"LBRM_31_2400",0,NA,NA,NA,NA,NA
"LBRM_31_2410",0.72014895925492,3.43948944334506,3.11039865378382,1.10580341177839,0.268811617980153,NA
"LBRM_31_2420",0,NA,NA,NA,NA,NA
"LBRM_31_2430",0.10866148091832,0.512386596321631,4.0804728567969,0.125570396937733,0.900071997253288,NA
"LBRM_31_2440",0.225339052771423,2.57585470100848,4.06349269559957,0.633901644218018,0.526145012480435,NA
"LBRM_31_2450",0,NA,NA,NA,NA,NA
"LBRM_31_2460",0.150548590060784,2.36802554841367,4.07009331419134,0.581811119700128,0.560693913243612,NA
"LBRM_31_2470",0,NA,NA,NA,NA,NA
"LBRM_31_2480",0,NA,NA,NA,NA,NA
"LBRM_31_2490",0,NA,NA,NA,NA,NA
"LBRM_31_2500",0.225339052771423,2.57585470100848,4.06349269559957,0.633901644218018,0.526145012480435,NA
"LBRM_31_2510",0,NA,NA,NA,NA,NA
"LBRM_31_2520",0,NA,NA,NA,NA,NA
"LBRM_31_2530",0.184392417657661,-0.322972510444289,4.04440056163657,-0.0798567069513009,0.936351222660643,NA
"LBRM_31_2540",0,NA,NA,NA,NA,NA
"LBRM_31_2550",0,NA,NA,NA,NA,NA
"LBRM_31_2560",0.375887642832207,3.14688176220709,3.93733525674645,0.799241506502413,0.42415038880027,NA
"LBRM_31_2570",0,NA,NA,NA,NA,NA
"LBRM_31_2580",0.106620929128686,0.512386596321632,4.0804728567969,0.125570396937733,0.900071997253288,NA
"LBRM_31_2590",0.933390817512292,1.4428076960505,2.66688908845269,0.541007761551723,0.588502232969668,NA
"LBRM_31_2600",0,NA,NA,NA,NA,NA
"LBRM_31_2610",0,NA,NA,NA,NA,NA
"LBRM_31_2620",0,NA,NA,NA,NA,NA
"LBRM_31_2630",0,NA,NA,NA,NA,NA
"LBRM_31_2640",0.967998169740123,1.41066424239625,2.36534960824054,0.596387205291642,0.550916585910147,0.97845571662501
"LBRM_31_2650",0,NA,NA,NA,NA,NA
"LBRM_31_2660",0.215282410047006,-0.521705569758801,4.02699186999459,-0.129552178549469,0.896920740266371,NA
"LBRM_31_2670",0,NA,NA,NA,NA,NA
"LBRM_31_2680",0.759750698479916,1.34534425670959,2.77127640300645,0.485460149427923,0.627349974175425,NA
"LBRM_31_2690",0,NA,NA,NA,NA,NA
"LBRM_31_2700",0,NA,NA,NA,NA,NA
"LBRM_31_2710",0,NA,NA,NA,NA,NA
"LBRM_31_2720",0.225339052771423,2.57585470100848,4.06349269559957,0.633901644218018,0.526145012480435,NA
"LBRM_31_2730",0,NA,NA,NA,NA,NA
"LBRM_31_2740",0.0777714885289751,0.512386596321632,4.0804728567969,0.125570396937733,0.900071997253288,NA
"LBRM_31_2750",0.150548590060784,2.36802554841367,4.07009331419134,0.581811119700128,0.560693913243612,NA
"LBRM_31_2760",0.225339052771423,2.57585470100848,4.06349269559957,0.633901644218018,0.526145012480435,NA
"LBRM_31_2770",0.225339052771423,2.57585470100848,4.06349269559957,0.633901644218018,0.526145012480435,NA
"LBRM_31_2780",0,NA,NA,NA,NA,NA
"LBRM_31_2790",0,NA,NA,NA,NA,NA
"LBRM_31_2800",0.150548590060784,2.36802554841367,4.07009331419134,0.581811119700128,0.560693913243612,NA
"LBRM_31_2810",0,NA,NA,NA,NA,NA
"LBRM_31_2820",0.106620929128686,0.512386596321632,4.0804728567969,0.125570396937733,0.900071997253288,NA
"LBRM_31_2830",0.225339052771423,2.57585470100848,4.06349269559957,0.633901644218018,0.526145012480435,NA
"LBRM_31_2840",0,NA,NA,NA,NA,NA
"LBRM_31_2850",0,NA,NA,NA,NA,NA
"LBRM_31_2860",0,NA,NA,NA,NA,NA
"LBRM_31_2870",0,NA,NA,NA,NA,NA
"LBRM_31_2880",0,NA,NA,NA,NA,NA
"LBRM_31_2890",0.453659131361182,2.18767694246641,3.40299717706313,0.642867692401212,0.520309954570993,NA
"LBRM_31_2900",0,NA,NA,NA,NA,NA
"LBRM_31_2910",0.0777714885289751,0.512386596321632,4.0804728567969,0.125570396937733,0.900071997253288,NA
"LBRM_31_2920",0,NA,NA,NA,NA,NA
"LBRM_31_2930",0.612183134237469,0.377114969371478,3.25844828897406,0.115734526353406,0.907862942033578,NA
"LBRM_31_2940",1.90023088570668,0.972265249091152,1.67706389234953,0.579742521156441,0.562088264164878,0.97845571662501
"LBRM_31_2950",0.589129501089579,1.17883190933294,3.08593973072051,0.382000950179837,0.702460659845937,NA
"LBRM_31_2960",0,NA,NA,NA,NA,NA
"LBRM_31_2970",0,NA,NA,NA,NA,NA
"LBRM_31_2980",0.0777714885289751,0.512386596321632,4.0804728567969,0.125570396937733,0.900071997253288,NA
"LBRM_31_2990",0.303110541300398,1.61408529533901,4.06349235823931,0.397216274337571,0.691207982142509,NA
"LBRM_31_3000",0.331959981900109,1.61408529533901,4.06349235823931,0.397216274337571,0.691207982142509,NA
"LBRM_31_3010",0,NA,NA,NA,NA,NA
"LBRM_31_3020",1.02027847473698,4.16491545285351,2.73941895978004,1.52036454226335,0.128419380876531,0.786201095137236
"LBRM_31_3021",0,NA,NA,NA,NA,NA
"LBRM_31_3030",0.0777714885289751,0.512386596321632,4.0804728567969,0.125570396937733,0.900071997253288,NA
"LBRM_31_3040",0,NA,NA,NA,NA,NA
"LBRM_31_3050",0.751775285664413,3.92717380088052,2.98683528639638,1.31482771037524,0.188567812260143,NA
"LBRM_31_3060",0.150548590060784,2.36802554841367,4.07009331419134,0.581811119700128,0.560693913243612,NA
"LBRM_31_3070",14.3153289670164,1.86379380242003,0.661927400305074,2.81570728385173,0.0048669988682815,0.144567892309695
"LBRM_31_3080",0.225339052771423,2.57585470100848,4.06349269559957,0.633901644218018,0.526145012480435,NA
"LBRM_31_3090",0.529417258711327,2.41691879820607,3.47326299083334,0.695864034651225,0.486513982610758,NA
"LBRM_31_3100",0,NA,NA,NA,NA,NA
"LBRM_31_3110",0.225339052771423,2.57585470100848,4.06349269559957,0.633901644218018,0.526145012480435,NA
"LBRM_31_3120",0,NA,NA,NA,NA,NA
"LBRM_31_3130",0.225339052771423,2.57585470100848,4.06349269559957,0.633901644218018,0.526145012480435,NA
"LBRM_31_3140",0.150548590060784,2.36802554841367,4.07009331419134,0.581811119700128,0.560693913243612,NA
"LBRM_31_3150",0,NA,NA,NA,NA,NA
"LBRM_31_3160",0,NA,NA,NA,NA,NA
"LBRM_31_3170",0,NA,NA,NA,NA,NA
"LBRM_31_3180",0,NA,NA,NA,NA,NA
"LBRM_31_3190",1.3040392552195,1.34304918272496,1.96519224360418,0.683418727656789,0.494342289473684,0.97845571662501
"LBRM_31_3200",0.215282410047006,-0.521705569758801,4.02699186999459,-0.129552178549469,0.896920740266371,NA
"LBRM_31_3210",0,NA,NA,NA,NA,NA
"LBRM_31_3220",0.0777714885289751,0.512386596321632,4.0804728567969,0.125570396937733,0.900071997253288,NA
"LBRM_31_3230",0,NA,NA,NA,NA,NA
"LBRM_31_3240",0.638078739629647,1.58177543775501,2.99096334300039,0.528851495775353,0.596908471705187,NA
"LBRM_31_3250",0.36583100010779,0.37730783828149,3.68378700877705,0.102423901648632,0.918420212664091,NA
"LBRM_31_3260",0.150548590060784,2.36802554841367,4.07009331419134,0.581811119700128,0.560693913243612,NA
"LBRM_31_3270",0,NA,NA,NA,NA,NA
"LBRM_31_3280",0.569600369194135,2.56902019336441,3.72121552354445,0.690371244855345,0.489960754983094,NA
"LBRM_31_3290",0.225339052771423,2.57585470100848,4.06349269559957,0.633901644218018,0.526145012480435,NA
"LBRM_31_3300",0.225339052771423,2.57585470100848,4.06349269559957,0.633901644218018,0.526145012480435,NA
"LBRM_31_3310",0.331959981900109,1.61408529533901,4.06349235823931,0.397216274337571,0.691207982142509,NA
"LBRM_31_3320",0,NA,NA,NA,NA,NA
"LBRM_31_3330",0,NA,NA,NA,NA,NA
"LBRM_31_3340",0.602099300902248,-2.03386496986289,3.23275761400255,-0.629142426593721,0.529255816840654,NA
"LBRM_31_3350",0.225339052771423,2.57585470100848,4.06349269559957,0.633901644218018,0.526145012480435,NA
"LBRM_31_3360",0.458653518358348,0.400531344735834,3.6534483501136,0.109631040691564,0.912701992118303,NA
"LBRM_31_3370",0,NA,NA,NA,NA,NA
"LBRM_31_3380",0,NA,NA,NA,NA,NA
"LBRM_31_3390",0,NA,NA,NA,NA,NA
"LBRM_31_3400",0.150548590060784,2.36802554841367,4.07009331419134,0.581811119700128,0.560693913243612,NA
"LBRM_31_3410",0,NA,NA,NA,NA,NA
"LBRM_31_3420",0,NA,NA,NA,NA,NA
"LBRM_31_3430",0.72014895925492,3.43948944334506,3.11039865378382,1.10580341177839,0.268811617980153,NA
"LBRM_31_3440",0.225339052771423,2.57585470100848,4.06349269559957,0.633901644218018,0.526145012480435,NA
"LBRM_31_3450",0.375887642832207,3.14688176220709,3.93733525674645,0.799241506502413,0.42415038880027,NA
"LBRM_31_3460",0,NA,NA,NA,NA,NA
"LBRM_31_3470",0,NA,NA,NA,NA,NA
"LBRM_31_3480",0,NA,NA,NA,NA,NA
"LBRM_31_3490",0.0777714885289751,0.512386596321632,4.0804728567969,0.125570396937733,0.900071997253288,NA
"LBRM_31_3500",0,NA,NA,NA,NA,NA
"LBRM_31_3510",0,NA,NA,NA,NA,NA
"LBRM_31_3520",0.58315396194443,-0.630608979519146,3.0791149885568,-0.204802023264067,0.837726806184477,NA
"LBRM_31_3530",0.303110541300398,1.61408529533901,4.06349235823931,0.397216274337571,0.691207982142509,NA
"LBRM_31_3540",0,NA,NA,NA,NA,NA
"LBRM_31_3550",0.36583100010779,0.37730783828149,3.68378700877705,0.102423901648632,0.918420212664091,NA
"LBRM_31_3560",0.10866148091832,0.512386596321631,4.0804728567969,0.125570396937733,0.900071997253288,NA
"LBRM_31_3570",0.303110541300398,1.61408529533901,4.06349235823931,0.397216274337571,0.691207982142509,NA
"LBRM_31_3580",0,NA,NA,NA,NA,NA
"LBRM_31_3590",0,NA,NA,NA,NA,NA
"LBRM_31_3600",0.334941007718446,0.571059908719948,3.80738004106996,0.14998762996075,0.880774374718182,NA
"LBRM_31_3610",6.65047180377468,5.10138037770712,1.36997226111229,3.72371070751847,0.000196315869214441,0.0112460947935701
"LBRM_31_3620",0,NA,NA,NA,NA,NA
"LBRM_31_3630",0,NA,NA,NA,NA,NA
"LBRM_31_3640",0,NA,NA,NA,NA,NA
"LBRM_31_snRNA1",0,NA,NA,NA,NA,NA
"LBRM_31_tRNA1",0.972992556737289,0.472950716570621,2.32168408271658,0.203710194720905,0.838579975014536,0.97845571662501
"LBRM_31_tRNA2",2.88643806038447,0.534564423148601,1.35583666331877,0.394269042585197,0.693382416482207,0.97845571662501
"LBRM_31_tRNA3",0.663879285680937,-2.16524476583494,2.83304515670992,-0.764281769638112,0.444699346916073,NA
"LBRM_31_tRNA4",2.58490926779204,-0.874058431909828,1.66759374728308,-0.524143505175577,0.600178731283669,0.97845571662501
"LBRM_31_tRNA5",0.184392417657661,-0.322972510444289,4.04440056163657,-0.0798567069513009,0.936351222660643,NA
"LBRM_32_0010",7.67896735831879,0.324527195703943,0.836030303603482,0.388176354738765,0.697885530114769,0.97845571662501
"LBRM_32_0020",0.106620929128686,0.512386596321632,4.0804728567969,0.125570396937733,0.900071997253288,NA
"LBRM_32_0030",0.301097180121568,2.94536147983492,4.04378005220696,0.728368368657302,0.466388120880344,NA
"LBRM_32_0040",1.53363636096794,0.502954570059291,1.81911678708042,0.276482836963153,0.782177240205657,0.97845571662501
"LBRM_32_0050",0,NA,NA,NA,NA,NA
"LBRM_32_0060",0,NA,NA,NA,NA,NA
"LBRM_32_0070",0,NA,NA,NA,NA,NA
"LBRM_32_0080",0,NA,NA,NA,NA,NA
"LBRM_32_0090",0,NA,NA,NA,NA,NA
"LBRM_32_0100",0.225339052771423,2.57585470100848,4.06349269559957,0.633901644218018,0.526145012480435,NA
"LBRM_32_0110",0,NA,NA,NA,NA,NA
"LBRM_32_0120",0,NA,NA,NA,NA,NA
"LBRM_32_0130",0.150548590060784,2.36802554841367,4.07009331419134,0.581811119700128,0.560693913243612,NA
"LBRM_32_0140",0,NA,NA,NA,NA,NA
"LBRM_32_0150",0,NA,NA,NA,NA,NA
"LBRM_32_0160",0,NA,NA,NA,NA,NA
"LBRM_32_0170",0,NA,NA,NA,NA,NA
"LBRM_32_0180",0,NA,NA,NA,NA,NA
"LBRM_32_0190",0,NA,NA,NA,NA,NA
"LBRM_32_0200",0.303110541300398,1.61408529533901,4.06349235823931,0.397216274337571,0.691207982142509,NA
"LBRM_32_0210",0.627054432265723,-0.360787249567604,2.76733953602734,-0.130373322416928,0.896271072054042,NA
"LBRM_32_0220",0.753992786851797,0.742235396893765,2.91817413612435,0.25434924794431,0.799225756091841,NA
"LBRM_32_0230",0,NA,NA,NA,NA,NA
"LBRM_32_0240",0,NA,NA,NA,NA,NA
"LBRM_32_0250",0,NA,NA,NA,NA,NA
"LBRM_32_0260",0,NA,NA,NA,NA,NA
"LBRM_32_0270",0,NA,NA,NA,NA,NA
"LBRM_32_0280",2.05171994979617,0.924617323043659,1.62165742963339,0.570168092315703,0.568563695172496,0.97845571662501
"LBRM_32_0290",0.228320078589759,1.40625154395371,4.07009308958569,0.345508447350244,0.729712160779994,NA
"LBRM_32_0300",0,NA,NA,NA,NA,NA
"LBRM_32_0310",0.450678105542845,3.32271092996418,4.01688493769328,0.827185986530216,0.408131653169535,NA
"LBRM_32_0320",0.484549123750526,2.18815698437253,3.32455332860874,0.658180744325201,0.510421996464077,NA
"LBRM_32_0330",0.262163906186637,-0.836210405206493,4.00377057373284,-0.208855724824129,0.834560868338514,NA
"LBRM_32_0340",0.225339052771423,2.57585470100848,4.06349269559957,0.633901644218018,0.526145012480435,NA
"LBRM_32_0350",0,NA,NA,NA,NA,NA
"LBRM_32_0360",0.10866148091832,0.512386596321631,4.0804728567969,0.125570396937733,0.900071997253288,NA
"LBRM_32_0370",0.531430619890157,1.5359759363705,3.20904100485961,0.478640171329843,0.632194635018944,NA
"LBRM_32_0380",0.482508571960893,2.18812578744307,3.32949496545596,0.657194502513212,0.51105586000068,NA
"LBRM_32_0390",0.569600369194135,2.56902019336441,3.72121552354445,0.690371244855345,0.489960754983094,NA
"LBRM_32_0400",0.749666865144696,-0.767525533731619,2.77104638499268,-0.276980399133104,0.781795156787413,NA
"LBRM_32_0410",0,NA,NA,NA,NA,NA
"LBRM_32_0420",0,NA,NA,NA,NA,NA
"LBRM_32_0430",0.301097180121568,2.94536147983492,4.04378005220696,0.728368368657302,0.466388120880344,NA
"LBRM_32_0440",0.106620929128686,0.512386596321632,4.0804728567969,0.125570396937733,0.900071997253288,NA
"LBRM_32_0450",0,NA,NA,NA,NA,NA
"LBRM_32_0460",0.228320078589759,1.40625154395371,4.07009308958569,0.345508447350244,0.729712160779994,NA
"LBRM_32_0470",0.150548590060784,2.36802554841367,4.07009331419134,0.581811119700128,0.560693913243612,NA
"LBRM_32_0480",0,NA,NA,NA,NA,NA
"LBRM_32_0490",0.10866148091832,0.512386596321631,4.0804728567969,0.125570396937733,0.900071997253288,NA
"LBRM_32_0500",0.594151078697549,0.519947630579927,2.82675581492527,0.183937936143831,0.854062143776909,NA
"LBRM_32_0510",0,NA,NA,NA,NA,NA
"LBRM_32_0520",1.34814386554935,0.681449008100759,1.98298280800491,0.343648470047185,0.731110668352274,0.97845571662501
"LBRM_32_0530",0,NA,NA,NA,NA,NA
"LBRM_32_0540",0.63509771381131,2.57296621268561,3.00108970139918,0.857343987914133,0.391254804960616,NA
"LBRM_32_0550",0.826769888383606,2.44990725715277,2.80329475323734,0.873938516213301,0.38215173783949,NA
"LBRM_32_0560",0,NA,NA,NA,NA,NA
"LBRM_32_0570",0,NA,NA,NA,NA,NA
"LBRM_32_0580",0.106620929128686,0.512386596321632,4.0804728567969,0.125570396937733,0.900071997253288,NA
"LBRM_32_0590",0.569600369194135,2.56902019336441,3.72121552354445,0.690371244855345,0.489960754983094,NA
"LBRM_32_0600",0,NA,NA,NA,NA,NA
"LBRM_32_0610",0.106620929128686,0.512386596321632,4.0804728567969,0.125570396937733,0.900071997253288,NA
"LBRM_32_0611",0.0777714885289751,0.512386596321632,4.0804728567969,0.125570396937733,0.900071997253288,NA
"LBRM_32_0620",0,NA,NA,NA,NA,NA
"LBRM_32_0630",0,NA,NA,NA,NA,NA
"LBRM_32_0640",0.259210070979104,1.40625154395371,4.07009308958569,0.345508447350243,0.729712160779994,NA
"LBRM_32_0650",0.10866148091832,0.512386596321631,4.0804728567969,0.125570396937733,0.900071997253288,NA
"LBRM_32_0660",1.04409285022025,0.814567177076791,2.38095610867725,0.34211767873761,0.73226233362404,0.97845571662501
"LBRM_32_0670",0,NA,NA,NA,NA,NA
"LBRM_32_0680",0.217322961836639,-0.533674641665669,4.02601547254019,-0.132556530223405,0.894544112800906,NA
"LBRM_32_0690",0,NA,NA,NA,NA,NA
"LBRM_32_0700",0,NA,NA,NA,NA,NA
"LBRM_32_0710",0,NA,NA,NA,NA,NA
"LBRM_32_0720",0,NA,NA,NA,NA,NA
"LBRM_32_0730",0,NA,NA,NA,NA,NA
"LBRM_32_0740",0.225339052771423,2.57585470100848,4.06349269559957,0.633901644218018,0.526145012480435,NA
"LBRM_32_0750",0,NA,NA,NA,NA,NA
"LBRM_32_0760",0.64103257483718,0.272066059540164,2.94056518133516,0.0925216897986368,0.926283559162831,NA
"LBRM_32_0770",0,NA,NA,NA,NA,NA
"LBRM_32_0780",0,NA,NA,NA,NA,NA
"LBRM_32_0790",0,NA,NA,NA,NA,NA
"LBRM_32_0800",0.106620929128686,0.512386596321632,4.0804728567969,0.125570396937733,0.900071997253288,NA
"LBRM_32_0810",0.215282410047006,-0.521705569758801,4.02699186999459,-0.129552178549469,0.896920740266371,NA
"LBRM_32_0820",0,NA,NA,NA,NA,NA
"LBRM_32_0830",0,NA,NA,NA,NA,NA
"LBRM_32_0840",0.293053898575981,-0.981973165309184,3.95663099556679,-0.248184166380296,0.803991916578278,NA
"LBRM_32_0850",0,NA,NA,NA,NA,NA
"LBRM_32_0860",0,NA,NA,NA,NA,NA
"LBRM_32_0870",0,NA,NA,NA,NA,NA
"LBRM_32_0880",0,NA,NA,NA,NA,NA
"LBRM_32_0890",0.150548590060784,2.36802554841367,4.07009331419134,0.581811119700128,0.560693913243612,NA
"LBRM_32_0900",0.225339052771423,2.57585470100848,4.06349269559957,0.633901644218018,0.526145012480435,NA
"LBRM_32_0910",0,NA,NA,NA,NA,NA
"LBRM_32_0920",0.106620929128686,0.512386596321632,4.0804728567969,0.125570396937733,0.900071997253288,NA
"LBRM_32_0930",0.150548590060784,2.36802554841367,4.07009331419134,0.581811119700128,0.560693913243612,NA
"LBRM_32_0940",0.700772007826236,0.0822678410785703,2.64612210965707,0.0310899639810016,0.97519779338503,NA
"LBRM_32_0950",0.0777714885289751,0.512386596321632,4.0804728567969,0.125570396937733,0.900071997253288,NA
"LBRM_32_0960",0.186432969447295,-0.33622145367943,4.04316669949863,-0.083157949861707,0.933725948031842,NA
"LBRM_32_0970",0.225339052771423,2.57585470100848,4.06349269559957,0.633901644218018,0.526145012480435,NA
"LBRM_32_0980",0.10866148091832,0.512386596321631,4.0804728567969,0.125570396937733,0.900071997253288,NA
"LBRM_32_0990",0,NA,NA,NA,NA,NA
"LBRM_32_1000",0.150548590060784,2.36802554841367,4.07009331419134,0.581811119700128,0.560693913243612,NA
"LBRM_32_1010",0.186432969447295,-0.33622145367943,4.04316669949863,-0.083157949861707,0.933725948031842,NA
"LBRM_32_1020",0,NA,NA,NA,NA,NA
"LBRM_32_1030",0,NA,NA,NA,NA,NA
"LBRM_32_1040",0.0777714885289751,0.512386596321632,4.0804728567969,0.125570396937733,0.900071997253288,NA
"LBRM_32_1050",0.233314465586925,-0.688087203449716,4.0140974204965,-0.171417664139453,0.863895366368199,NA
"LBRM_32_1060",0.10866148091832,0.512386596321631,4.0804728567969,0.125570396937733,0.900071997253288,NA
"LBRM_32_1070",0.225339052771423,2.57585470100848,4.06349269559957,0.633901644218018,0.526145012480435,NA
"LBRM_32_1080",0,NA,NA,NA,NA,NA
"LBRM_32_1090",0.106620929128686,0.512386596321632,4.0804728567969,0.125570396937733,0.900071997253288,NA
"LBRM_32_1100",0.10866148091832,0.512386596321631,4.0804728567969,0.125570396937733,0.900071997253288,NA
"LBRM_32_1110",0.375887642832207,3.14688176220709,3.93733525674645,0.799241506502413,0.42415038880027,NA
"LBRM_32_1120",0,NA,NA,NA,NA,NA
"LBRM_32_1130",0.150548590060784,2.36802554841367,4.07009331419134,0.581811119700128,0.560693913243612,NA
"LBRM_32_1140",0.293053898575981,-0.981973165309184,3.95663099556679,-0.248184166380296,0.803991916578278,NA
"LBRM_32_1150",0.10866148091832,0.512386596321631,4.0804728567969,0.125570396937733,0.900071997253288,NA
"LBRM_32_1160",0.228320078589759,1.40625154395371,4.07009308958569,0.345508447350244,0.729712160779994,NA
"LBRM_32_1170",0,NA,NA,NA,NA,NA
"LBRM_32_1180",0.25716951918947,1.40625154395371,4.07009308958569,0.345508447350243,0.729712160779994,NA
"LBRM_32_1190",0,NA,NA,NA,NA,NA
"LBRM_32_1200",0.0777714885289751,0.512386596321632,4.0804728567969,0.125570396937733,0.900071997253288,NA
"LBRM_32_1210",0,NA,NA,NA,NA,NA
"LBRM_32_1220",0,NA,NA,NA,NA,NA
"LBRM_32_1230",0.150548590060784,2.36802554841367,4.07009331419134,0.581811119700128,0.560693913243612,NA
"LBRM_32_1240",0,NA,NA,NA,NA,NA
"LBRM_32_1250",0.106620929128686,0.512386596321632,4.0804728567969,0.125570396937733,0.900071997253288,NA
"LBRM_32_1260",0.301097180121568,2.94536147983492,4.04378005220696,0.728368368657302,0.466388120880344,NA
"LBRM_32_1270",0,NA,NA,NA,NA,NA
"LBRM_32_1280",0.150548590060784,2.36802554841367,4.07009331419134,0.581811119700128,0.560693913243612,NA
"LBRM_32_1290",0.453659131361182,2.18767694246641,3.40299717706313,0.642867692401212,0.520309954570993,NA
"LBRM_32_1300",0,NA,NA,NA,NA,NA
"LBRM_32_1310",0,NA,NA,NA,NA,NA
"LBRM_32_1320",0,NA,NA,NA,NA,NA
"LBRM_32_1330",0.430564820094012,-1.52877330229467,3.7013859779186,-0.413027258279708,0.679586642845161,NA
"LBRM_32_1340",0.225339052771423,2.57585470100848,4.06349269559957,0.633901644218018,0.526145012480435,NA
"LBRM_32_1350",0.225339052771423,2.57585470100848,4.06349269559957,0.633901644218018,0.526145012480435,NA
"LBRM_32_1360",0.184392417657661,-0.322972510444289,4.04440056163657,-0.0798567069513009,0.936351222660643,NA
"LBRM_32_1370",0.557299034671532,2.35900010515762,3.42453687215048,0.688852301267896,0.490916218673293,NA
"LBRM_32_1380",0.106620929128686,0.512386596321632,4.0804728567969,0.125570396937733,0.900071997253288,NA
"LBRM_32_1390",0.334000533689742,1.61408529533901,4.06349235823931,0.397216274337571,0.691207982142509,NA
"LBRM_32_1400",0.106620929128686,0.512386596321632,4.0804728567969,0.125570396937733,0.900071997253288,NA
"LBRM_32_1410",0.150548590060784,2.36802554841367,4.07009331419134,0.581811119700128,0.560693913243612,NA
"LBRM_32_1420",0,NA,NA,NA,NA,NA
"LBRM_32_1430",0.72014895925492,3.43948944334506,3.11039865378382,1.10580341177839,0.268811617980153,NA
"LBRM_32_1440",0,NA,NA,NA,NA,NA
"LBRM_32_1450",0.334941007718446,0.571059908719948,3.80738004106996,0.14998762996075,0.880774374718182,NA
"LBRM_32_1460",0.334000533689742,1.61408529533901,4.06349235823931,0.397216274337571,0.691207982142509,NA
"LBRM_32_1470",0.228320078589759,1.40625154395371,4.07009308958569,0.345508447350244,0.729712160779994,NA
"LBRM_32_1480",0.479486868023276,-1.69445247464431,3.23205323708913,-0.52426502608304,0.60009421874443,NA
"LBRM_32_1490",0.484549123750526,2.18815698437253,3.32455332860874,0.658180744325201,0.510421996464077,NA
"LBRM_32_1500",3.04144498527378,1.45889026523695,1.34448950664198,1.0850886213911,0.277882406449696,0.911448662524806
"LBRM_32_1510",1.41662223598486,0.405032221134134,1.99930940697894,0.202586062827643,0.83945858437216,0.97845571662501
"LBRM_32_1520",3.30795458051286,0.54772109542408,1.37780957953967,0.397530328978459,0.690976425884353,0.97845571662501
"LBRM_32_1530",8.35816968245995,0.363356804248443,0.804883062591659,0.451440490098602,0.651672106466689,0.97845571662501
"LBRM_32_1540",13.2975873317424,-0.161929734938143,0.667970251740525,-0.242420578635357,0.80845429040566,0.97845571662501
"LBRM_32_1550",3.95401889612774,-0.698376712516945,1.19503957095851,-0.584396307443439,0.558953710498746,0.97845571662501
"LBRM_32_1560",5.75304500722848,-0.307912850557066,1.01858512792314,-0.302294665527751,0.762427444531547,0.97845571662501
"LBRM_32_1570",1.77947221027431,0.50621552938467,1.71113992148979,0.295835263397945,0.767355891401076,0.97845571662501
"LBRM_32_1580",0.971831672895977,-2.70400930085396,2.73050535671323,-0.990296281311397,0.322029323673077,0.939506005256609
"LBRM_32_1590",1.31682932333884,-0.965317006710426,2.01064813097361,-0.480102406701561,0.631154576995148,0.97845571662501
"LBRM_32_1600",0,NA,NA,NA,NA,NA
"LBRM_32_1610",0.106620929128686,0.512386596321632,4.0804728567969,0.125570396937733,0.900071997253288,NA
"LBRM_32_1620",2.54529018290152,0.321962226395616,1.45524351341895,0.221242852778088,0.824903344184908,0.97845571662501
"LBRM_32_1630",0.0777714885289751,0.512386596321632,4.0804728567969,0.125570396937733,0.900071997253288,NA
"LBRM_32_1640",0.531430619890157,1.5359759363705,3.20904100485961,0.478640171329843,0.632194635018944,NA
"LBRM_32_1650",0.10866148091832,0.512386596321631,4.0804728567969,0.125570396937733,0.900071997253288,NA
"LBRM_32_1660",0.225339052771423,2.57585470100848,4.06349269559957,0.633901644218018,0.526145012480435,NA
"LBRM_32_1670",0.456640157179518,1.34958449725223,3.67488271202153,0.367245597481894,0.71343582999224,NA
"LBRM_32_1680",0.184392417657661,-0.322972510444289,4.04440056163657,-0.0798567069513009,0.936351222660643,NA
"LBRM_32_1690",0.228320078589759,1.40625154395371,4.07009308958569,0.345508447350244,0.729712160779994,NA
"LBRM_32_1700",0.10866148091832,0.512386596321631,4.0804728567969,0.125570396937733,0.900071997253288,NA
"LBRM_32_1710",0,NA,NA,NA,NA,NA
"LBRM_32_1720",0.25716951918947,1.40625154395371,4.07009308958569,0.345508447350243,0.729712160779994,NA
"LBRM_32_1730",0.559339586461165,2.35897828775056,3.41997486185782,0.689764803262065,0.490342105949544,NA
"LBRM_32_1740",0.215282410047006,-0.521705569758801,4.02699186999459,-0.129552178549469,0.896920740266371,NA
"LBRM_32_1750",0,NA,NA,NA,NA,NA
"LBRM_32_1760",0.334941007718446,0.571059908719948,3.80738004106996,0.14998762996075,0.880774374718182,NA
"LBRM_32_1770",0.106620929128686,0.512386596321632,4.0804728567969,0.125570396937733,0.900071997253288,NA
"LBRM_32_1780",0.150548590060784,2.36802554841367,4.07009331419134,0.581811119700128,0.560693913243612,NA
"LBRM_32_1790",0.186432969447295,-0.33622145367943,4.04316669949863,-0.083157949861707,0.933725948031842,NA
"LBRM_32_1800",0,NA,NA,NA,NA,NA
"LBRM_32_1810",0,NA,NA,NA,NA,NA
"LBRM_32_1820",0.225339052771423,2.57585470100848,4.06349269559957,0.633901644218018,0.526145012480435,NA
"LBRM_32_1830",0.476533032815743,-0.226268488861637,3.61795379911083,-0.0625404583434001,0.950132443882162,NA
"LBRM_32_1840",0,NA,NA,NA,NA,NA
"LBRM_32_1850",0.150548590060784,2.36802554841367,4.07009331419134,0.581811119700128,0.560693913243612,NA
"LBRM_32_1860",0,NA,NA,NA,NA,NA
"LBRM_32_1870",0.331959981900109,1.61408529533901,4.06349235823931,0.397216274337571,0.691207982142509,NA
"LBRM_32_1880",0.0777714885289751,0.512386596321632,4.0804728567969,0.125570396937733,0.900071997253288,NA
"LBRM_32_1890",0,NA,NA,NA,NA,NA
"LBRM_32_1900",0,NA,NA,NA,NA,NA
"LBRM_32_1910",0,NA,NA,NA,NA,NA
"LBRM_32_1920",0.451645770182352,3.36570143917267,3.99693293608688,0.842071031211195,0.39974819525179,NA
"LBRM_32_1930",0.10866148091832,0.512386596321631,4.0804728567969,0.125570396937733,0.900071997253288,NA
"LBRM_32_1940",0,NA,NA,NA,NA,NA
"LBRM_32_1950",0,NA,NA,NA,NA,NA
"LBRM_32_1960",0.10866148091832,0.512386596321631,4.0804728567969,0.125570396937733,0.900071997253288,NA
"LBRM_32_1970",0,NA,NA,NA,NA,NA
"LBRM_32_1980",0,NA,NA,NA,NA,NA
"LBRM_32_1990",0.150548590060784,2.36802554841367,4.07009331419134,0.581811119700128,0.560693913243612,NA
"LBRM_32_2000",0,NA,NA,NA,NA,NA
"LBRM_32_2010",0.106620929128686,0.512386596321632,4.0804728567969,0.125570396937733,0.900071997253288,NA
"LBRM_32_2020",0.106620929128686,0.512386596321632,4.0804728567969,0.125570396937733,0.900071997253288,NA
"LBRM_32_2030",0,NA,NA,NA,NA,NA
"LBRM_32_2040",0,NA,NA,NA,NA,NA
"LBRM_32_2050",0.106620929128686,0.512386596321632,4.0804728567969,0.125570396937733,0.900071997253288,NA
"LBRM_32_2060",0,NA,NA,NA,NA,NA
"LBRM_32_2070",0,NA,NA,NA,NA,NA
"LBRM_32_2080",0.0777714885289751,0.512386596321632,4.0804728567969,0.125570396937733,0.900071997253288,NA
"LBRM_32_2090",0.150548590060784,2.36802554841367,4.07009331419134,0.581811119700128,0.560693913243612,NA
"LBRM_32_2100",0,NA,NA,NA,NA,NA
"LBRM_32_2110",0.150548590060784,2.36802554841367,4.07009331419134,0.581811119700128,0.560693913243612,NA
"LBRM_32_2120",0.150548590060784,2.36802554841367,4.07009331419134,0.581811119700128,0.560693913243612,NA
"LBRM_32_2130",0.150548590060784,2.36802554841367,4.07009331419134,0.581811119700128,0.560693913243612,NA
"LBRM_32_2140",0,NA,NA,NA,NA,NA
"LBRM_32_2150",0,NA,NA,NA,NA,NA
"LBRM_32_2160",0,NA,NA,NA,NA,NA
"LBRM_32_2170",0.0777714885289751,0.512386596321632,4.0804728567969,0.125570396937733,0.900071997253288,NA
"LBRM_32_2180",0,NA,NA,NA,NA,NA
"LBRM_32_2190",0,NA,NA,NA,NA,NA
"LBRM_32_2200",0,NA,NA,NA,NA,NA
"LBRM_32_2210",0,NA,NA,NA,NA,NA
"LBRM_32_2220",0,NA,NA,NA,NA,NA
"LBRM_32_2230",0,NA,NA,NA,NA,NA
"LBRM_32_2240",0,NA,NA,NA,NA,NA
"LBRM_32_2250",0.150548590060784,2.36802554841367,4.07009331419134,0.581811119700128,0.560693913243612,NA
"LBRM_32_2260",0,NA,NA,NA,NA,NA
"LBRM_32_2270",0.10866148091832,0.512386596321631,4.0804728567969,0.125570396937733,0.900071997253288,NA
"LBRM_32_2280",0,NA,NA,NA,NA,NA
"LBRM_32_2290",0,NA,NA,NA,NA,NA
"LBRM_32_2300",0.225339052771423,2.57585470100848,4.06349269559957,0.633901644218018,0.526145012480435,NA
"LBRM_32_2310",0.150548590060784,2.36802554841367,4.07009331419134,0.581811119700128,0.560693913243612,NA
"LBRM_32_2320",0.225339052771423,2.57585470100848,4.06349269559957,0.633901644218018,0.526145012480435,NA
"LBRM_32_2330",0,NA,NA,NA,NA,NA
"LBRM_32_2340",0.186432969447295,-0.33622145367943,4.04316669949863,-0.083157949861707,0.933725948031842,NA
"LBRM_32_2350",0,NA,NA,NA,NA,NA
"LBRM_32_2360",0.36583100010779,0.37730783828149,3.68378700877705,0.102423901648632,0.918420212664091,NA
"LBRM_32_2370",2.56796084700646,5.55148465002082,1.8568153269967,2.98978825158668,0.00279170901966806,0.0972414183630986
"LBRM_32_2380",0.902323875725197,4.18199133027485,2.78014192873954,1.50423663160639,0.132520448827509,NA
"LBRM_32_2390",0,NA,NA,NA,NA,NA
"LBRM_32_2400",0.150548590060784,2.36802554841367,4.07009331419134,0.581811119700128,0.560693913243612,NA
"LBRM_32_2410",0.569600369194135,2.56902019336441,3.72121552354445,0.690371244855345,0.489960754983094,NA
"LBRM_32_2420",0.450678105542845,3.32271092996418,4.01688493769328,0.827185986530216,0.408131653169535,NA
"LBRM_32_2430",0,NA,NA,NA,NA,NA
"LBRM_32_2440",0.559339586461165,2.35897828775056,3.41997486185782,0.689764803262065,0.490342105949544,NA
"LBRM_32_2450",0.0777714885289751,0.512386596321632,4.0804728567969,0.125570396937733,0.900071997253288,NA
"LBRM_32_2460",0.482508571960893,2.18812578744307,3.32949496545596,0.657194502513212,0.51105586000068,NA
"LBRM_32_2470",0,NA,NA,NA,NA,NA
"LBRM_32_2480",0,NA,NA,NA,NA,NA
"LBRM_32_2490",0,NA,NA,NA,NA,NA
"LBRM_32_2500",1.37605283212035,1.0117724539111,2.01472361784485,0.502189205978234,0.615534434996513,0.97845571662501
"LBRM_32_2510",0.0777714885289751,0.512386596321632,4.0804728567969,0.125570396937733,0.900071997253288,NA
"LBRM_32_2520",0.150548590060784,2.36802554841367,4.07009331419134,0.581811119700128,0.560693913243612,NA
"LBRM_32_2530",0,NA,NA,NA,NA,NA
"LBRM_32_2540",0.10866148091832,0.512386596321631,4.0804728567969,0.125570396937733,0.900071997253288,NA
"LBRM_32_2550",0,NA,NA,NA,NA,NA
"LBRM_32_2560",0,NA,NA,NA,NA,NA
"LBRM_32_2570",0,NA,NA,NA,NA,NA
"LBRM_32_2580",0.10866148091832,0.512386596321631,4.0804728567969,0.125570396937733,0.900071997253288,NA
"LBRM_32_2590",0.10866148091832,0.512386596321631,4.0804728567969,0.125570396937733,0.900071997253288,NA
"LBRM_32_2600",0,NA,NA,NA,NA,NA
"LBRM_32_2610",0.259210070979104,1.40625154395371,4.07009308958569,0.345508447350243,0.729712160779994,NA
"LBRM_32_2620",0,NA,NA,NA,NA,NA
"LBRM_32_2630",0,NA,NA,NA,NA,NA
"LBRM_32_2640",0,NA,NA,NA,NA,NA
"LBRM_32_2650",0.668941541408188,0.703392686698879,2.54985882166905,0.275855541774059,0.78265902192521,NA
"LBRM_32_2660",0,NA,NA,NA,NA,NA
"LBRM_32_2670",0,NA,NA,NA,NA,NA
"LBRM_32_2680",0.150548590060784,2.36802554841367,4.07009331419134,0.581811119700128,0.560693913243612,NA
"LBRM_32_2690",0,NA,NA,NA,NA,NA
"LBRM_32_2700",0,NA,NA,NA,NA,NA
"LBRM_32_2710",0.150548590060784,2.36802554841367,4.07009331419134,0.581811119700128,0.560693913243612,NA
"LBRM_32_2720",0.378868668650543,1.9850001311204,3.95440054501736,0.501972450317799,0.615686900261154,NA
"LBRM_32_2730",0,NA,NA,NA,NA,NA
"LBRM_32_2740",0.150548590060784,2.36802554841367,4.07009331419134,0.581811119700128,0.560693913243612,NA
"LBRM_32_2750",0,NA,NA,NA,NA,NA
"LBRM_32_2760",0.0777714885289751,0.512386596321632,4.0804728567969,0.125570396937733,0.900071997253288,NA
"LBRM_32_2770",0,NA,NA,NA,NA,NA
"LBRM_32_2780",0,NA,NA,NA,NA,NA
"LBRM_32_2790",0.106620929128686,0.512386596321632,4.0804728567969,0.125570396937733,0.900071997253288,NA
"LBRM_32_2800",0.303110541300398,1.61408529533901,4.06349235823931,0.397216274337571,0.691207982142509,NA
"LBRM_32_2810",0.150548590060784,2.36802554841367,4.07009331419134,0.581811119700128,0.560693913243612,NA
"LBRM_32_2820",0.10866148091832,0.512386596321631,4.0804728567969,0.125570396937733,0.900071997253288,NA
"LBRM_32_2830",0,NA,NA,NA,NA,NA
"LBRM_32_2840",0.10866148091832,0.512386596321631,4.0804728567969,0.125570396937733,0.900071997253288,NA
"LBRM_32_2850",0,NA,NA,NA,NA,NA
"LBRM_32_2860",0,NA,NA,NA,NA,NA
"LBRM_32_2870",0,NA,NA,NA,NA,NA
"LBRM_32_2880",0,NA,NA,NA,NA,NA
"LBRM_32_2890",0.259210070979104,1.40625154395371,4.07009308958569,0.345508447350243,0.729712160779994,NA
"LBRM_32_2900",0,NA,NA,NA,NA,NA
"LBRM_32_2910",0.186432969447295,-0.33622145367943,4.04316669949863,-0.083157949861707,0.933725948031842,NA
"LBRM_32_2920",0.331959981900109,1.61408529533901,4.06349235823931,0.397216274337571,0.691207982142509,NA
"LBRM_32_2930",0.707847624732316,2.7027414285464,2.89869861431774,0.932398220082819,0.351130764312588,NA
"LBRM_32_2940",0,NA,NA,NA,NA,NA
"LBRM_32_2950",0,NA,NA,NA,NA,NA
"LBRM_32_2960",0,NA,NA,NA,NA,NA
"LBRM_32_2970",0.186432969447295,-0.33622145367943,4.04316669949863,-0.083157949861707,0.933725948031842,NA
"LBRM_32_2980",0,NA,NA,NA,NA,NA
"LBRM_32_2990",1.88667729295639,2.56954773409253,1.77208516558175,1.45001368105747,0.147054704141952,0.824895983305218
"LBRM_32_3000",0,NA,NA,NA,NA,NA
"LBRM_32_3010",0,NA,NA,NA,NA,NA
"LBRM_32_3020",0,NA,NA,NA,NA,NA
"LBRM_32_3030",0,NA,NA,NA,NA,NA
"LBRM_32_3040",0,NA,NA,NA,NA,NA
"LBRM_32_3050",0.150548590060784,2.36802554841367,4.07009331419134,0.581811119700128,0.560693913243612,NA
"LBRM_32_3060",0.150548590060784,2.36802554841367,4.07009331419134,0.581811119700128,0.560693913243612,NA
"LBRM_32_3070",0,NA,NA,NA,NA,NA
"LBRM_32_3080",0,NA,NA,NA,NA,NA
"LBRM_32_3090",0.259210070979104,1.40625154395371,4.07009308958569,0.345508447350243,0.729712160779994,NA
"LBRM_32_3100",0.150548590060784,2.36802554841367,4.07009331419134,0.581811119700128,0.560693913243612,NA
"LBRM_32_3110",0,NA,NA,NA,NA,NA
"LBRM_32_3120",0.150548590060784,2.36802554841367,4.07009331419134,0.581811119700128,0.560693913243612,NA
"LBRM_32_3130",0,NA,NA,NA,NA,NA
"LBRM_32_3140",0.10866148091832,0.512386596321631,4.0804728567969,0.125570396937733,0.900071997253288,NA
"LBRM_32_3150",0.794939421965558,3.66299337614718,3.01117239705661,1.21646750605436,0.223806881932692,NA
"LBRM_32_3160",0.225339052771423,2.57585470100848,4.06349269559957,0.633901644218018,0.526145012480435,NA
"LBRM_32_3170",0.106620929128686,0.512386596321632,4.0804728567969,0.125570396937733,0.900071997253288,NA
"LBRM_32_3180",0.569600369194135,2.56902019336441,3.72121552354445,0.690371244855345,0.489960754983094,NA
"LBRM_32_3190",0,NA,NA,NA,NA,NA
"LBRM_32_3200",0.228320078589759,1.40625154395371,4.07009308958569,0.345508447350244,0.729712160779994,NA
"LBRM_32_3210",0.0777714885289751,0.512386596321632,4.0804728567969,0.125570396937733,0.900071997253288,NA
"LBRM_32_3220",0.10866148091832,0.512386596321631,4.0804728567969,0.125570396937733,0.900071997253288,NA
"LBRM_32_3230",0,NA,NA,NA,NA,NA
"LBRM_32_3240",1.52231617859332,2.04321164929734,2.14742342985548,0.951471247305353,0.341365207670451,0.958758700639694
"LBRM_32_3250",0.978082003075343,4.31340398936881,2.72347713708872,1.58378564322359,0.113242507480011,0.786201095137236
"LBRM_32_3260",0.862654267770117,0.0812537032023511,2.5866171287798,0.0314131157248934,0.974940081477929,NA
"LBRM_32_3270",0,NA,NA,NA,NA,NA
"LBRM_32_3280",0,NA,NA,NA,NA,NA
"LBRM_32_3290",0,NA,NA,NA,NA,NA
"LBRM_32_3300",0,NA,NA,NA,NA,NA
"LBRM_32_3310",0.106620929128686,0.512386596321632,4.0804728567969,0.125570396937733,0.900071997253288,NA
"LBRM_32_3320",0,NA,NA,NA,NA,NA
"LBRM_32_3330",0,NA,NA,NA,NA,NA
"LBRM_32_3340",0.10866148091832,0.512386596321631,4.0804728567969,0.125570396937733,0.900071997253288,NA
"LBRM_32_3350",1.08595276875191,1.14170500973417,2.35389144690816,0.485028743034776,0.627655956735928,0.97845571662501
"LBRM_32_3360",0,NA,NA,NA,NA,NA
"LBRM_32_3370",0.441561936847132,-0.0755863754738768,3.40471935311889,-0.0222004716496342,0.982288041362266,NA
"LBRM_32_3380",0.225339052771423,2.57585470100848,4.06349269559957,0.633901644218018,0.526145012480435,NA
"LBRM_32_3390",0.334000533689742,1.61408529533901,4.06349235823931,0.397216274337571,0.691207982142509,NA
"LBRM_32_3400",0.150548590060784,2.36802554841367,4.07009331419134,0.581811119700128,0.560693913243612,NA
"LBRM_32_3410",0.441561936847132,-0.0755863754738768,3.40471935311889,-0.0222004716496342,0.982288041362266,NA
"LBRM_32_3420",0,NA,NA,NA,NA,NA
"LBRM_32_3430",0.150548590060784,2.36802554841367,4.07009331419134,0.581811119700128,0.560693913243612,NA
"LBRM_32_3440",0.0777714885289751,0.512386596321632,4.0804728567969,0.125570396937733,0.900071997253288,NA
"LBRM_32_3450",0.367871551897423,0.360330296647215,4.00569038940248,0.0899546049790844,0.928323288495364,NA
"LBRM_32_3460",0,NA,NA,NA,NA,NA
"LBRM_32_3470",0.225339052771423,2.57585470100848,4.06349269559957,0.633901644218018,0.526145012480435,NA
"LBRM_32_3480",0.10866148091832,0.512386596321631,4.0804728567969,0.125570396937733,0.900071997253288,NA
"LBRM_32_3490",0,NA,NA,NA,NA,NA
"LBRM_32_3500",0,NA,NA,NA,NA,NA
"LBRM_32_3510",0,NA,NA,NA,NA,NA
"LBRM_32_3520",0.150548590060784,2.36802554841367,4.07009331419134,0.581811119700128,0.560693913243612,NA
"LBRM_32_3530",0,NA,NA,NA,NA,NA
"LBRM_32_3540",0,NA,NA,NA,NA,NA
"LBRM_32_3550",0.225339052771423,2.57585470100848,4.06349269559957,0.633901644218018,0.526145012480435,NA
"LBRM_32_3560",0.184392417657661,-0.322972510444289,4.04440056163657,-0.0798567069513009,0.936351222660643,NA
"LBRM_32_3570",0,NA,NA,NA,NA,NA
"LBRM_32_3580",0.10866148091832,0.512386596321631,4.0804728567969,0.125570396937733,0.900071997253288,NA
"LBRM_32_3590",0.25716951918947,1.40625154395371,4.07009308958569,0.345508447350243,0.729712160779994,NA
"LBRM_32_3600",0.150548590060784,2.36802554841367,4.07009331419134,0.581811119700128,0.560693913243612,NA
"LBRM_32_3610",0,NA,NA,NA,NA,NA
"LBRM_32_3620",0,NA,NA,NA,NA,NA
"LBRM_32_3630",0.301097180121568,2.94536147983492,4.04378005220696,0.728368368657302,0.466388120880344,NA
"LBRM_32_3650",0.378868668650543,1.9850001311204,3.95440054501736,0.501972450317799,0.615686900261154,NA
"LBRM_32_3660",0.225339052771423,2.57585470100848,4.06349269559957,0.633901644218018,0.526145012480435,NA
"LBRM_32_3670",0,NA,NA,NA,NA,NA
"LBRM_32_3680",0,NA,NA,NA,NA,NA
"LBRM_32_3690",0.569600369194135,2.56902019336441,3.72121552354445,0.690371244855345,0.489960754983094,NA
"LBRM_32_3700",0,NA,NA,NA,NA,NA
"LBRM_32_3710",0,NA,NA,NA,NA,NA
"LBRM_32_3711",0,NA,NA,NA,NA,NA
"LBRM_32_3720",0,NA,NA,NA,NA,NA
"LBRM_32_3730",0.301097180121568,2.94536147983492,4.04378005220696,0.728368368657302,0.466388120880344,NA
"LBRM_32_3740",0.225339052771423,2.57585470100848,4.06349269559957,0.633901644218018,0.526145012480435,NA
"LBRM_32_3750",0,NA,NA,NA,NA,NA
"LBRM_32_3760",0.150548590060784,2.36802554841367,4.07009331419134,0.581811119700128,0.560693913243612,NA
"LBRM_32_3770",0.225339052771423,2.57585470100848,4.06349269559957,0.633901644218018,0.526145012480435,NA
"LBRM_32_3780",0,NA,NA,NA,NA,NA
"LBRM_32_3790",0,NA,NA,NA,NA,NA
"LBRM_32_3800",0,NA,NA,NA,NA,NA
"LBRM_32_3810",0,NA,NA,NA,NA,NA
"LBRM_32_3820",0,NA,NA,NA,NA,NA
"LBRM_32_3830",0,NA,NA,NA,NA,NA
"LBRM_32_3840",0,NA,NA,NA,NA,NA
"LBRM_32_3841",0,NA,NA,NA,NA,NA
"LBRM_32_3850",0,NA,NA,NA,NA,NA
"LBRM_32_3860",0.0777714885289751,0.512386596321632,4.0804728567969,0.125570396937733,0.900071997253288,NA
"LBRM_32_3870",0,NA,NA,NA,NA,NA
"LBRM_32_3880",0.375887642832207,3.14688176220709,3.93733525674645,0.799241506502413,0.42415038880027,NA
"LBRM_32_3890",0,NA,NA,NA,NA,NA
"LBRM_32_3900",0,NA,NA,NA,NA,NA
"LBRM_32_3910",0,NA,NA,NA,NA,NA
"LBRM_32_3920",0,NA,NA,NA,NA,NA
"LBRM_32_3930",0.569600369194135,2.56902019336441,3.72121552354445,0.690371244855345,0.489960754983094,NA
"LBRM_32_3940",0.375887642832207,3.14688176220709,3.93733525674645,0.799241506502413,0.42415038880027,NA
"LBRM_32_3950",0.0777714885289751,0.512386596321632,4.0804728567969,0.125570396937733,0.900071997253288,NA
"LBRM_32_3960",0,NA,NA,NA,NA,NA
"LBRM_32_3970",0,NA,NA,NA,NA,NA
"LBRM_32_3980",0,NA,NA,NA,NA,NA
"LBRM_32_3990",0.0777714885289751,0.512386596321632,4.0804728567969,0.125570396937733,0.900071997253288,NA
"LBRM_32_4000",0.106620929128686,0.512386596321632,4.0804728567969,0.125570396937733,0.900071997253288,NA
"LBRM_32_4010",0,NA,NA,NA,NA,NA
"LBRM_32_4020",0,NA,NA,NA,NA,NA
"LBRM_32_4030",0,NA,NA,NA,NA,NA
"LBRM_32_4040",0.150548590060784,2.36802554841367,4.07009331419134,0.581811119700128,0.560693913243612,NA
"LBRM_32_4050",0,NA,NA,NA,NA,NA
"LBRM_32_4060",0,NA,NA,NA,NA,NA
"LBRM_32_4070",0.301097180121568,2.94536147983492,4.04378005220696,0.728368368657302,0.466388120880344,NA
"LBRM_32_4080",0,NA,NA,NA,NA,NA
"LBRM_32_4090",0,NA,NA,NA,NA,NA
"LBRM_32_4100",0.0777714885289751,0.512386596321632,4.0804728567969,0.125570396937733,0.900071997253288,NA
"LBRM_32_4110",0,NA,NA,NA,NA,NA
"LBRM_32_4120",0,NA,NA,NA,NA,NA
"LBRM_32_4130",0.150548590060784,2.36802554841367,4.07009331419134,0.581811119700128,0.560693913243612,NA
"LBRM_32_4140",0.743732004118826,0.862516068507387,2.62657376593368,0.328380675880536,0.742623852059762,NA
"LBRM_32_4150",0,NA,NA,NA,NA,NA
"LBRM_32_4160",0.828810440173239,2.44968735264397,2.80114695481242,0.874530109330881,0.381829630473633,NA
"LBRM_32_4170",0.601226695603629,3.65666645920249,3.27360907528349,1.1170137835978,0.263988431772301,NA
"LBRM_32_4180",0,NA,NA,NA,NA,NA
"LBRM_32_4190",0,NA,NA,NA,NA,NA
"LBRM_32_4200",0.678261850112455,1.59451783523087,3.25770653029984,0.489460244623112,0.624515893587791,NA
"LBRM_32_4210",0,NA,NA,NA,NA,NA
"LBRM_32_4220",0,NA,NA,NA,NA,NA
"LBRM_32_4230",0.10866148091832,0.512386596321631,4.0804728567969,0.125570396937733,0.900071997253288,NA
"LBRM_33_0010",0.150548590060784,2.36802554841367,4.07009331419134,0.581811119700128,0.560693913243612,NA
"LBRM_33_0020",0.225339052771423,2.57585470100848,4.06349269559957,0.633901644218018,0.526145012480435,NA
"LBRM_33_0030",0.569600369194135,2.56902019336441,3.72121552354445,0.690371244855345,0.489960754983094,NA
"LBRM_33_0040",0,NA,NA,NA,NA,NA
"LBRM_33_0050",0,NA,NA,NA,NA,NA
"LBRM_33_0060",0,NA,NA,NA,NA,NA
"LBRM_33_0070",0,NA,NA,NA,NA,NA
"LBRM_33_0080",0,NA,NA,NA,NA,NA
"LBRM_33_0090",0,NA,NA,NA,NA,NA
"LBRM_33_0100",0,NA,NA,NA,NA,NA
"LBRM_33_0110",0.10866148091832,0.512386596321631,4.0804728567969,0.125570396937733,0.900071997253288,NA
"LBRM_33_0120",0,NA,NA,NA,NA,NA
"LBRM_33_0130",0.0777714885289751,0.512386596321632,4.0804728567969,0.125570396937733,0.900071997253288,NA
"LBRM_33_0140",0.106620929128686,0.512386596321632,4.0804728567969,0.125570396937733,0.900071997253288,NA
"LBRM_33_0150",0.150548590060784,2.36802554841367,4.07009331419134,0.581811119700128,0.560693913243612,NA
"LBRM_33_0160",0.150548590060784,2.36802554841367,4.07009331419134,0.581811119700128,0.560693913243612,NA
"LBRM_33_0170",0.150548590060784,2.36802554841367,4.07009331419134,0.581811119700128,0.560693913243612,NA
"LBRM_33_0180",0.753992786851797,0.742235396893765,2.91817413612435,0.25434924794431,0.799225756091841,NA
"LBRM_33_0190",0,NA,NA,NA,NA,NA
"LBRM_33_0200",0,NA,NA,NA,NA,NA
"LBRM_33_0210",0.150548590060784,2.36802554841367,4.07009331419134,0.581811119700128,0.560693913243612,NA
"LBRM_33_0220",0.150548590060784,2.36802554841367,4.07009331419134,0.581811119700128,0.560693913243612,NA
"LBRM_33_0230",0.150548590060784,2.36802554841367,4.07009331419134,0.581811119700128,0.560693913243612,NA
"LBRM_33_0240",0,NA,NA,NA,NA,NA
"LBRM_33_0250",0.225339052771423,2.57585470100848,4.06349269559957,0.633901644218018,0.526145012480435,NA
"LBRM_33_0260",0,NA,NA,NA,NA,NA
"LBRM_33_0270",0,NA,NA,NA,NA,NA
"LBRM_33_0280",0.375887642832207,3.14688176220709,3.93733525674645,0.799241506502413,0.42415038880027,NA
"LBRM_33_0290",0,NA,NA,NA,NA,NA
"LBRM_33_0300",0,NA,NA,NA,NA,NA
"LBRM_33_0310",1.34589917375116,1.5140239617755,2.05158121755467,0.737979051874975,0.460527178902397,0.97845571662501
"LBRM_33_0320",1.02325950055532,3.05921905245086,2.45641478636544,1.24540003155466,0.212984741715557,0.898195964048256
"LBRM_33_0330",0.301097180121568,2.94536147983492,4.04378005220696,0.728368368657302,0.466388120880344,NA
"LBRM_33_0340",10.0816675603527,0.744468790171986,0.772788504510257,0.963353861796614,0.335369971862282,0.958758700639694
"LBRM_33_0350",0.409758661039888,1.98703088806636,3.83602284252577,0.517992454590814,0.604463533839926,NA
"LBRM_33_0360",0,NA,NA,NA,NA,NA
"LBRM_33_0370",0,NA,NA,NA,NA,NA
"LBRM_33_0380",0.72014895925492,3.43948944334506,3.11039865378382,1.10580341177839,0.268811617980153,NA
"LBRM_33_0390",0.106620929128686,0.512386596321632,4.0804728567969,0.125570396937733,0.900071997253288,NA
"LBRM_33_0400",0,NA,NA,NA,NA,NA
"LBRM_33_0410",0,NA,NA,NA,NA,NA
"LBRM_33_0420",0.150548590060784,2.36802554841367,4.07009331419134,0.581811119700128,0.560693913243612,NA
"LBRM_33_0430",0.225339052771423,2.57585470100848,4.06349269559957,0.633901644218018,0.526145012480435,NA
"LBRM_33_0440",0,NA,NA,NA,NA,NA
"LBRM_33_0450",0,NA,NA,NA,NA,NA
"LBRM_33_0460",0.301097180121568,2.94536147983492,4.04378005220696,0.728368368657302,0.466388120880344,NA
"LBRM_33_0470",0,NA,NA,NA,NA,NA
"LBRM_33_0480",0.150548590060784,2.36802554841367,4.07009331419134,0.581811119700128,0.560693913243612,NA
"LBRM_33_0490",0,NA,NA,NA,NA,NA
"LBRM_33_0500",0.0777714885289751,0.512386596321632,4.0804728567969,0.125570396937733,0.900071997253288,NA
"LBRM_33_0510",0,NA,NA,NA,NA,NA
"LBRM_33_0520",0,NA,NA,NA,NA,NA
"LBRM_33_0530",0.336981559508079,0.558142011562438,3.79863620897194,0.146932209576735,0.883185528260993,NA
"LBRM_33_0540",0,NA,NA,NA,NA,NA
"LBRM_33_0550",0,NA,NA,NA,NA,NA
"LBRM_33_0560",0.10866148091832,0.512386596321631,4.0804728567969,0.125570396937733,0.900071997253288,NA
"LBRM_33_0570",0,NA,NA,NA,NA,NA
"LBRM_33_0580",0,NA,NA,NA,NA,NA
"LBRM_33_0590",0.409731470429084,0.766215052256748,3.52755227934135,0.21720870212016,0.828045703264168,NA
"LBRM_33_0600",0,NA,NA,NA,NA,NA
"LBRM_33_0610",0.184392417657661,-0.322972510444289,4.04440056163657,-0.0798567069513009,0.936351222660643,NA
"LBRM_33_0620",0.259210070979104,1.40625154395371,4.07009308958569,0.345508447350243,0.729712160779994,NA
"LBRM_33_0630",0,NA,NA,NA,NA,NA
"LBRM_33_0640",0.604207721421966,2.57131227611813,3.0525090610705,0.842360243548757,0.399586339388437,NA
"LBRM_33_0650",1.13920073838827,4.32272944599793,3.98264050920487,1.08539282820205,0.277747707443976,0.911448662524806
"LBRM_33_0660",0,NA,NA,NA,NA,NA
"LBRM_33_0670",0,NA,NA,NA,NA,NA
"LBRM_33_0680",0,NA,NA,NA,NA,NA
"LBRM_33_0690",1.24956621796625,3.46446249342134,2.41126038316457,1.43678489374695,0.150779124039409,0.824895983305218
"LBRM_33_0700",0,NA,NA,NA,NA,NA
"LBRM_33_0710",0,NA,NA,NA,NA,NA
"LBRM_33_0720",0.150548590060784,2.36802554841367,4.07009331419134,0.581811119700128,0.560693913243612,NA
"LBRM_33_0730",0,NA,NA,NA,NA,NA
"LBRM_33_0740",0.303110541300398,1.61408529533901,4.06349235823931,0.397216274337571,0.691207982142509,NA
"LBRM_33_0750",0.225339052771423,2.57585470100848,4.06349269559957,0.633901644218018,0.526145012480435,NA
"LBRM_33_0760",1.48840448226636,0.445586495286086,1.87008042873222,0.238271300228601,0.811670679488191,0.97845571662501
"LBRM_33_0770",0.450678105542845,3.32271092996418,4.01688493769328,0.827185986530216,0.408131653169535,NA
"LBRM_33_0780",0.0777714885289751,0.512386596321632,4.0804728567969,0.125570396937733,0.900071997253288,NA
"LBRM_33_0790",0.829546774193388,2.97830239443326,2.72089918078124,1.0946022607049,0.273690924750375,NA
"LBRM_33_0800",0,NA,NA,NA,NA,NA
"LBRM_33_0810",0.10866148091832,0.512386596321631,4.0804728567969,0.125570396937733,0.900071997253288,NA
"LBRM_33_0820",0.948469037844679,2.9337131034358,2.65229440333641,1.10610386982131,0.268681563942234,0.911448662524806
"LBRM_33_0830",0,NA,NA,NA,NA,NA
"LBRM_33_0840",0.409731470429084,0.766215052256748,3.52755227934135,0.21720870212016,0.828045703264168,NA
"LBRM_33_0850",0,NA,NA,NA,NA,NA
"LBRM_33_0860",0,NA,NA,NA,NA,NA
"LBRM_33_0870",0,NA,NA,NA,NA,NA
"LBRM_33_0880",0.15554297705795,-0.121015899195086,4.06395245618752,-0.0297778826154414,0.976244198059474,NA
"LBRM_33_0890",0.0777714885289751,0.512386596321632,4.0804728567969,0.125570396937733,0.900071997253288,NA
"LBRM_33_0900",0.0777714885289751,0.512386596321632,4.0804728567969,0.125570396937733,0.900071997253288,NA
"LBRM_33_0910",0.487502958958059,0.243300642882934,3.27386512642895,0.0743160250918217,0.940758926111732,NA
"LBRM_33_0911",0,NA,NA,NA,NA,NA
"LBRM_33_0920",0.301097180121568,2.94536147983492,4.04378005220696,0.728368368657302,0.466388120880344,NA
"LBRM_33_0930",1.08071356362691,0.515688048086454,2.10780951468272,0.244655906757343,0.806722871858973,0.97845571662501
"LBRM_33_0940",0,NA,NA,NA,NA,NA
"LBRM_33_0950",0,NA,NA,NA,NA,NA
"LBRM_33_0960",0.681979209950941,1.90987309807228,2.91583686845847,0.654999982588867,0.512467765269221,NA
"LBRM_33_0970",0.676221298322822,1.59462830001721,3.26104804272725,0.488992581257285,0.624846949119947,NA
"LBRM_33_0980",1.7290937641088,3.96393727731723,2.03701160955064,1.94595713580232,0.0516598887493873,0.702224250457773
"LBRM_33_0990",0,NA,NA,NA,NA,NA
"LBRM_33_1000",0.401715379494301,-1.43380111314668,3.48376812167954,-0.411566172910336,0.680657429795647,NA
"LBRM_33_1010",0,NA,NA,NA,NA,NA
"LBRM_33_1020",0.0777714885289751,0.512386596321632,4.0804728567969,0.125570396937733,0.900071997253288,NA
"LBRM_33_1030",0,NA,NA,NA,NA,NA
"LBRM_33_1040",0,NA,NA,NA,NA,NA
"LBRM_33_1050",0.150548590060784,2.36802554841367,4.07009331419134,0.581811119700128,0.560693913243612,NA
"LBRM_33_1060",0,NA,NA,NA,NA,NA
"LBRM_33_1070",0.225339052771423,2.57585470100848,4.06349269559957,0.633901644218018,0.526145012480435,NA
"LBRM_33_1080",0,NA,NA,NA,NA,NA
"LBRM_33_1090",0.25716951918947,1.40625154395371,4.07009308958569,0.345508447350243,0.729712160779994,NA
"LBRM_33_1100",0,NA,NA,NA,NA,NA
"LBRM_33_1110",0.215282410047006,-0.521705569758801,4.02699186999459,-0.129552178549469,0.896920740266371,NA
"LBRM_33_1120",0.184392417657661,-0.322972510444289,4.04440056163657,-0.0798567069513009,0.936351222660643,NA
"LBRM_33_1130",0.453659131361182,2.18767694246641,3.40299717706313,0.642867692401212,0.520309954570993,NA
"LBRM_33_1140",0.25716951918947,1.40625154395371,4.07009308958569,0.345508447350243,0.729712160779994,NA
"LBRM_33_1150",0.785619113261291,1.86565901069572,2.60257904460232,0.716850085519995,0.473466603527077,NA
"LBRM_33_1160",0,NA,NA,NA,NA,NA
"LBRM_33_1170",0.375887642832207,3.14688176220709,3.93733525674645,0.799241506502413,0.42415038880027,NA
"LBRM_33_1180",0,NA,NA,NA,NA,NA
"LBRM_33_1190",0.331959981900109,1.61408529533901,4.06349235823931,0.397216274337571,0.691207982142509,NA
"LBRM_33_1200",0.150548590060784,2.36802554841367,4.07009331419134,0.581811119700128,0.560693913243612,NA
"LBRM_33_1210",0,NA,NA,NA,NA,NA
"LBRM_33_1220",0,NA,NA,NA,NA,NA
"LBRM_33_1230",0,NA,NA,NA,NA,NA
"LBRM_33_1240",0.259210070979104,1.40625154395371,4.07009308958569,0.345508447350243,0.729712160779994,NA
"LBRM_33_1250",0.150548590060784,2.36802554841367,4.07009331419134,0.581811119700128,0.560693913243612,NA
"LBRM_33_1260",0,NA,NA,NA,NA,NA
"LBRM_33_1270",0.10866148091832,0.512386596321631,4.0804728567969,0.125570396937733,0.900071997253288,NA
"LBRM_33_1280",0.569600369194135,2.56902019336441,3.72121552354445,0.690371244855345,0.489960754983094,NA
"LBRM_33_1290",0,NA,NA,NA,NA,NA
"LBRM_33_1300",0.720844615155788,-0.0281415666258948,2.81745847924124,-0.00998828086846325,0.99203063741789,NA
"LBRM_33_1310",1.01393919185105,1.62542502324846,2.3132097099612,0.702670845729642,0.482260900492423,0.97845571662501
"LBRM_33_1320",0,NA,NA,NA,NA,NA
"LBRM_33_1330",0,NA,NA,NA,NA,NA
"LBRM_33_1340",0,NA,NA,NA,NA,NA
"LBRM_33_1350",0.375887642832207,3.14688176220709,3.93733525674645,0.799241506502413,0.42415038880027,NA
"LBRM_33_1360",1.16576480907051,0.742980013303537,2.14895291919871,0.34574047977774,0.729537759710118,0.97845571662501
"LBRM_33_1370",0,NA,NA,NA,NA,NA
"LBRM_33_1380",1.91254570773776,3.04900130574979,1.8370945400294,1.65968666245179,0.0969775039009056,0.786201095137236
"LBRM_33_1390",0.150548590060784,2.36802554841367,4.07009331419134,0.581811119700128,0.560693913243612,NA
"LBRM_33_1400",0.0777714885289751,0.512386596321632,4.0804728567969,0.125570396937733,0.900071997253288,NA
"LBRM_33_1410",0.782842227451508,0.581191152286235,3.08367403768273,0.188473601679048,0.850505407480165,NA
"LBRM_33_1420",0.518392951347404,0.0965461764559848,2.97752437417506,0.0324249827451819,0.97413313961054,NA
"LBRM_33_1430",0,NA,NA,NA,NA,NA
"LBRM_33_1440",0.445643040426398,-0.092674890627551,3.39371262277472,-0.0273078191729091,0.978214220397376,NA
"LBRM_33_1450",0.225339052771423,2.57585470100848,4.06349269559957,0.633901644218018,0.526145012480435,NA
"LBRM_33_1460",0.375887642832207,3.14688176220709,3.93733525674645,0.799241506502413,0.42415038880027,NA
"LBRM_33_1470",0.10866148091832,0.512386596321631,4.0804728567969,0.125570396937733,0.900071997253288,NA
"LBRM_33_1480",0.150548590060784,2.36802554841367,4.07009331419134,0.581811119700128,0.560693913243612,NA
"LBRM_33_1490",0,NA,NA,NA,NA,NA
"LBRM_33_1500",0.303110541300398,1.61408529533901,4.06349235823931,0.397216274337571,0.691207982142509,NA
"LBRM_33_1510",0.25716951918947,1.40625154395371,4.07009308958569,0.345508447350243,0.729712160779994,NA
"LBRM_33_1520",0.787659665050924,1.85552030894077,2.60010615977065,0.713632519183157,0.475454443590802,NA
"LBRM_33_1530",1.24582166751696,3.36090539377373,3.98264271379952,0.843888250916528,0.398731854205262,0.97845571662501
"LBRM_33_1540",3.51965482613838,1.09962264280003,1.21574715054921,0.904483010553044,0.365739339083191,0.97845571662501
"LBRM_33_1550",47.0854504746321,-0.939626657577546,0.442519301798939,-2.12335745301449,0.0337239096641205,0.601133256710764
"LBRM_33_1560",64.1740007864543,-1.03011524630608,0.381884868537015,-2.69744975822794,0.0069872827678779,0.180767767091551
"LBRM_33_1570",15.2013014985391,-0.421823784843893,0.653936191135959,-0.645053432676878,0.518892559828835,0.97845571662501
"LBRM_33_1580",10.4116247330401,-1.28214933413106,0.837013292232231,-1.53181478242919,0.12556814716084,0.786201095137236
"LBRM_33_1590",4.91998357672793,-0.147803620573155,1.06870495368167,-0.138301614551308,0.890002049546295,0.97845571662501
"LBRM_33_1600",2.19207320417425,5.29619787729918,1.95666648162823,2.70674533806701,0.00679463566471519,0.180767767091551
"LBRM_33_1610",0.150548590060784,2.36802554841367,4.07009331419134,0.581811119700128,0.560693913243612,NA
"LBRM_33_1620",0,NA,NA,NA,NA,NA
"LBRM_33_1630",0,NA,NA,NA,NA,NA
"LBRM_33_1640",0.0777714885289751,0.512386596321632,4.0804728567969,0.125570396937733,0.900071997253288,NA
"LBRM_33_1641",0.225339052771423,2.57585470100848,4.06349269559957,0.633901644218018,0.526145012480435,NA
"LBRM_33_1650",0,NA,NA,NA,NA,NA
"LBRM_33_1660",0,NA,NA,NA,NA,NA
"LBRM_33_1670",0.633057162021677,2.57285816019941,3.00436618237407,0.856373026461879,0.391791479669518,NA
"LBRM_33_1680",0.301097180121568,2.94536147983492,4.04378005220696,0.728368368657302,0.466388120880344,NA
"LBRM_33_1690",0,NA,NA,NA,NA,NA
"LBRM_33_1700",0,NA,NA,NA,NA,NA
"LBRM_33_1710",0.150548590060784,2.36802554841367,4.07009331419134,0.581811119700128,0.560693913243612,NA
"LBRM_33_1720",0,NA,NA,NA,NA,NA
"LBRM_33_1730",0.150548590060784,2.36802554841367,4.07009331419134,0.581811119700128,0.560693913243612,NA
"LBRM_33_1740",0,NA,NA,NA,NA,NA
"LBRM_33_1750",0.872710910494533,2.66873039551403,2.76052586748979,0.96674710675353,0.33367047189009,NA
"LBRM_33_1760",0,NA,NA,NA,NA,NA
"LBRM_33_1770",0.225339052771423,2.57585470100848,4.06349269559957,0.633901644218018,0.526145012480435,NA
"LBRM_33_1780",0.331959981900109,1.61408529533901,4.06349235823931,0.397216274337571,0.691207982142509,NA
"LBRM_33_1790",0.259210070979104,1.40625154395371,4.07009308958569,0.345508447350243,0.729712160779994,NA
"LBRM_33_1800",0.375887642832207,3.14688176220709,3.93733525674645,0.799241506502413,0.42415038880027,NA
"LBRM_33_1810",0,NA,NA,NA,NA,NA
"LBRM_33_1820",0.375887642832207,3.14688176220709,3.93733525674645,0.799241506502413,0.42415038880027,NA
"LBRM_33_1830",0,NA,NA,NA,NA,NA
"LBRM_33_1840",0.10866148091832,0.512386596321631,4.0804728567969,0.125570396937733,0.900071997253288,NA
"LBRM_33_1850",0.225339052771423,2.57585470100848,4.06349269559957,0.633901644218018,0.526145012480435,NA
"LBRM_33_1860",0.225339052771423,2.57585470100848,4.06349269559957,0.633901644218018,0.526145012480435,NA
"LBRM_33_1870",0.150548590060784,2.36802554841367,4.07009331419134,0.581811119700128,0.560693913243612,NA
"LBRM_33_1880",0.375887642832207,3.14688176220709,3.93733525674645,0.799241506502413,0.42415038880027,NA
"LBRM_33_1890",0.375887642832207,3.14688176220709,3.93733525674645,0.799241506502413,0.42415038880027,NA
"LBRM_33_1900",0,NA,NA,NA,NA,NA
"LBRM_33_1910",0.10866148091832,0.512386596321631,4.0804728567969,0.125570396937733,0.900071997253288,NA
"LBRM_33_1920",0.301097180121568,2.94536147983492,4.04378005220696,0.728368368657302,0.466388120880344,NA
"LBRM_33_1930",0.225339052771423,2.57585470100848,4.06349269559957,0.633901644218018,0.526145012480435,NA
"LBRM_33_1940",0.150548590060784,2.36802554841367,4.07009331419134,0.581811119700128,0.560693913243612,NA
"LBRM_33_1950",0.751775285664413,3.92717380088052,2.98683528639638,1.31482771037524,0.188567812260143,NA
"LBRM_33_1960",0.519333425376107,-0.423912312366655,3.1802050437095,-0.133297163717528,0.893958370610478,NA
"LBRM_33_1970",0.733702552005214,-0.0282290667100387,2.81722951066365,-0.0100201515720275,0.992005209548072,NA
"LBRM_33_1980",4.0601098797221,2.47979451192619,1.21128106140692,2.0472494707759,0.0406335963617653,0.626695082348765
"LBRM_33_1990",4.26956650941091,1.11937722359131,1.10426321710196,1.01368696000671,0.310732148264272,0.939506005256609
"LBRM_33_2000",7.92507799865938,0.890849463235671,0.861115266658779,1.03452986810031,0.30088852107872,0.939506005256609
"LBRM_33_2010",4.51269001729884,0.209732705788262,1.08963090448563,0.192480504109112,0.847365837849266,0.97845571662501
"LBRM_33_2020",3.2751564494553,0.684442694111519,1.24997309433031,0.547565941391896,0.583989980810805,0.97845571662501
"LBRM_33_2030",0.482508571960893,2.18812578744307,3.32949496545596,0.657194502513212,0.51105586000068,NA
"LBRM_33_2040",4.05425654813733,0.388044468284243,1.24132488616458,0.312605082367449,0.754580716355721,0.97845571662501
"LBRM_33_2050",0.601226695603629,3.65666645920249,3.27360907528349,1.1170137835978,0.263988431772301,NA
"LBRM_33_2060",0,NA,NA,NA,NA,NA
"LBRM_33_2070",0.150548590060784,2.36802554841367,4.07009331419134,0.581811119700128,0.560693913243612,NA
"LBRM_33_2080",0,NA,NA,NA,NA,NA
"LBRM_33_2090",0.0777714885289751,0.512386596321632,4.0804728567969,0.125570396937733,0.900071997253288,NA
"LBRM_33_2100",0.26420445797627,-0.845932859173047,4.00312810314672,-0.21131795870037,0.832639170313903,NA
"LBRM_33_2110",0,NA,NA,NA,NA,NA
"LBRM_33_2120",0,NA,NA,NA,NA,NA
"LBRM_33_2130",0.150548590060784,2.36802554841367,4.07009331419134,0.581811119700128,0.560693913243612,NA
"LBRM_33_2140",0.0777714885289751,0.512386596321632,4.0804728567969,0.125570396937733,0.900071997253288,NA
"LBRM_33_2150",0,NA,NA,NA,NA,NA
"LBRM_33_2160",0.331959981900109,1.61408529533901,4.06349235823931,0.397216274337571,0.691207982142509,NA
"LBRM_33_2170",0.150548590060784,2.36802554841367,4.07009331419134,0.581811119700128,0.560693913243612,NA
"LBRM_33_2180",0.150548590060784,2.36802554841367,4.07009331419134,0.581811119700128,0.560693913243612,NA
"LBRM_33_2190",1.02325950055532,3.05921905245086,2.45641478636544,1.24540003155466,0.212984741715557,0.898195964048256
"LBRM_33_2200",0,NA,NA,NA,NA,NA
"LBRM_33_2210",0.225339052771423,2.57585470100848,4.06349269559957,0.633901644218018,0.526145012480435,NA
"LBRM_33_2220",0.225339052771423,2.57585470100848,4.06349269559957,0.633901644218018,0.526145012480435,NA
"LBRM_33_2230",0,NA,NA,NA,NA,NA
"LBRM_33_2240",0.375887642832207,3.14688176220709,3.93733525674645,0.799241506502413,0.42415038880027,NA
"LBRM_33_2250",0,NA,NA,NA,NA,NA
"LBRM_33_2260",0,NA,NA,NA,NA,NA
"LBRM_33_2270",0.213241858257373,-0.509664860242396,4.0279820436031,-0.126531065611825,0.899311559853632,NA
"LBRM_33_2280",0,NA,NA,NA,NA,NA
"LBRM_33_2290",0.259210070979104,1.40625154395371,4.07009308958569,0.345508447350243,0.729712160779994,NA
"LBRM_33_2300",0.334000533689742,1.61408529533901,4.06349235823931,0.397216274337571,0.691207982142509,NA
"LBRM_33_2310",0.150548590060784,2.36802554841367,4.07009331419134,0.581811119700128,0.560693913243612,NA
"LBRM_33_2320",0,NA,NA,NA,NA,NA
"LBRM_33_2330",0.647371857723111,1.59621171071338,3.3100321613617,0.482234501932067,0.629639369888605,NA
"LBRM_33_2340",0,NA,NA,NA,NA,NA
"LBRM_33_2350",0.225339052771423,2.57585470100848,4.06349269559957,0.633901644218018,0.526145012480435,NA
"LBRM_33_2360",0.945488012026342,4.03915708245817,2.63014996729183,1.53571360290803,0.124608637341088,0.786201095137236
"LBRM_33_2370",0,NA,NA,NA,NA,NA
"LBRM_33_2380",0.150548590060784,2.36802554841367,4.07009331419134,0.581811119700128,0.560693913243612,NA
"LBRM_33_2390",0,NA,NA,NA,NA,NA
"LBRM_33_2400",0,NA,NA,NA,NA,NA
"LBRM_33_2410",0,NA,NA,NA,NA,NA
"LBRM_33_2420",0,NA,NA,NA,NA,NA
"LBRM_33_2430",1.52008276821764,2.80167061359629,2.30206521845582,1.21702486581835,0.223594755189695,0.898195964048256
"LBRM_33_2440",0,NA,NA,NA,NA,NA
"LBRM_33_2450",0.375887642832207,3.14688176220709,3.93733525674645,0.799241506502413,0.42415038880027,NA
"LBRM_33_2460",0.150548590060784,2.36802554841367,4.07009331419134,0.581811119700128,0.560693913243612,NA
"LBRM_33_2470",0.25716951918947,1.40625154395371,4.07009308958569,0.345508447350243,0.729712160779994,NA
"LBRM_33_2480",0.150548590060784,2.36802554841367,4.07009331419134,0.581811119700128,0.560693913243612,NA
"LBRM_33_2490",0,NA,NA,NA,NA,NA
"LBRM_33_2500",0.0777714885289751,0.512386596321632,4.0804728567969,0.125570396937733,0.900071997253288,NA
"LBRM_33_2510",0.558266699311038,2.41907671009906,3.40563983209507,0.710314898041024,0.477508883258517,NA
"LBRM_33_2520",0.0777714885289751,0.512386596321632,4.0804728567969,0.125570396937733,0.900071997253288,NA
"LBRM_33_2530",0.375887642832207,3.14688176220709,3.93733525674645,0.799241506502413,0.42415038880027,NA
"LBRM_33_2540",0.375887642832207,3.14688176220709,3.93733525674645,0.799241506502413,0.42415038880027,NA
"LBRM_33_2550",0,NA,NA,NA,NA,NA
"LBRM_33_2560",0,NA,NA,NA,NA,NA
"LBRM_33_2570",0,NA,NA,NA,NA,NA
"LBRM_33_2580",0.72014895925492,3.43948944334506,3.11039865378382,1.10580341177839,0.268811617980153,NA
"LBRM_33_2590",0,NA,NA,NA,NA,NA
"LBRM_33_2600",0,NA,NA,NA,NA,NA
"LBRM_33_2610",0.303110541300398,1.61408529533901,4.06349235823931,0.397216274337571,0.691207982142509,NA
"LBRM_33_2620",0,NA,NA,NA,NA,NA
"LBRM_33_2630",0.150548590060784,2.36802554841367,4.07009331419134,0.581811119700128,0.560693913243612,NA
"LBRM_33_2640",0.106620929128686,0.512386596321632,4.0804728567969,0.125570396937733,0.900071997253288,NA
"LBRM_33_2650",0,NA,NA,NA,NA,NA
"LBRM_33_2660",0,NA,NA,NA,NA,NA
"LBRM_33_2670",0.72014895925492,3.43948944334506,3.11039865378382,1.10580341177839,0.268811617980153,NA
"LBRM_33_2680",0.225339052771423,2.57585470100848,4.06349269559957,0.633901644218018,0.526145012480435,NA
"LBRM_33_2690",0.150548590060784,2.36802554841367,4.07009331419134,0.581811119700128,0.560693913243612,NA
"LBRM_33_2695",0,NA,NA,NA,NA,NA
"LBRM_33_2700",0.150548590060784,2.36802554841367,4.07009331419134,0.581811119700128,0.560693913243612,NA
"LBRM_33_2710",1.68886997550671,0.911991102556121,1.89685798697446,0.480790395917183,0.6306654767725,0.97845571662501
"LBRM_33_2720",0.487502958958059,0.243300642882934,3.27386512642895,0.0743160250918217,0.940758926111732,NA
"LBRM_33_2730",0.829546774193388,2.97830239443326,2.72089918078124,1.0946022607049,0.273690924750375,NA
"LBRM_33_2740",0,NA,NA,NA,NA,NA
"LBRM_33_2750",0,NA,NA,NA,NA,NA
"LBRM_33_2760",0.150548590060784,2.36802554841367,4.07009331419134,0.581811119700128,0.560693913243612,NA
"LBRM_33_2770",0.150548590060784,2.36802554841367,4.07009331419134,0.581811119700128,0.560693913243612,NA
"LBRM_33_2780",0,NA,NA,NA,NA,NA
"LBRM_33_2790",0,NA,NA,NA,NA,NA
"LBRM_33_2800",1.39713378220869,4.69780262517446,2.27187191483743,2.06781139134361,0.0386577621037551,0.626695082348765
"LBRM_33_2810",0.225339052771423,2.57585470100848,4.06349269559957,0.633901644218018,0.526145012480435,NA
"LBRM_33_2820",1.05414949294466,3.05685082185166,2.43640776948099,1.25465484888962,0.209604083045471,0.898195964048256
"LBRM_33_2830",0.150548590060784,2.36802554841367,4.07009331419134,0.581811119700128,0.560693913243612,NA
"LBRM_33_2840",0.217322961836639,-0.533674641665669,4.02601547254019,-0.132556530223405,0.894544112800906,NA
"LBRM_33_2850",0,NA,NA,NA,NA,NA
"LBRM_33_2860",0,NA,NA,NA,NA,NA
"LBRM_33_2870",0.751775285664413,3.92717380088052,2.98683528639638,1.31482771037524,0.188567812260143,NA
"LBRM_33_2880",0,NA,NA,NA,NA,NA
"LBRM_33_2890",0.828810440173239,2.44968735264397,2.80114695481242,0.874530109330881,0.381829630473633,NA
"LBRM_33_2900",0,NA,NA,NA,NA,NA
"LBRM_33_2910",0.228320078589759,1.40625154395371,4.07009308958569,0.345508447350244,0.729712160779994,NA
"LBRM_33_2920",0.301097180121568,2.94536147983492,4.04378005220696,0.728368368657302,0.466388120880344,NA
"LBRM_33_2930",0,NA,NA,NA,NA,NA
"LBRM_33_2940",0,NA,NA,NA,NA,NA
"LBRM_33_2950",0.414753048037054,0.0468763144403598,3.48132427557038,0.0134650813109559,0.989256744153462,NA
"LBRM_33_2960",0.10866148091832,0.512386596321631,4.0804728567969,0.125570396937733,0.900071997253288,NA
"LBRM_33_2970",0.225339052771423,2.57585470100848,4.06349269559957,0.633901644218018,0.526145012480435,NA
"LBRM_33_2980",0.906581928702214,1.57285109955906,2.53973462602866,0.619297419281362,0.535720444266813,NA
"LBRM_33_2990",0.375887642832207,3.14688176220709,3.93733525674645,0.799241506502413,0.42415038880027,NA
"LBRM_33_3000",0.225339052771423,2.57585470100848,4.06349269559957,0.633901644218018,0.526145012480435,NA
"LBRM_33_3010",0.106620929128686,0.512386596321632,4.0804728567969,0.125570396937733,0.900071997253288,NA
"LBRM_33_3020",0.715850228158622,1.07017216754736,2.82744461968759,0.378494475221801,0.705063297192577,NA
"LBRM_33_3030",0,NA,NA,NA,NA,NA
"LBRM_33_3040",0,NA,NA,NA,NA,NA
"LBRM_33_3050",0,NA,NA,NA,NA,NA
"LBRM_33_3060",1.08470293220403,3.37251926639257,2.49812169335525,1.35002200868081,0.177008923328762,0.881746313724643
"LBRM_33_3070",0.409731470429084,0.766215052256748,3.52755227934135,0.21720870212016,0.828045703264168,NA
"LBRM_33_3080",0,NA,NA,NA,NA,NA
"LBRM_33_3090",0,NA,NA,NA,NA,NA
"LBRM_33_3100",0.186432969447295,-0.33622145367943,4.04316669949863,-0.083157949861707,0.933725948031842,NA
"LBRM_33_3110",0,NA,NA,NA,NA,NA
"LBRM_33_3120",0.73869693900238,-1.08195466722272,2.59358409963961,-0.417165831396431,0.676557115679131,NA
"LBRM_33_3130",0.225339052771423,2.57585470100848,4.06349269559957,0.633901644218018,0.526145012480435,NA
"LBRM_33_3140",0,NA,NA,NA,NA,NA
"LBRM_33_3150",0.591170052879213,1.17464533586549,2.87253967067174,0.408922232774875,0.68259673260566,NA
"LBRM_33_3160",0,NA,NA,NA,NA,NA
"LBRM_33_3170",0.10866148091832,0.512386596321631,4.0804728567969,0.125570396937733,0.900071997253288,NA
"LBRM_33_3180",0.225339052771423,2.57585470100848,4.06349269559957,0.633901644218018,0.526145012480435,NA
"LBRM_33_3190",0.74375919472963,1.55072329386926,2.8192209712577,0.550053830359191,0.582282452541472,NA
"LBRM_33_3200",0.150548590060784,2.36802554841367,4.07009331419134,0.581811119700128,0.560693913243612,NA
"LBRM_33_3210",0,NA,NA,NA,NA,NA
"LBRM_33_3220",0.647371857723111,1.59621171071338,3.3100321613617,0.482234501932067,0.629639369888605,NA
"LBRM_33_3230",0.184392417657661,-0.322972510444289,4.04440056163657,-0.0798567069513009,0.936351222660643,NA
"LBRM_33_3240",0.489543510747692,0.234112397790068,3.26909622119532,0.0716137984168808,0.942909258723042,NA
"LBRM_33_3250",0.301097180121568,2.94536147983492,4.04378005220696,0.728368368657302,0.466388120880344,NA
"LBRM_33_3260",0.411772022218717,0.753590502948088,3.52106034620548,0.214023739684043,0.830528544494832,NA
"LBRM_33_3270",0,NA,NA,NA,NA,NA
"LBRM_33_3280",0.331959981900109,1.61408529533901,4.06349235823931,0.397216274337571,0.691207982142509,NA
"LBRM_33_3290",0.443602488636765,-0.081680203916819,3.14727451345204,-0.0259526786010253,0.979295082729114,NA
"LBRM_33_3300",0.106620929128686,0.512386596321632,4.0804728567969,0.125570396937733,0.900071997253288,NA
"LBRM_33_3310",0.658884898683771,-0.866953485295608,2.70407435376815,-0.32061007645278,0.748505900524562,NA
"LBRM_33_3320",0.549282943736748,-0.0258016479116078,3.14342165408712,-0.00820814092123472,0.993450924625241,NA
"LBRM_33_3330",0.150548590060784,2.36802554841367,4.07009331419134,0.581811119700128,0.560693913243612,NA
"LBRM_33_3340",0.0777714885289751,0.512386596321632,4.0804728567969,0.125570396937733,0.900071997253288,NA
"LBRM_33_3350",1.57628699474135,1.82857584300943,1.92675463772592,0.949044474686011,0.342597992694165,0.958758700639694
"LBRM_33_3360",0.678261850112455,1.59451783523087,3.25770653029984,0.489460244623112,0.624515893587791,NA
"LBRM_33_3370",0.456640157179518,1.34958449725223,3.67488271202153,0.367245597481894,0.71343582999224,NA
"LBRM_33_3380",0.0777714885289751,0.512386596321632,4.0804728567969,0.125570396937733,0.900071997253288,NA
"LBRM_33_3390",0.10866148091832,0.512386596321631,4.0804728567969,0.125570396937733,0.900071997253288,NA
"LBRM_33_3400",0.375887642832207,3.14688176220709,3.93733525674645,0.799241506502413,0.42415038880027,NA
"LBRM_33_3410",0,NA,NA,NA,NA,NA
"LBRM_33_3411",0.707847624732316,2.7027414285464,2.89869861431774,0.932398220082819,0.351130764312588,NA
"LBRM_33_3420",0.901560351094244,2.66466023462672,2.73321088695414,0.974919369502506,0.329600257279052,NA
"LBRM_33_3430",0.106620929128686,0.512386596321632,4.0804728567969,0.125570396937733,0.900071997253288,NA
"LBRM_33_3440",1.1289399556553,3.18308531913805,2.52303409626436,1.26161010818323,0.207089117102782,0.898195964048256
"LBRM_33_3450",0.409758661039888,1.98703088806636,3.83602284252577,0.517992454590814,0.604463533839926,NA
"LBRM_33_3460",0.569600369194135,2.56902019336441,3.72121552354445,0.690371244855345,0.489960754983094,NA
"LBRM_33_3470",0,NA,NA,NA,NA,NA
"LBRM_33_3480",0.753992786851797,0.742235396893765,2.91817413612435,0.25434924794431,0.799225756091841,NA
"LBRM_33_3490",0.334941007718446,0.571059908719948,3.80738004106996,0.14998762996075,0.880774374718182,NA
"LBRM_33_3500",0.150548590060784,2.36802554841367,4.07009331419134,0.581811119700128,0.560693913243612,NA
"LBRM_33_3510",0.594151078697549,0.519947630579927,2.82675581492527,0.183937936143831,0.854062143776909,NA
"LBRM_33_3520",0,NA,NA,NA,NA,NA
"LBRM_33_3530",0,NA,NA,NA,NA,NA
"LBRM_33_3540",0.409758661039888,1.98703088806636,3.83602284252577,0.517992454590814,0.604463533839926,NA
"LBRM_33_3550",0,NA,NA,NA,NA,NA
"LBRM_33_tRNA1",0,NA,NA,NA,NA,NA
"LBRM_33_tRNA2",0,NA,NA,NA,NA,NA
"LBRM_33_tRNA3",7.28230074704326,0.514887479381495,0.866635048619074,0.594122612744469,0.552430107566113,0.97845571662501
"LBRM_33_tRNA4",7.48471857978822,0.70866346106064,0.877001951319089,0.808052319604018,0.419060464032245,0.97845571662501
"LBRM_34_0010",0,NA,NA,NA,NA,NA
"LBRM_34_0020",6.65374883541493,-1.20138595963976,0.990845131158628,-1.21248611095756,0.225326356030281,0.898195964048256
"LBRM_34_0030",0.106620929128686,0.512386596321632,4.0804728567969,0.125570396937733,0.900071997253288,NA
"LBRM_34_0040",0,NA,NA,NA,NA,NA
"LBRM_34_0050",0,NA,NA,NA,NA,NA
"LBRM_34_0060",0,NA,NA,NA,NA,NA
"LBRM_34_0070",0,NA,NA,NA,NA,NA
"LBRM_34_0080",0,NA,NA,NA,NA,NA
"LBRM_34_0090",0,NA,NA,NA,NA,NA
"LBRM_34_0100",0.367871551897423,0.360330296647215,4.00569038940248,0.0899546049790844,0.928323288495364,NA
"LBRM_34_0110",0.334000533689742,1.61408529533901,4.06349235823931,0.397216274337571,0.691207982142509,NA
"LBRM_34_0120",0.150548590060784,2.36802554841367,4.07009331419134,0.581811119700128,0.560693913243612,NA
"LBRM_34_0130",0.0777714885289751,0.512386596321632,4.0804728567969,0.125570396937733,0.900071997253288,NA
"LBRM_34_0140",0.186432969447295,-0.33622145367943,4.04316669949863,-0.083157949861707,0.933725948031842,NA
"LBRM_34_0150",0.225339052771423,2.57585470100848,4.06349269559957,0.633901644218018,0.526145012480435,NA
"LBRM_34_0160",0,NA,NA,NA,NA,NA
"LBRM_34_0170",0,NA,NA,NA,NA,NA
"LBRM_34_0180",0,NA,NA,NA,NA,NA
"LBRM_34_0190",0,NA,NA,NA,NA,NA
"LBRM_34_0200",0.186432969447295,-0.33622145367943,4.04316669949863,-0.083157949861707,0.933725948031842,NA
"LBRM_34_0210",0.150548590060784,2.36802554841367,4.07009331419134,0.581811119700128,0.560693913243612,NA
"LBRM_34_0220",9.35066126737507,3.74313311799523,0.945937490863428,3.95706180815245,7.58773028970557e-05,0.00468104591718759
"LBRM_34_0230",0.301097180121568,2.94536147983492,4.04378005220696,0.728368368657302,0.466388120880344,NA
"LBRM_34_0240",1.29803652546354,-0.0117283596231428,1.98261582770352,-0.00591559870513483,0.995280062653774,0.996625799556183
"LBRM_34_0250",0,NA,NA,NA,NA,NA
"LBRM_34_0260",0.228320078589759,1.40625154395371,4.07009308958569,0.345508447350244,0.729712160779994,NA
"LBRM_34_0270",0,NA,NA,NA,NA,NA
"LBRM_34_0280",1.39408488766027,0.872050874760069,1.89424579060451,0.460368384654966,0.645251823557191,0.97845571662501
"LBRM_34_0290",0.303110541300398,1.61408529533901,4.06349235823931,0.397216274337571,0.691207982142509,NA
"LBRM_34_0300",0.906581928702214,1.57285109955906,2.53973462602866,0.619297419281362,0.535720444266813,NA
"LBRM_34_0310",0,NA,NA,NA,NA,NA
"LBRM_34_0320",0,NA,NA,NA,NA,NA
"LBRM_34_0330",0.678261850112455,1.59451783523087,3.25770653029984,0.489460244623112,0.624515893587791,NA
"LBRM_34_0340",0.106620929128686,0.512386596321632,4.0804728567969,0.125570396937733,0.900071997253288,NA
"LBRM_34_0350",0.225339052771423,2.57585470100848,4.06349269559957,0.633901644218018,0.526145012480435,NA
"LBRM_34_0360",0.15554297705795,-0.121015899195086,4.06395245618752,-0.0297778826154414,0.976244198059474,NA
"LBRM_34_0370",0.150548590060784,2.36802554841367,4.07009331419134,0.581811119700128,0.560693913243612,NA
"LBRM_34_0380",0,NA,NA,NA,NA,NA
"LBRM_34_0390",0,NA,NA,NA,NA,NA
"LBRM_34_0400",0,NA,NA,NA,NA,NA
"LBRM_34_0410",0,NA,NA,NA,NA,NA
"LBRM_34_0420",0,NA,NA,NA,NA,NA
"LBRM_34_0430",0.0777714885289751,0.512386596321632,4.0804728567969,0.125570396937733,0.900071997253288,NA
"LBRM_34_0440",1.26306542949493,0.0506176770053992,1.98521493837007,0.0254973282877662,0.979658279513377,0.994222666692539
"LBRM_34_0450",0,NA,NA,NA,NA,NA
"LBRM_34_0460",0.0777714885289751,0.512386596321632,4.0804728567969,0.125570396937733,0.900071997253288,NA
"LBRM_34_0470",0.25716951918947,1.40625154395371,4.07009308958569,0.345508447350243,0.729712160779994,NA
"LBRM_34_0480",0.569600369194135,2.56902019336441,3.72121552354445,0.690371244855345,0.489960754983094,NA
"LBRM_34_0490",0,NA,NA,NA,NA,NA
"LBRM_34_0500",0,NA,NA,NA,NA,NA
"LBRM_34_0510",0.0777714885289751,0.512386596321632,4.0804728567969,0.125570396937733,0.900071997253288,NA
"LBRM_34_0520",0,NA,NA,NA,NA,NA
"LBRM_34_0530",0,NA,NA,NA,NA,NA
"LBRM_34_0540",0,NA,NA,NA,NA,NA
"LBRM_34_0550",0.150548590060784,2.36802554841367,4.07009331419134,0.581811119700128,0.560693913243612,NA
"LBRM_34_0560",0,NA,NA,NA,NA,NA
"LBRM_34_0570",0.581113410154796,-0.624214711167546,3.06338790053517,-0.203766134565752,0.838536258281249,NA
"LBRM_34_0580",0,NA,NA,NA,NA,NA
"LBRM_34_0590",0.150548590060784,2.36802554841367,4.07009331419134,0.581811119700128,0.560693913243612,NA
"LBRM_34_0600",0.36583100010779,0.37730783828149,3.68378700877705,0.102423901648632,0.918420212664091,NA
"LBRM_34_0610",0.676984822953775,3.8172477551769,3.11862425883364,1.22401656575472,0.220945978364487,NA
"LBRM_34_0620",0.225339052771423,2.57585470100848,4.06349269559957,0.633901644218018,0.526145012480435,NA
"LBRM_34_0630",0.25716951918947,1.40625154395371,4.07009308958569,0.345508447350243,0.729712160779994,NA
"LBRM_34_0640",0,NA,NA,NA,NA,NA
"LBRM_34_0650",0.451645770182352,3.36570143917267,3.99693293608688,0.842071031211195,0.39974819525179,NA
"LBRM_34_0660",2.19127142310383,0.697654297826401,1.60311496526917,0.435186691497986,0.663426921827241,0.97845571662501
"LBRM_34_0670",0.818549657440269,1.681413343079,2.73407697643479,0.614983907757985,0.53856534785565,NA
"LBRM_34_0680",0.0777714885289751,0.512386596321632,4.0804728567969,0.125570396937733,0.900071997253288,NA
"LBRM_34_0690",0.259210070979104,1.40625154395371,4.07009308958569,0.345508447350243,0.729712160779994,NA
"LBRM_34_0700",0.0777714885289751,0.512386596321632,4.0804728567969,0.125570396937733,0.900071997253288,NA
"LBRM_34_0710",0,NA,NA,NA,NA,NA
"LBRM_34_0720",0.150548590060784,2.36802554841367,4.07009331419134,0.581811119700128,0.560693913243612,NA
"LBRM_34_0730",0.10866148091832,0.512386596321631,4.0804728567969,0.125570396937733,0.900071997253288,NA
"LBRM_34_0740",0.36583100010779,0.37730783828149,3.68378700877705,0.102423901648632,0.918420212664091,NA
"LBRM_34_0750",0.215282410047006,-0.521705569758801,4.02699186999459,-0.129552178549469,0.896920740266371,NA
"LBRM_34_0760",0.215282410047006,-0.521705569758801,4.02699186999459,-0.129552178549469,0.896920740266371,NA
"LBRM_34_0770",0.301097180121568,2.94536147983492,4.04378005220696,0.728368368657302,0.466388120880344,NA
"LBRM_34_0780",0.106620929128686,0.512386596321632,4.0804728567969,0.125570396937733,0.900071997253288,NA
"LBRM_34_0790",0.150548590060784,2.36802554841367,4.07009331419134,0.581811119700128,0.560693913243612,NA
"LBRM_34_0800",0.482508571960893,2.18812578744307,3.32949496545596,0.657194502513212,0.51105586000068,NA
"LBRM_34_0810",0,NA,NA,NA,NA,NA
"LBRM_34_0820",1.11458458183459,0.112061524209316,2.07574737233282,0.0539861091493884,0.95694623139494,0.991984329142841
"LBRM_34_0830",0.215282410047006,-0.521705569758801,4.02699186999459,-0.129552178549469,0.896920740266371,NA
"LBRM_34_0840",0,NA,NA,NA,NA,NA
"LBRM_34_0850",0.529417258711327,2.41691879820607,3.47326299083334,0.695864034651225,0.486513982610758,NA
"LBRM_34_0860",0.225339052771423,2.57585470100848,4.06349269559957,0.633901644218018,0.526145012480435,NA
"LBRM_34_0870",0.225339052771423,2.57585470100848,4.06349269559957,0.633901644218018,0.526145012480435,NA
"LBRM_34_0880",0.225339052771423,2.57585470100848,4.06349269559957,0.633901644218018,0.526145012480435,NA
"LBRM_34_0890",0.0777714885289751,0.512386596321632,4.0804728567969,0.125570396937733,0.900071997253288,NA
"LBRM_34_0900",1.41659504537405,0.0900373421683859,1.88899995102267,0.0476640256764651,0.961984004850716,0.994222666692539
"LBRM_34_0910",0,NA,NA,NA,NA,NA
"LBRM_34_0920",0,NA,NA,NA,NA,NA
"LBRM_34_0930",0,NA,NA,NA,NA,NA
"LBRM_34_0940",0.186432969447295,-0.33622145367943,4.04316669949863,-0.083157949861707,0.933725948031842,NA
"LBRM_34_0950",0.411772022218717,0.753590502948088,3.52106034620548,0.214023739684043,0.830528544494832,NA
"LBRM_34_0960",0,NA,NA,NA,NA,NA
"LBRM_34_0970",0,NA,NA,NA,NA,NA
"LBRM_34_0980",0.295094450365614,-0.991002081466368,3.99402597456254,-0.248121090793585,0.804040717664925,NA
"LBRM_34_0990",0.106620929128686,0.512386596321632,4.0804728567969,0.125570396937733,0.900071997253288,NA
"LBRM_34_1000",0.10866148091832,0.512386596321631,4.0804728567969,0.125570396937733,0.900071997253288,NA
"LBRM_34_1010",0,NA,NA,NA,NA,NA
"LBRM_34_1020",0.872710910494533,2.66873039551403,2.76052586748979,0.96674710675353,0.33367047189009,NA
"LBRM_34_1030",0,NA,NA,NA,NA,NA
"LBRM_34_1040",0,NA,NA,NA,NA,NA
"LBRM_34_1050",0.0777714885289751,0.512386596321632,4.0804728567969,0.125570396937733,0.900071997253288,NA
"LBRM_34_1060",0,NA,NA,NA,NA,NA
"LBRM_34_1070",0.301097180121568,2.94536147983492,4.04378005220696,0.728368368657302,0.466388120880344,NA
"LBRM_34_1080",0.150548590060784,2.36802554841367,4.07009331419134,0.581811119700128,0.560693913243612,NA
"LBRM_34_1090",0.375887642832207,3.14688176220709,3.93733525674645,0.799241506502413,0.42415038880027,NA
"LBRM_34_1100",0,NA,NA,NA,NA,NA
"LBRM_34_1110",0.225339052771423,2.57585470100848,4.06349269559957,0.633901644218018,0.526145012480435,NA
"LBRM_34_1120",0.334000533689742,1.61408529533901,4.06349235823931,0.397216274337571,0.691207982142509,NA
"LBRM_34_1130",0.601226695603629,3.65666645920249,3.27360907528349,1.1170137835978,0.263988431772301,NA
"LBRM_34_1140",0.10866148091832,0.512386596321631,4.0804728567969,0.125570396937733,0.900071997253288,NA
"LBRM_34_1150",0,NA,NA,NA,NA,NA
"LBRM_34_1160",0,NA,NA,NA,NA,NA
"LBRM_34_1170",0,NA,NA,NA,NA,NA
"LBRM_34_1180",0,NA,NA,NA,NA,NA
"LBRM_34_1190",0,NA,NA,NA,NA,NA
"LBRM_34_1200",0,NA,NA,NA,NA,NA
"LBRM_34_1210",0.259210070979104,1.40625154395371,4.07009308958569,0.345508447350243,0.729712160779994,NA
"LBRM_34_1220",0.562320612279501,1.33863253679492,2.92311920970638,0.45794661139714,0.646990798234297,NA
"LBRM_34_1230",0.25716951918947,1.40625154395371,4.07009308958569,0.345508447350243,0.729712160779994,NA
"LBRM_34_1240",0.301097180121568,2.94536147983492,4.04378005220696,0.728368368657302,0.466388120880344,NA
"LBRM_34_1250",0.0777714885289751,0.512386596321632,4.0804728567969,0.125570396937733,0.900071997253288,NA
"LBRM_34_1260",0,NA,NA,NA,NA,NA
"LBRM_34_1270",0,NA,NA,NA,NA,NA
"LBRM_34_1280",0,NA,NA,NA,NA,NA
"LBRM_34_1290",0,NA,NA,NA,NA,NA
"LBRM_34_1300",0.786923331030775,0.55959728992246,3.0781392003202,0.181797265654603,0.855741830456468,NA
"LBRM_34_1310",0,NA,NA,NA,NA,NA
"LBRM_34_1320",0.8403234811339,-0.342599900963851,2.66105731063722,-0.128745780706922,0.897558809065492,NA
"LBRM_34_1330",0.228320078589759,1.40625154395371,4.07009308958569,0.345508447350244,0.729712160779994,NA
"LBRM_34_1340",0.786923331030775,0.55959728992246,3.0781392003202,0.181797265654603,0.855741830456468,NA
"LBRM_34_1350",0,NA,NA,NA,NA,NA
"LBRM_34_1360",0,NA,NA,NA,NA,NA
"LBRM_34_1370",2.18559818382815,-0.828133123516208,1.66379993054265,-0.497736000773911,0.618670129973479,0.97845571662501
"LBRM_34_1380",0.15554297705795,-0.121015899195086,4.06395245618752,-0.0297778826154414,0.976244198059474,NA
"LBRM_34_1390",9.52766223013253,-0.394879084607975,0.789080141462538,-0.500429631743207,0.616772593071545,0.97845571662501
"LBRM_34_1400",0.588148348941596,-1.98663213372713,2.9928334354846,-0.663796424542901,0.506820614405728,NA
"LBRM_34_1410",0,NA,NA,NA,NA,NA
"LBRM_34_1420",0.78055685753404,-0.85248689314279,2.53442007233571,-0.336363692210322,0.736596625423974,NA
"LBRM_34_1430",0.747653503965866,-0.104076888247491,2.75707384228012,-0.0377490390904505,0.969887776297074,NA
"LBRM_34_1440",0.550223417765452,-0.524161063529845,2.89826715030883,-0.180853260360761,0.856482756608131,NA
"LBRM_34_1450",0.186432969447295,-0.33622145367943,4.04316669949863,-0.083157949861707,0.933725948031842,NA
"LBRM_34_1460",0.428524268304379,-1.52258632693544,3.72611688048067,-0.408625487544831,0.682814523318604,NA
"LBRM_34_1470",1.86949065210428,-0.183514033655047,1.69214786095542,-0.108450353476458,0.913638460338611,0.97845571662501
"LBRM_34_1480",0.225339052771423,2.57585470100848,4.06349269559957,0.633901644218018,0.526145012480435,NA
"LBRM_34_1490",0,NA,NA,NA,NA,NA
"LBRM_34_1500",0.15554297705795,-0.121015899195086,4.06395245618752,-0.0297778826154414,0.976244198059474,NA
"LBRM_34_1510",0.409758661039888,1.98703088806636,3.83602284252577,0.517992454590814,0.604463533839926,NA
"LBRM_34_1520",0.225339052771423,2.57585470100848,4.06349269559957,0.633901644218018,0.526145012480435,NA
"LBRM_34_1530",0.293053898575981,-0.981973165309184,3.95663099556679,-0.248184166380296,0.803991916578278,NA
"LBRM_34_1540",0.225339052771423,2.57585470100848,4.06349269559957,0.633901644218018,0.526145012480435,NA
"LBRM_34_1550",0.0777714885289751,0.512386596321632,4.0804728567969,0.125570396937733,0.900071997253288,NA
"LBRM_34_1560",0.676984822953775,3.8172477551769,3.11862425883364,1.22401656575472,0.220945978364487,NA
"LBRM_34_1570",0.228320078589759,1.40625154395371,4.07009308958569,0.345508447350244,0.729712160779994,NA
"LBRM_34_1580",1.60343243668141,1.38414334855628,1.90485548273174,0.726639559328297,0.467446787809169,0.97845571662501
"LBRM_34_1590",0,NA,NA,NA,NA,NA
"LBRM_34_1600",0.569600369194135,2.56902019336441,3.72121552354445,0.690371244855345,0.489960754983094,NA
"LBRM_34_1610",0,NA,NA,NA,NA,NA
"LBRM_34_1620",0,NA,NA,NA,NA,NA
"LBRM_34_1630",0,NA,NA,NA,NA,NA
"LBRM_34_1640",0.441561936847132,-0.0755863754738768,3.40471935311889,-0.0222004716496342,0.982288041362266,NA
"LBRM_34_1650",0.150548590060784,2.36802554841367,4.07009331419134,0.581811119700128,0.560693913243612,NA
"LBRM_34_1660",4.0082587655163,6.15265645180731,1.67356206867304,3.67638378460963,0.00023656354958472,0.0126482644511297
"LBRM_34_1670",0,NA,NA,NA,NA,NA
"LBRM_34_1680",0.225339052771423,2.57585470100848,4.06349269559957,0.633901644218018,0.526145012480435,NA
"LBRM_34_1690",0.0777714885289751,0.512386596321632,4.0804728567969,0.125570396937733,0.900071997253288,NA
"LBRM_34_1700",0,NA,NA,NA,NA,NA
"LBRM_34_1710",0.150548590060784,2.36802554841367,4.07009331419134,0.581811119700128,0.560693913243612,NA
"LBRM_34_1720",0.228320078589759,1.40625154395371,4.07009308958569,0.345508447350244,0.729712160779994,NA
"LBRM_34_1730",0.453659131361182,2.18767694246641,3.40299717706313,0.642867692401212,0.520309954570993,NA
"LBRM_34_1740",0.10866148091832,0.512386596321631,4.0804728567969,0.125570396937733,0.900071997253288,NA
"LBRM_34_1750",0,NA,NA,NA,NA,NA
"LBRM_34_1760",0,NA,NA,NA,NA,NA
"LBRM_34_1770",0,NA,NA,NA,NA,NA
"LBRM_34_1780",0.569600369194135,2.56902019336441,3.72121552354445,0.690371244855345,0.489960754983094,NA
"LBRM_34_1790",0.451645770182352,3.36570143917267,3.99693293608688,0.842071031211195,0.39974819525179,NA
"LBRM_34_1800",0,NA,NA,NA,NA,NA
"LBRM_34_1810",0.746740220547967,0.94065823155591,2.78854542872341,0.337329355249751,0.735868632902438,NA
"LBRM_34_1820",0.48548959777923,1.15941991701357,3.30651895540538,0.3506466869389,0.725853426540296,NA
"LBRM_34_1830",0.397634275915034,-1.42140191939976,3.83273587958389,-0.370858301760692,0.710743074256136,NA
"LBRM_34_1840",0,NA,NA,NA,NA,NA
"LBRM_34_1850",0,NA,NA,NA,NA,NA
"LBRM_34_1860",0,NA,NA,NA,NA,NA
"LBRM_34_1870",0,NA,NA,NA,NA,NA
"LBRM_34_1880",0.0777714885289751,0.512386596321632,4.0804728567969,0.125570396937733,0.900071997253288,NA
"LBRM_34_1890",0.526436232892991,3.5231320871403,3.43421411862938,1.0258917951646,0.304942590521467,NA
"LBRM_34_1900",0.567314999276668,-0.146684565793814,3.08832184412241,-0.0474965282756973,0.962117497249484,NA
"LBRM_34_1910",0.10866148091832,0.512386596321631,4.0804728567969,0.125570396937733,0.900071997253288,NA
"LBRM_34_1920",0.0777714885289751,0.512386596321632,4.0804728567969,0.125570396937733,0.900071997253288,NA
"LBRM_34_1930",0,NA,NA,NA,NA,NA
"LBRM_34_1940",0.0777714885289751,0.512386596321632,4.0804728567969,0.125570396937733,0.900071997253288,NA
"LBRM_34_1950",1.93078190328623,2.0216338872081,1.87408661358184,1.07873023186706,0.280708004543176,0.911448662524806
"LBRM_34_1960",0.710828650550652,1.74009715364592,2.68155429373441,0.648913638523653,0.516394198748743,NA
"LBRM_34_1970",0.375887642832207,3.14688176220709,3.93733525674645,0.799241506502413,0.42415038880027,NA
"LBRM_34_1980",0.259210070979104,1.40625154395371,4.07009308958569,0.345508447350243,0.729712160779994,NA
"LBRM_34_1990",0.375887642832207,3.14688176220709,3.93733525674645,0.799241506502413,0.42415038880027,NA
"LBRM_34_2000",0,NA,NA,NA,NA,NA
"LBRM_34_2010",0.303110541300398,1.61408529533901,4.06349235823931,0.397216274337571,0.691207982142509,NA
"LBRM_34_2020",0.150548590060784,2.36802554841367,4.07009331419134,0.581811119700128,0.560693913243612,NA
"LBRM_34_2030",0,NA,NA,NA,NA,NA
"LBRM_34_2040",0.225339052771423,2.57585470100848,4.06349269559957,0.633901644218018,0.526145012480435,NA
"LBRM_34_2050",0.563261086308205,0.645934811827879,3.09383345573238,0.208781377882854,0.834618909276328,NA
"LBRM_34_2060",0.228320078589759,1.40625154395371,4.07009308958569,0.345508447350244,0.729712160779994,NA
"LBRM_34_2070",0.10866148091832,0.512386596321631,4.0804728567969,0.125570396937733,0.900071997253288,NA
"LBRM_34_2080",0.213241858257373,-0.509664860242396,4.0279820436031,-0.126531065611825,0.899311559853632,NA
"LBRM_34_2090",0,NA,NA,NA,NA,NA
"LBRM_34_2100",0.225339052771423,2.57585470100848,4.06349269559957,0.633901644218018,0.526145012480435,NA
"LBRM_34_2110",0.225339052771423,2.57585470100848,4.06349269559957,0.633901644218018,0.526145012480435,NA
"LBRM_34_2120",0.150548590060784,2.36802554841367,4.07009331419134,0.581811119700128,0.560693913243612,NA
"LBRM_34_2130",0,NA,NA,NA,NA,NA
"LBRM_34_2140",0.150548590060784,2.36802554841367,4.07009331419134,0.581811119700128,0.560693913243612,NA
"LBRM_34_2150",0,NA,NA,NA,NA,NA
"LBRM_34_2160",0,NA,NA,NA,NA,NA
"LBRM_34_2170",0.150548590060784,2.36802554841367,4.07009331419134,0.581811119700128,0.560693913243612,NA
"LBRM_34_2180",0,NA,NA,NA,NA,NA
"LBRM_34_2190",1.09603660208713,4.29443354273359,2.47346736190558,1.73619980149046,0.0825285123669984,0.786201095137236
"LBRM_34_2200",7.9000760825423,-0.706173680884973,0.860689140513921,-0.820474719203863,0.411945535381565,0.97845571662501
"LBRM_34_2210",0,NA,NA,NA,NA,NA
"LBRM_34_2220",0.647371857723111,1.59621171071338,3.3100321613617,0.482234501932067,0.629639369888605,NA
"LBRM_34_2230",0.647371857723111,1.59621171071338,3.3100321613617,0.482234501932067,0.629639369888605,NA
"LBRM_34_2240",0,NA,NA,NA,NA,NA
"LBRM_34_2250",0,NA,NA,NA,NA,NA
"LBRM_34_2260",0,NA,NA,NA,NA,NA
"LBRM_34_2270",0,NA,NA,NA,NA,NA
"LBRM_34_2280",0.301097180121568,2.94536147983492,4.04378005220696,0.728368368657302,0.466388120880344,NA
"LBRM_34_2290",0.301097180121568,2.94536147983492,4.04378005220696,0.728368368657302,0.466388120880344,NA
"LBRM_34_2300",0.331959981900109,1.61408529533901,4.06349235823931,0.397216274337571,0.691207982142509,NA
"LBRM_34_2310",0.150548590060784,2.36802554841367,4.07009331419134,0.581811119700128,0.560693913243612,NA
"LBRM_34_2320",0.75603333864143,0.731184174954886,2.91540136064613,0.250800519209758,0.801968340132756,NA
"LBRM_34_2330",0.375887642832207,3.14688176220709,3.93733525674645,0.799241506502413,0.42415038880027,NA
"LBRM_34_2340",0,NA,NA,NA,NA,NA
"LBRM_34_2350",0,NA,NA,NA,NA,NA
"LBRM_34_2360",0.945488012026342,4.03915708245817,2.63014996729183,1.53571360290803,0.124608637341088,0.786201095137236
"LBRM_34_2370",0.569600369194135,2.56902019336441,3.72121552354445,0.690371244855345,0.489960754983094,NA
"LBRM_34_2380",0,NA,NA,NA,NA,NA
"LBRM_34_2390",0.450678105542845,3.32271092996418,4.01688493769328,0.827185986530216,0.408131653169535,NA
"LBRM_34_2400",0.482508571960893,2.18812578744307,3.32949496545596,0.657194502513212,0.51105586000068,NA
"LBRM_34_2410",1.26212495546623,0.339179502311484,2.11605623092571,0.160288510935791,0.872653808806663,0.97845571662501
"LBRM_34_2420",0.453659131361182,2.18767694246641,3.40299717706313,0.642867692401212,0.520309954570993,NA
"LBRM_34_2430",0.451645770182352,3.36570143917267,3.99693293608688,0.842071031211195,0.39974819525179,NA
"LBRM_34_2440",0.336981559508079,0.558142011562438,3.79863620897194,0.146932209576735,0.883185528260993,NA
"LBRM_34_2441",0.10866148091832,0.512386596321631,4.0804728567969,0.125570396937733,0.900071997253288,NA
"LBRM_34_2450",0.72014895925492,3.43948944334506,3.11039865378382,1.10580341177839,0.268811617980153,NA
"LBRM_34_2460",0.0777714885289751,0.512386596321632,4.0804728567969,0.125570396937733,0.900071997253288,NA
"LBRM_34_2470",0.52844959407182,2.35930608095002,3.49189540690243,0.675651990115848,0.499261624380705,NA
"LBRM_34_2480",0.106620929128686,0.512386596321632,4.0804728567969,0.125570396937733,0.900071997253288,NA
"LBRM_34_2490",1.44148230800744,-1.15579483608135,1.89740226589787,-0.609145913259682,0.542427727037533,0.97845571662501
"LBRM_34_2500",3.30871478080506,-0.870490706694842,1.31048444778343,-0.664251077658496,0.506529627107823,0.97845571662501
"LBRM_34_2510",5.55003916277309,-0.260866108698392,0.998851940079977,-0.261165942849853,0.793964540572949,0.97845571662501
"LBRM_34_2520",5.98111990707464,-0.888476264875188,1.02016334404045,-0.870915692144257,0.383800187995307,0.97845571662501
"LBRM_34_2530",4.47249341930755,-0.233828727124196,1.13215785168125,-0.206533679713444,0.83637405919679,0.97845571662501
"LBRM_34_2540",3.49423446683446,-0.700939888369078,1.29273814478746,-0.542213356351701,0.587671535278171,0.97845571662501
"LBRM_34_2550",3.94813841632347,-0.0263742101489802,1.15778644738327,-0.0227798573809435,0.98182587533727,0.994222666692539
"LBRM_34_2560",0.902256006995113,-0.16505636837448,2.27352484961275,-0.0725993245257882,0.94212496425385,NA
"LBRM_34_2561",0.656844346894138,-0.862367528505087,2.72620671327826,-0.316325069667256,0.751755784506863,NA
"LBRM_34_2570",1.2610520683161,0.434754037572523,1.98048521087063,0.219518951813531,0.826245818458199,0.97845571662501
"LBRM_34_2571",0,NA,NA,NA,NA,NA
"LBRM_34_2580",1.30126236940972,0.882560149893087,2.15302954821507,0.409915484264839,0.681867946262427,0.97845571662501
"LBRM_34_2590",3.30377455943565,0.79337012756345,1.3453920678405,0.589694369788349,0.555395570541267,0.97845571662501
"LBRM_34_2600",0.786586777900798,1.91847578682526,2.78270104426925,0.68942935525762,0.49055311553141,NA
"LBRM_34_2610",0.363790448318157,0.384202583767737,4.01746610834674,0.0956330615881272,0.923812006182448,NA
"LBRM_34_2620",0.106620929128686,0.512386596321632,4.0804728567969,0.125570396937733,0.900071997253288,NA
"LBRM_34_2630",0.150548590060784,2.36802554841367,4.07009331419134,0.581811119700128,0.560693913243612,NA
"LBRM_34_2640",0.10866148091832,0.512386596321631,4.0804728567969,0.125570396937733,0.900071997253288,NA
"LBRM_34_2650",0,NA,NA,NA,NA,NA
"LBRM_34_2660",0.228320078589759,1.40625154395371,4.07009308958569,0.345508447350244,0.729712160779994,NA
"LBRM_34_2670",0.443602488636765,-0.081680203916819,3.14727451345204,-0.0259526786010253,0.979295082729114,NA
"LBRM_34_2680",0.0777714885289751,0.512386596321632,4.0804728567969,0.125570396937733,0.900071997253288,NA
"LBRM_34_2690",0.228320078589759,1.40625154395371,4.07009308958569,0.345508447350244,0.729712160779994,NA
"LBRM_34_2700",0.150548590060784,2.36802554841367,4.07009331419134,0.581811119700128,0.560693913243612,NA
"LBRM_34_2710",0.228320078589759,1.40625154395371,4.07009308958569,0.345508447350244,0.729712160779994,NA
"LBRM_34_2720",0,NA,NA,NA,NA,NA
"LBRM_34_2730",0.106620929128686,0.512386596321632,4.0804728567969,0.125570396937733,0.900071997253288,NA
"LBRM_34_2740",0.15554297705795,-0.121015899195086,4.06395245618752,-0.0297778826154414,0.976244198059474,NA
"LBRM_34_2750",0.106620929128686,0.512386596321632,4.0804728567969,0.125570396937733,0.900071997253288,NA
"LBRM_34_2760",0,NA,NA,NA,NA,NA
"LBRM_34_2770",0.48548959777923,1.15941991701357,3.30651895540538,0.3506466869389,0.725853426540296,NA
"LBRM_34_2780",0.10866148091832,0.512386596321631,4.0804728567969,0.125570396937733,0.900071997253288,NA
"LBRM_34_2790",0,NA,NA,NA,NA,NA
"LBRM_34_2800",0,NA,NA,NA,NA,NA
"LBRM_34_2810",0.453659131361182,2.18767694246641,3.40299717706313,0.642867692401212,0.520309954570993,NA
"LBRM_34_2820",0,NA,NA,NA,NA,NA
"LBRM_34_2830",1.20467089239464,2.31823431693568,2.30963667835482,1.00372250694728,0.315512385451414,0.939506005256609
"LBRM_34_2840",0.215282410047006,-0.521705569758801,4.02699186999459,-0.129552178549469,0.896920740266371,NA
"LBRM_34_2850",0.319862787386059,-1.09975022457855,3.98776465918917,-0.275781125158515,0.78271618167723,NA
"LBRM_34_2860",0.0777714885289751,0.512386596321632,4.0804728567969,0.125570396937733,0.900071997253288,NA
"LBRM_34_2870",0.331959981900109,1.61408529533901,4.06349235823931,0.397216274337571,0.691207982142509,NA
"LBRM_34_2880",0.0777714885289751,0.512386596321632,4.0804728567969,0.125570396937733,0.900071997253288,NA
"LBRM_34_2890",0.10866148091832,0.512386596321631,4.0804728567969,0.125570396937733,0.900071997253288,NA
"LBRM_34_2900",0,NA,NA,NA,NA,NA
"LBRM_34_2910",0,NA,NA,NA,NA,NA
"LBRM_34_2920",0,NA,NA,NA,NA,NA
"LBRM_34_2930",0.36583100010779,0.37730783828149,3.68378700877705,0.102423901648632,0.918420212664091,NA
"LBRM_34_2940",0.259210070979104,1.40625154395371,4.07009308958569,0.345508447350243,0.729712160779994,NA
"LBRM_34_2950",0,NA,NA,NA,NA,NA
"LBRM_34_2960",0.0777714885289751,0.512386596321632,4.0804728567969,0.125570396937733,0.900071997253288,NA
"LBRM_34_2970",0.334941007718446,0.571059908719948,3.80738004106996,0.14998762996075,0.880774374718182,NA
"LBRM_34_2980",0.0777714885289751,0.512386596321632,4.0804728567969,0.125570396937733,0.900071997253288,NA
"LBRM_34_2990",0.10866148091832,0.512386596321631,4.0804728567969,0.125570396937733,0.900071997253288,NA
"LBRM_34_3000",0,NA,NA,NA,NA,NA
"LBRM_34_3010",0.565301638097838,0.637177363423459,3.08998274328751,0.206207418085951,0.836628893575581,NA
"LBRM_34_3020",0.186432969447295,-0.33622145367943,4.04316669949863,-0.083157949861707,0.933725948031842,NA
"LBRM_34_3030",0.10866148091832,0.512386596321631,4.0804728567969,0.125570396937733,0.900071997253288,NA
"LBRM_34_3040",0,NA,NA,NA,NA,NA
"LBRM_34_3050",0.484549123750526,2.18815698437253,3.32455332860874,0.658180744325201,0.510421996464077,NA
"LBRM_34_3060",0.225339052771423,2.57585470100848,4.06349269559957,0.633901644218018,0.526145012480435,NA
"LBRM_34_3070",0,NA,NA,NA,NA,NA
"LBRM_34_3080",0.301097180121568,2.94536147983492,4.04378005220696,0.728368368657302,0.466388120880344,NA
"LBRM_34_3090",0,NA,NA,NA,NA,NA
"LBRM_34_3100",1.05210894115503,3.05700588200637,2.4377009305368,1.2540528838922,0.209822784186446,0.898195964048256
"LBRM_34_3110",0.10866148091832,0.512386596321631,4.0804728567969,0.125570396937733,0.900071997253288,NA
"LBRM_34_3120",0.150548590060784,2.36802554841367,4.07009331419134,0.581811119700128,0.560693913243612,NA
"LBRM_34_3130",0,NA,NA,NA,NA,NA
"LBRM_34_3140",0,NA,NA,NA,NA,NA
"LBRM_34_3150",0,NA,NA,NA,NA,NA
"LBRM_34_3160",0,NA,NA,NA,NA,NA
"LBRM_34_3170",0,NA,NA,NA,NA,NA
"LBRM_34_3180",0,NA,NA,NA,NA,NA
"LBRM_34_3190",0.10866148091832,0.512386596321631,4.0804728567969,0.125570396937733,0.900071997253288,NA
"LBRM_34_3200",0,NA,NA,NA,NA,NA
"LBRM_34_3210",0.0777714885289751,0.512386596321632,4.0804728567969,0.125570396937733,0.900071997253288,NA
"LBRM_34_3220",0.334000533689742,1.61408529533901,4.06349235823931,0.397216274337571,0.691207982142509,NA
"LBRM_34_3230",0,NA,NA,NA,NA,NA
"LBRM_34_3240",0.569600369194135,2.56902019336441,3.72121552354445,0.690371244855345,0.489960754983094,NA
"LBRM_34_3250",0.0777714885289751,0.512386596321632,4.0804728567969,0.125570396937733,0.900071997253288,NA
"LBRM_34_3260",0,NA,NA,NA,NA,NA
"LBRM_34_3270",0.375887642832207,3.14688176220709,3.93733525674645,0.799241506502413,0.42415038880027,NA
"LBRM_34_3280",0.10866148091832,0.512386596321631,4.0804728567969,0.125570396937733,0.900071997253288,NA
"LBRM_34_3290",0.106620929128686,0.512386596321632,4.0804728567969,0.125570396937733,0.900071997253288,NA
"LBRM_34_3300",0.150548590060784,2.36802554841367,4.07009331419134,0.581811119700128,0.560693913243612,NA
"LBRM_34_3310",0,NA,NA,NA,NA,NA
"LBRM_34_3320",0,NA,NA,NA,NA,NA
"LBRM_34_3330",0.0777714885289751,0.512386596321632,4.0804728567969,0.125570396937733,0.900071997253288,NA
"LBRM_34_3340",0,NA,NA,NA,NA,NA
"LBRM_34_3350",0.150548590060784,2.36802554841367,4.07009331419134,0.581811119700128,0.560693913243612,NA
"LBRM_34_3360",0,NA,NA,NA,NA,NA
"LBRM_34_3370",0.0777714885289751,0.512386596321632,4.0804728567969,0.125570396937733,0.900071997253288,NA
"LBRM_34_3380",0.826769888383606,2.44990725715277,2.80329475323734,0.873938516213301,0.38215173783949,NA
"LBRM_34_3390",0,NA,NA,NA,NA,NA
"LBRM_34_3400",0,NA,NA,NA,NA,NA
"LBRM_34_3410",160.854722771942,-1.15503234814746,0.316406863922514,-3.65046552349863,0.000261765445525363,0.0131209929569588
"LBRM_34_3420",98.6164883350779,-1.14842916804084,0.340713064655039,-3.37066372609924,0.000749873314745774,0.033411022134784
"LBRM_34_3430",59.6746019291621,-0.806860032424696,0.408962573163587,-1.97294345588428,0.0485020048663959,0.682431717593851
"LBRM_34_3440",204.395570039113,-0.789735823964663,0.315652892891508,-2.50191220086838,0.0123524554054949,0.283047692434484
"LBRM_34_3450",8.22966638278826,-0.112249244890525,0.82865233092567,-0.135460000172972,0.89224818794218,0.97845571662501
"LBRM_34_3460",3.46232575292274,0.65656247986988,1.2607283225526,0.520780304626247,0.60251982483236,0.97845571662501
"LBRM_34_3470",3.87193223349587,1.62665003887402,1.17223945478705,1.38764314085429,0.165245737902113,0.844357628382363
"LBRM_34_3480",3.06194178180873,1.13307837232561,1.29984554528661,0.871702316043846,0.383370796450824,0.97845571662501
"LBRM_34_3490",1.57146955714194,1.52914658978267,1.89221751295437,0.808124107991779,0.419019140666387,0.97845571662501
"LBRM_34_3500",0.106620929128686,0.512386596321632,4.0804728567969,0.125570396937733,0.900071997253288,NA
"LBRM_34_3501",0.823544044437435,0.505004299032298,2.6796193884705,0.188461205052166,0.850515124442729,NA
"LBRM_34_3510",0.186432969447295,-0.33622145367943,4.04316669949863,-0.083157949861707,0.933725948031842,NA
"LBRM_34_3520",0,NA,NA,NA,NA,NA
"LBRM_34_3521",0,NA,NA,NA,NA,NA
"LBRM_34_3530",90.4971905480716,-0.65466883626925,0.357649897633298,-1.83047399314647,0.0671790921808834,0.738573202676465
"LBRM_34_3540",0.15554297705795,-0.121015899195086,4.06395245618752,-0.0297778826154414,0.976244198059474,NA
"LBRM_34_3550",0.225339052771423,2.57585470100848,4.06349269559957,0.633901644218018,0.526145012480435,NA
"LBRM_34_3560",0,NA,NA,NA,NA,NA
"LBRM_34_3570",0,NA,NA,NA,NA,NA
"LBRM_34_3580",0.150548590060784,2.36802554841367,4.07009331419134,0.581811119700128,0.560693913243612,NA
"LBRM_34_3590",0.150548590060784,2.36802554841367,4.07009331419134,0.581811119700128,0.560693913243612,NA
"LBRM_34_3600",0,NA,NA,NA,NA,NA
"LBRM_34_3610",0,NA,NA,NA,NA,NA
"LBRM_34_3620",0,NA,NA,NA,NA,NA
"LBRM_34_3630",0.601226695603629,3.65666645920249,3.27360907528349,1.1170137835978,0.263988431772301,NA
"LBRM_34_3640",0,NA,NA,NA,NA,NA
"LBRM_34_3650",0,NA,NA,NA,NA,NA
"LBRM_34_3660",0,NA,NA,NA,NA,NA
"LBRM_34_3670",0,NA,NA,NA,NA,NA
"LBRM_34_3680",0.25716951918947,1.40625154395371,4.07009308958569,0.345508447350243,0.729712160779994,NA
"LBRM_34_3690",0.150548590060784,2.36802554841367,4.07009331419134,0.581811119700128,0.560693913243612,NA
"LBRM_34_3700",0.47449248102611,-0.213135733769991,3.32049635102842,-0.0641879138653408,0.94882060088783,NA
"LBRM_34_3710",0.150548590060784,2.36802554841367,4.07009331419134,0.581811119700128,0.560693913243612,NA
"LBRM_34_3720",0.213241858257373,-0.509664860242396,4.0279820436031,-0.126531065611825,0.899311559853632,NA
"LBRM_34_3730",0,NA,NA,NA,NA,NA
"LBRM_34_3740",0.0777714885289751,0.512386596321632,4.0804728567969,0.125570396937733,0.900071997253288,NA
"LBRM_34_3750",0,NA,NA,NA,NA,NA
"LBRM_34_3760",0.259210070979104,1.40625154395371,4.07009308958569,0.345508447350243,0.729712160779994,NA
"LBRM_34_3770",0,NA,NA,NA,NA,NA
"LBRM_34_3780",0,NA,NA,NA,NA,NA
"LBRM_34_3790",0,NA,NA,NA,NA,NA
"LBRM_34_3800",0.569600369194135,2.56902019336441,3.72121552354445,0.690371244855345,0.489960754983094,NA
"LBRM_34_3810",0,NA,NA,NA,NA,NA
"LBRM_34_3820",0.186432969447295,-0.33622145367943,4.04316669949863,-0.083157949861707,0.933725948031842,NA
"LBRM_34_3830",0,NA,NA,NA,NA,NA
"LBRM_34_3840",0.150548590060784,2.36802554841367,4.07009331419134,0.581811119700128,0.560693913243612,NA
"LBRM_34_3850",0.106620929128686,0.512386596321632,4.0804728567969,0.125570396937733,0.900071997253288,NA
"LBRM_34_3860",0.36583100010779,0.37730783828149,3.68378700877705,0.102423901648632,0.918420212664091,NA
"LBRM_34_3870",0.0777714885289751,0.512386596321632,4.0804728567969,0.125570396937733,0.900071997253288,NA
"LBRM_34_3880",0,NA,NA,NA,NA,NA
"LBRM_34_3890",0.678998184132604,2.70176068594082,2.93908775142647,0.919251452982151,0.357964064078588,NA
"LBRM_34_3900",0.334000533689742,1.61408529533901,4.06349235823931,0.397216274337571,0.691207982142509,NA
"LBRM_34_3910",0,NA,NA,NA,NA,NA
"LBRM_34_3920",0.0777714885289751,0.512386596321632,4.0804728567969,0.125570396937733,0.900071997253288,NA
"LBRM_34_3930",0.375887642832207,3.14688176220709,3.93733525674645,0.799241506502413,0.42415038880027,NA
"LBRM_34_3940",0.794939421965558,3.66299337614718,3.01117239705661,1.21646750605436,0.223806881932692,NA
"LBRM_34_3950",0.301097180121568,2.94536147983492,4.04378005220696,0.728368368657302,0.466388120880344,NA
"LBRM_34_3951",0.150548590060784,2.36802554841367,4.07009331419134,0.581811119700128,0.560693913243612,NA
"LBRM_34_3960",0.225339052771423,2.57585470100848,4.06349269559957,0.633901644218018,0.526145012480435,NA
"LBRM_34_3970",0,NA,NA,NA,NA,NA
"LBRM_34_3980",0.10866148091832,0.512386596321631,4.0804728567969,0.125570396937733,0.900071997253288,NA
"LBRM_34_3990",0,NA,NA,NA,NA,NA
"LBRM_34_4000",0,NA,NA,NA,NA,NA
"LBRM_34_4010",1.15774871813573,-0.937138955904756,2.30044079380565,-0.407373647010682,0.68373357921552,0.97845571662501
"LBRM_34_4020",0,NA,NA,NA,NA,NA
"LBRM_34_4030",0,NA,NA,NA,NA,NA
"LBRM_34_4040",0.306091567118734,0.772849864308764,4.05352984767767,0.190660953132377,0.848791232320037,NA
"LBRM_34_4050",0,NA,NA,NA,NA,NA
"LBRM_34_4060",0,NA,NA,NA,NA,NA
"LBRM_34_4070",0.440621462818429,0.57464025758787,3.43492684945294,0.167293302819357,0.867139273458387,NA
"LBRM_34_4080",0,NA,NA,NA,NA,NA
"LBRM_34_4090",0.225339052771423,2.57585470100848,4.06349269559957,0.633901644218018,0.526145012480435,NA
"LBRM_34_4100",0,NA,NA,NA,NA,NA
"LBRM_34_4110",0,NA,NA,NA,NA,NA
"LBRM_34_4120",0.225339052771423,2.57585470100848,4.06349269559957,0.633901644218018,0.526145012480435,NA
"LBRM_34_4130",0.150548590060784,2.36802554841367,4.07009331419134,0.581811119700128,0.560693913243612,NA
"LBRM_34_4140",0,NA,NA,NA,NA,NA
"LBRM_34_4150",0.301097180121568,2.94536147983492,4.04378005220696,0.728368368657302,0.466388120880344,NA
"LBRM_34_4160",0.186432969447295,-0.33622145367943,4.04316669949863,-0.083157949861707,0.933725948031842,NA
"LBRM_34_4170",0.150548590060784,2.36802554841367,4.07009331419134,0.581811119700128,0.560693913243612,NA
"LBRM_34_4180",1.13920073838827,4.32272944599793,3.98264050920487,1.08539282820205,0.277747707443976,0.911448662524806
"LBRM_34_4190",0,NA,NA,NA,NA,NA
"LBRM_34_4191",0,NA,NA,NA,NA,NA
"LBRM_34_4200",0.225339052771423,2.57585470100848,4.06349269559957,0.633901644218018,0.526145012480435,NA
"LBRM_34_4210",0.150548590060784,2.36802554841367,4.07009331419134,0.581811119700128,0.560693913243612,NA
"LBRM_34_4220",0,NA,NA,NA,NA,NA
"LBRM_34_4230",0.106620929128686,0.512386596321632,4.0804728567969,0.125570396937733,0.900071997253288,NA
"LBRM_34_4240",0.375887642832207,3.14688176220709,3.93733525674645,0.799241506502413,0.42415038880027,NA
"LBRM_34_4250",0,NA,NA,NA,NA,NA
"LBRM_34_4260",0,NA,NA,NA,NA,NA
"LBRM_34_4270",0,NA,NA,NA,NA,NA
"LBRM_34_4280",0.375887642832207,3.14688176220709,3.93733525674645,0.799241506502413,0.42415038880027,NA
"LBRM_34_4290",0,NA,NA,NA,NA,NA
"LBRM_34_4300",0.872710910494533,2.66873039551403,2.76052586748979,0.96674710675353,0.33367047189009,NA
"LBRM_34_4310",1.20469808300545,3.32172419149831,2.30848884542242,1.43891715053554,0.150173997681913,0.824895983305218
"LBRM_34_4320",0,NA,NA,NA,NA,NA
"LBRM_34_4330",0.15554297705795,-0.121015899195086,4.06395245618752,-0.0297778826154414,0.976244198059474,NA
"LBRM_34_4340",1.43673552143369,2.39843931073634,2.17254997443486,1.10397428779987,0.269604291491777,0.911448662524806
"LBRM_34_4350",0,NA,NA,NA,NA,NA
"LBRM_34_4360",0.594151078697549,0.519947630579927,2.82675581492527,0.183937936143831,0.854062143776909,NA
"LBRM_34_4370",0,NA,NA,NA,NA,NA
"LBRM_34_4380",0.150548590060784,2.36802554841367,4.07009331419134,0.581811119700128,0.560693913243612,NA
"LBRM_34_4390",0.225339052771423,2.57585470100848,4.06349269559957,0.633901644218018,0.526145012480435,NA
"LBRM_34_4400",0,NA,NA,NA,NA,NA
"LBRM_34_4410",0,NA,NA,NA,NA,NA
"LBRM_34_4420",0,NA,NA,NA,NA,NA
"LBRM_34_4430",0,NA,NA,NA,NA,NA
"LBRM_34_4440",0,NA,NA,NA,NA,NA
"LBRM_34_4450",3.71878612870287,0.652741762550504,1.19581164929101,0.545856668094437,0.585164466387405,0.97845571662501
"LBRM_34_4460",0,NA,NA,NA,NA,NA
"LBRM_34_4470",0,NA,NA,NA,NA,NA
"LBRM_34_4480",0,NA,NA,NA,NA,NA
"LBRM_34_4490",0,NA,NA,NA,NA,NA
"LBRM_34_4500",0,NA,NA,NA,NA,NA
"LBRM_34_4510",0.901560351094244,2.66466023462672,2.73321088695414,0.974919369502506,0.329600257279052,NA
"LBRM_34_4520",0.106620929128686,0.512386596321632,4.0804728567969,0.125570396937733,0.900071997253288,NA
"LBRM_34_4530",0.301097180121568,2.94536147983492,4.04378005220696,0.728368368657302,0.466388120880344,NA
"LBRM_34_4540",0.215282410047006,-0.521705569758801,4.02699186999459,-0.129552178549469,0.896920740266371,NA
"LBRM_34_4550",0,NA,NA,NA,NA,NA
"LBRM_34_4560",0.0777714885289751,0.512386596321632,4.0804728567969,0.125570396937733,0.900071997253288,NA
"LBRM_34_4570",0,NA,NA,NA,NA,NA
"LBRM_34_4580",0.647371857723111,1.59621171071338,3.3100321613617,0.482234501932067,0.629639369888605,NA
"LBRM_34_4590",0,NA,NA,NA,NA,NA
"LBRM_34_4600",0.150548590060784,2.36802554841367,4.07009331419134,0.581811119700128,0.560693913243612,NA
"LBRM_34_4610",0.569600369194135,2.56902019336441,3.72121552354445,0.690371244855345,0.489960754983094,NA
"LBRM_34_4620",0.411772022218717,0.753590502948088,3.52106034620548,0.214023739684043,0.830528544494832,NA
"LBRM_34_4630",0.228320078589759,1.40625154395371,4.07009308958569,0.345508447350244,0.729712160779994,NA
"LBRM_34_4640",0,NA,NA,NA,NA,NA
"LBRM_34_4650",0.676221298322822,1.59462830001721,3.26104804272725,0.488992581257285,0.624846949119947,NA
"LBRM_34_4651",0.334000533689742,1.61408529533901,4.06349235823931,0.397216274337571,0.691207982142509,NA
"LBRM_34_4660",0.331959981900109,1.61408529533901,4.06349235823931,0.397216274337571,0.691207982142509,NA
"LBRM_34_4670",0,NA,NA,NA,NA,NA
"LBRM_34_4680",0.670982093197821,0.693071128581678,2.71306465455667,0.255456915638795,0.798370216204705,NA
"LBRM_34_4690",0,NA,NA,NA,NA,NA
"LBRM_34_4700",0.0777714885289751,0.512386596321632,4.0804728567969,0.125570396937733,0.900071997253288,NA
"LBRM_34_4710",0.150548590060784,2.36802554841367,4.07009331419134,0.581811119700128,0.560693913243612,NA
"LBRM_34_4720",0,NA,NA,NA,NA,NA
"LBRM_34_4730",0.150548590060784,2.36802554841367,4.07009331419134,0.581811119700128,0.560693913243612,NA
"LBRM_34_4740",0,NA,NA,NA,NA,NA
"LBRM_34_4750",0.225339052771423,2.57585470100848,4.06349269559957,0.633901644218018,0.526145012480435,NA
"LBRM_34_4760",0.225339052771423,2.57585470100848,4.06349269559957,0.633901644218018,0.526145012480435,NA
"LBRM_34_4770",0,NA,NA,NA,NA,NA
"LBRM_34_4780",0,NA,NA,NA,NA,NA
"LBRM_34_4790",0.259210070979104,1.40625154395371,4.07009308958569,0.345508447350243,0.729712160779994,NA
"LBRM_34_4800",0.150548590060784,2.36802554841367,4.07009331419134,0.581811119700128,0.560693913243612,NA
"LBRM_34_4810",0.225339052771423,2.57585470100848,4.06349269559957,0.633901644218018,0.526145012480435,NA
"LBRM_34_4820",0,NA,NA,NA,NA,NA
"LBRM_34_4830",0.709888176521949,2.7028098098096,2.89593850703885,0.933310497871474,0.350659676482764,NA
"LBRM_34_4840",0.0777714885289751,0.512386596321632,4.0804728567969,0.125570396937733,0.900071997253288,NA
"LBRM_34_4850",0,NA,NA,NA,NA,NA
"LBRM_34_4860",0.331959981900109,1.61408529533901,4.06349235823931,0.397216274337571,0.691207982142509,NA
"LBRM_34_4870",0.150548590060784,2.36802554841367,4.07009331419134,0.581811119700128,0.560693913243612,NA
"LBRM_34_4880",0.150548590060784,2.36802554841367,4.07009331419134,0.581811119700128,0.560693913243612,NA
"LBRM_34_4890",0.106620929128686,0.512386596321632,4.0804728567969,0.125570396937733,0.900071997253288,NA
"LBRM_34_4900",0.10866148091832,0.512386596321631,4.0804728567969,0.125570396937733,0.900071997253288,NA
"LBRM_34_4910",0.0777714885289751,0.512386596321632,4.0804728567969,0.125570396937733,0.900071997253288,NA
"LBRM_34_4920",0.0777714885289751,0.512386596321632,4.0804728567969,0.125570396937733,0.900071997253288,NA
"LBRM_34_4930",0,NA,NA,NA,NA,NA
"LBRM_34_4940",0.375887642832207,3.14688176220709,3.93733525674645,0.799241506502413,0.42415038880027,NA
"LBRM_34_4950",0,NA,NA,NA,NA,NA
"LBRM_34_4960",0.375887642832207,3.14688176220709,3.93733525674645,0.799241506502413,0.42415038880027,NA
"LBRM_34_4970",0,NA,NA,NA,NA,NA
"LBRM_34_4980",0,NA,NA,NA,NA,NA
"LBRM_34_4990",0,NA,NA,NA,NA,NA
"LBRM_34_5000",0.150548590060784,2.36802554841367,4.07009331419134,0.581811119700128,0.560693913243612,NA
"LBRM_34_5010",0,NA,NA,NA,NA,NA
"LBRM_34_5020",0.10866148091832,0.512386596321631,4.0804728567969,0.125570396937733,0.900071997253288,NA
"LBRM_34_5030",0,NA,NA,NA,NA,NA
"LBRM_34_5040",0,NA,NA,NA,NA,NA
"LBRM_34_5050",0.150548590060784,2.36802554841367,4.07009331419134,0.581811119700128,0.560693913243612,NA
"LBRM_34_5060",0,NA,NA,NA,NA,NA
"LBRM_34_5070",0,NA,NA,NA,NA,NA
"LBRM_34_5080",0,NA,NA,NA,NA,NA
"LBRM_34_5090",0,NA,NA,NA,NA,NA
"LBRM_34_5100",0.569600369194135,2.56902019336441,3.72121552354445,0.690371244855345,0.489960754983094,NA
"LBRM_34_5110",0.106620929128686,0.512386596321632,4.0804728567969,0.125570396937733,0.900071997253288,NA
"LBRM_34_5120",0.25716951918947,1.40625154395371,4.07009308958569,0.345508447350243,0.729712160779994,NA
"LBRM_34_5130",0.301097180121568,2.94536147983492,4.04378005220696,0.728368368657302,0.466388120880344,NA
"LBRM_34_5140",0,NA,NA,NA,NA,NA
"LBRM_34_5150",0,NA,NA,NA,NA,NA
"LBRM_34_5160",0.106620929128686,0.512386596321632,4.0804728567969,0.125570396937733,0.900071997253288,NA
"LBRM_34_5170",0,NA,NA,NA,NA,NA
"LBRM_34_5180",0,NA,NA,NA,NA,NA
"LBRM_34_5190",0.150548590060784,2.36802554841367,4.07009331419134,0.581811119700128,0.560693913243612,NA
"LBRM_34_5200",0.225339052771423,2.57585470100848,4.06349269559957,0.633901644218018,0.526145012480435,NA
"LBRM_34_5210",0.0777714885289751,0.512386596321632,4.0804728567969,0.125570396937733,0.900071997253288,NA
"LBRM_34_5220",0.676221298322822,1.59462830001721,3.26104804272725,0.488992581257285,0.624846949119947,NA
"LBRM_34_5230",0.526436232892991,3.5231320871403,3.43421411862938,1.0258917951646,0.304942590521467,NA
"LBRM_34_5240",0,NA,NA,NA,NA,NA
"LBRM_34_5250",0.569600369194135,2.56902019336441,3.72121552354445,0.690371244855345,0.489960754983094,NA
"LBRM_34_5260",0.484549123750526,2.18815698437253,3.32455332860874,0.658180744325201,0.510421996464077,NA
"LBRM_34_5270",1.02027847473698,4.16491545285351,2.73941895978004,1.52036454226335,0.128419380876531,0.786201095137236
"LBRM_34_5280",0.0777714885289751,0.512386596321632,4.0804728567969,0.125570396937733,0.900071997253288,NA
"LBRM_34_5290",0,NA,NA,NA,NA,NA
"LBRM_34_5300",0,NA,NA,NA,NA,NA
"LBRM_34_5310",0.604207721421966,2.57131227611813,3.0525090610705,0.842360243548757,0.399586339388437,NA
"LBRM_34_5320",0,NA,NA,NA,NA,NA
"LBRM_34_5330",1.71903712138439,2.15469820167123,1.85218680264854,1.16332661402733,0.244697011605235,0.911448662524806
"LBRM_34_5340",1.69085614607474,0.348038337102308,1.75178709593183,0.198676162137829,0.842516072143549,0.97845571662501
"LBRM_34_5350",0,NA,NA,NA,NA,NA
"LBRM_34_5351",0.225339052771423,2.57585470100848,4.06349269559957,0.633901644218018,0.526145012480435,NA
"LBRM_34_snoRNA1",0,NA,NA,NA,NA,NA
"LBRM_34_snoRNA2",0,NA,NA,NA,NA,NA
"LBRM_35_0010",0.818549657440269,1.681413343079,2.73407697643479,0.614983907757985,0.53856534785565,NA
"LBRM_35_0020",0,NA,NA,NA,NA,NA
"LBRM_35_0030",1.81739714145046,-0.0283767757076853,1.70534010283581,-0.0166399509754667,0.986723852694562,0.996625799556183
"LBRM_35_0040",0,NA,NA,NA,NA,NA
"LBRM_35_0050",0.150548590060784,2.36802554841367,4.07009331419134,0.581811119700128,0.560693913243612,NA
"LBRM_35_0060",0,NA,NA,NA,NA,NA
"LBRM_35_0060a",0.150548590060784,2.36802554841367,4.07009331419134,0.581811119700128,0.560693913243612,NA
"LBRM_35_0070",0.150548590060784,2.36802554841367,4.07009331419134,0.581811119700128,0.560693913243612,NA
"LBRM_35_0080",0.150548590060784,2.36802554841367,4.07009331419134,0.581811119700128,0.560693913243612,NA
"LBRM_35_0090",0,NA,NA,NA,NA,NA
"LBRM_35_0100",0,NA,NA,NA,NA,NA
"LBRM_35_0110",0.375887642832207,3.14688176220709,3.93733525674645,0.799241506502413,0.42415038880027,NA
"LBRM_35_0120",0,NA,NA,NA,NA,NA
"LBRM_35_0130",0.794939421965558,3.66299337614718,3.01117239705661,1.21646750605436,0.223806881932692,NA
"LBRM_35_0140",0.10866148091832,0.512386596321631,4.0804728567969,0.125570396937733,0.900071997253288,NA
"LBRM_35_0150",0,NA,NA,NA,NA,NA
"LBRM_35_0160",0,NA,NA,NA,NA,NA
"LBRM_35_0170",0.150548590060784,2.36802554841367,4.07009331419134,0.581811119700128,0.560693913243612,NA
"LBRM_35_0180",0,NA,NA,NA,NA,NA
"LBRM_35_0190",0.225339052771423,2.57585470100848,4.06349269559957,0.633901644218018,0.526145012480435,NA
"LBRM_35_0200",0,NA,NA,NA,NA,NA
"LBRM_35_0210",0,NA,NA,NA,NA,NA
"LBRM_35_0220",0.0777714885289751,0.512386596321632,4.0804728567969,0.125570396937733,0.900071997253288,NA
"LBRM_35_0230",0,NA,NA,NA,NA,NA
"LBRM_35_0240",0,NA,NA,NA,NA,NA
"LBRM_35_0250",0,NA,NA,NA,NA,NA
"LBRM_35_0260",0,NA,NA,NA,NA,NA
"LBRM_35_0270",0.861377240611436,2.04284611822173,2.51282076386841,0.812969292356863,0.416235664315244,NA
"LBRM_35_0280",0.826769888383606,2.44990725715277,2.80329475323734,0.873938516213301,0.38215173783949,NA
"LBRM_35_0290",0,NA,NA,NA,NA,NA
"LBRM_35_0300",0,NA,NA,NA,NA,NA
"LBRM_35_0310",0.10866148091832,0.512386596321631,4.0804728567969,0.125570396937733,0.900071997253288,NA
"LBRM_35_0320",0,NA,NA,NA,NA,NA
"LBRM_35_0330",0,NA,NA,NA,NA,NA
"LBRM_35_0340",0,NA,NA,NA,NA,NA
"LBRM_35_0350",0,NA,NA,NA,NA,NA
"LBRM_35_0360",0,NA,NA,NA,NA,NA
"LBRM_35_0370",0.569600369194135,2.56902019336441,3.72121552354445,0.690371244855345,0.489960754983094,NA
"LBRM_35_0380",0,NA,NA,NA,NA,NA
"LBRM_35_0390",0.150548590060784,2.36802554841367,4.07009331419134,0.581811119700128,0.560693913243612,NA
"LBRM_35_0400",0,NA,NA,NA,NA,NA
"LBRM_35_0410",0,NA,NA,NA,NA,NA
"LBRM_35_0420",0,NA,NA,NA,NA,NA
"LBRM_35_0430",0.10866148091832,0.512386596321631,4.0804728567969,0.125570396937733,0.900071997253288,NA
"LBRM_35_0440",0,NA,NA,NA,NA,NA
"LBRM_35_0450",0.150548590060784,2.36802554841367,4.07009331419134,0.581811119700128,0.560693913243612,NA
"LBRM_35_0460",0.0777714885289751,0.512386596321632,4.0804728567969,0.125570396937733,0.900071997253288,NA
"LBRM_35_0470",0,NA,NA,NA,NA,NA
"LBRM_35_0480",0,NA,NA,NA,NA,NA
"LBRM_35_0490",0,NA,NA,NA,NA,NA
"LBRM_35_0500",0,NA,NA,NA,NA,NA
"LBRM_35_0510",0,NA,NA,NA,NA,NA
"LBRM_35_0520",0,NA,NA,NA,NA,NA
"LBRM_35_0530",0,NA,NA,NA,NA,NA
"LBRM_35_0540",0.259210070979104,1.40625154395371,4.07009308958569,0.345508447350243,0.729712160779994,NA
"LBRM_35_0550",0,NA,NA,NA,NA,NA
"LBRM_35_0560",0.0777714885289751,0.512386596321632,4.0804728567969,0.125570396937733,0.900071997253288,NA
"LBRM_35_0570",0,NA,NA,NA,NA,NA
"LBRM_35_0580",0.10866148091832,0.512386596321631,4.0804728567969,0.125570396937733,0.900071997253288,NA
"LBRM_35_0590",0,NA,NA,NA,NA,NA
"LBRM_35_0600",0.150548590060784,2.36802554841367,4.07009331419134,0.581811119700128,0.560693913243612,NA
"LBRM_35_0610",0,NA,NA,NA,NA,NA
"LBRM_35_0620",0,NA,NA,NA,NA,NA
"LBRM_35_0630",0.150548590060784,2.36802554841367,4.07009331419134,0.581811119700128,0.560693913243612,NA
"LBRM_35_0640",3.38395645012937,6.01562076834596,3.04688777858517,1.97434930509299,0.048342038163549,0.682431717593851
"LBRM_35_0650",0.526436232892991,3.5231320871403,3.43421411862938,1.0258917951646,0.304942590521467,NA
"LBRM_35_0660",0,NA,NA,NA,NA,NA
"LBRM_35_0670",0.0777714885289751,0.512386596321632,4.0804728567969,0.125570396937733,0.900071997253288,NA
"LBRM_35_0680",0.442662014608062,0.565863516806198,3.72331112004407,0.151978574597199,0.879203834331997,NA
"LBRM_35_0690",0,NA,NA,NA,NA,NA
"LBRM_35_0700",0,NA,NA,NA,NA,NA
"LBRM_35_0710",0,NA,NA,NA,NA,NA
"LBRM_35_0720",1.46388096337375,1.90691232202168,1.89266446582871,1.00752793559039,0.313681140111731,0.939506005256609
"LBRM_35_0730",0.106620929128686,0.512386596321632,4.0804728567969,0.125570396937733,0.900071997253288,NA
"LBRM_35_0740",0,NA,NA,NA,NA,NA
"LBRM_35_0750",0,NA,NA,NA,NA,NA
"LBRM_35_0760",0,NA,NA,NA,NA,NA
"LBRM_35_0770",0,NA,NA,NA,NA,NA
"LBRM_35_0780",0,NA,NA,NA,NA,NA
"LBRM_35_0790",0.106620929128686,0.512386596321632,4.0804728567969,0.125570396937733,0.900071997253288,NA
"LBRM_35_0800",0.150548590060784,2.36802554841367,4.07009331419134,0.581811119700128,0.560693913243612,NA
"LBRM_35_0810",0,NA,NA,NA,NA,NA
"LBRM_35_0820",0.633057162021677,2.57285816019941,3.00436618237407,0.856373026461879,0.391791479669518,NA
"LBRM_35_0830",0,NA,NA,NA,NA,NA
"LBRM_35_0840",0,NA,NA,NA,NA,NA
"LBRM_35_0850",0,NA,NA,NA,NA,NA
"LBRM_35_0860",0,NA,NA,NA,NA,NA
"LBRM_35_0870",0.938385204509458,-0.261603038695335,2.64166602453502,-0.0990295655338877,0.921114795575914,0.97845571662501
"LBRM_35_0880",0.150548590060784,2.36802554841367,4.07009331419134,0.581811119700128,0.560693913243612,NA
"LBRM_35_0890",0.150548590060784,2.36802554841367,4.07009331419134,0.581811119700128,0.560693913243612,NA
"LBRM_35_0900",0.225339052771423,2.57585470100848,4.06349269559957,0.633901644218018,0.526145012480435,NA
"LBRM_35_0910",0,NA,NA,NA,NA,NA
"LBRM_35_0920",0.106620929128686,0.512386596321632,4.0804728567969,0.125570396937733,0.900071997253288,NA
"LBRM_35_0930",0.10866148091832,0.512386596321631,4.0804728567969,0.125570396937733,0.900071997253288,NA
"LBRM_35_0940",0,NA,NA,NA,NA,NA
"LBRM_35_0950",0.25716951918947,1.40625154395371,4.07009308958569,0.345508447350243,0.729712160779994,NA
"LBRM_35_0960",0.225339052771423,2.57585470100848,4.06349269559957,0.633901644218018,0.526145012480435,NA
"LBRM_35_0970",0,NA,NA,NA,NA,NA
"LBRM_35_0980",0,NA,NA,NA,NA,NA
"LBRM_35_0990",0.25716951918947,1.40625154395371,4.07009308958569,0.345508447350243,0.729712160779994,NA
"LBRM_35_1000",0,NA,NA,NA,NA,NA
"LBRM_35_1010",0,NA,NA,NA,NA,NA
"LBRM_35_1020",0.225339052771423,2.57585470100848,4.06349269559957,0.633901644218018,0.526145012480435,NA
"LBRM_35_1030",0.15554297705795,-0.121015899195086,4.06395245618752,-0.0297778826154414,0.976244198059474,NA
"LBRM_35_1040",0,NA,NA,NA,NA,NA
"LBRM_35_1050",0.259210070979104,1.40625154395371,4.07009308958569,0.345508447350243,0.729712160779994,NA
"LBRM_35_1060",0.225339052771423,2.57585470100848,4.06349269559957,0.633901644218018,0.526145012480435,NA
"LBRM_35_1070",1.10959019483742,0.870886643683398,2.2534146914175,0.386474201575197,0.699145505424906,0.97845571662501
"LBRM_35_1080",0.526436232892991,3.5231320871403,3.43421411862938,1.0258917951646,0.304942590521467,NA
"LBRM_35_1090",0,NA,NA,NA,NA,NA
"LBRM_35_1100",0,NA,NA,NA,NA,NA
"LBRM_35_1110",0.753992786851797,0.742235396893765,2.91817413612435,0.25434924794431,0.799225756091841,NA
"LBRM_35_1120",0.445643040426398,-0.092674890627551,3.39371262277472,-0.0273078191729091,0.978214220397376,NA
"LBRM_35_1130",0,NA,NA,NA,NA,NA
"LBRM_35_1140",0,NA,NA,NA,NA,NA
"LBRM_35_1150",0.0777714885289751,0.512386596321632,4.0804728567969,0.125570396937733,0.900071997253288,NA
"LBRM_35_1160",1.11982378695959,0.465353480535855,2.17510816714059,0.213944983318973,0.830589960661075,0.97845571662501
"LBRM_35_1170",0,NA,NA,NA,NA,NA
"LBRM_35_1180",0.259210070979104,1.40625154395371,4.07009308958569,0.345508447350243,0.729712160779994,NA
"LBRM_35_1190",0.562320612279501,1.33863253679492,2.92311920970638,0.45794661139714,0.646990798234297,NA
"LBRM_35_1200",0,NA,NA,NA,NA,NA
"LBRM_35_1210",0.334941007718446,0.571059908719948,3.80738004106996,0.14998762996075,0.880774374718182,NA
"LBRM_35_1220",0,NA,NA,NA,NA,NA
"LBRM_35_1230",0,NA,NA,NA,NA,NA
"LBRM_35_1240",0.0777714885289751,0.512386596321632,4.0804728567969,0.125570396937733,0.900071997253288,NA
"LBRM_35_1250",0,NA,NA,NA,NA,NA
"LBRM_35_1260",0,NA,NA,NA,NA,NA
"LBRM_35_1270",0.259210070979104,1.40625154395371,4.07009308958569,0.345508447350243,0.729712160779994,NA
"LBRM_35_1280",0.775562470536874,0.261419710728277,2.40441642967752,0.108724806361159,0.913420765857118,NA
"LBRM_35_1290",0,NA,NA,NA,NA,NA
"LBRM_35_1300",0.10866148091832,0.512386596321631,4.0804728567969,0.125570396937733,0.900071997253288,NA
"LBRM_35_1310",0.647371857723111,1.59621171071338,3.3100321613617,0.482234501932067,0.629639369888605,NA
"LBRM_35_1320",0.106620929128686,0.512386596321632,4.0804728567969,0.125570396937733,0.900071997253288,NA
"LBRM_35_1330",0.964949275191702,-1.27445386075509,2.35587364537401,-0.540968681939972,0.588529169285624,0.97845571662501
"LBRM_35_1340",0.0777714885289751,0.512386596321632,4.0804728567969,0.125570396937733,0.900071997253288,NA
"LBRM_35_1350",0.106620929128686,0.512386596321632,4.0804728567969,0.125570396937733,0.900071997253288,NA
"LBRM_35_1360",0,NA,NA,NA,NA,NA
"LBRM_35_1370",1.29339881955746,-0.0955074370826354,2.20012094042277,-0.0434100850220911,0.965374638595714,0.994222666692539
"LBRM_35_1380",0.936194893932878,3.13238546289701,2.62364941359333,1.19390397461943,0.232515532592904,0.901878977667925
"LBRM_35_1390",1.5755234701104,1.09037641215663,1.77141720547733,0.615539020838861,0.53819880804219,0.97845571662501
"LBRM_35_1400",0.150548590060784,2.36802554841367,4.07009331419134,0.581811119700128,0.560693913243612,NA
"LBRM_35_1410",1.14544738361313,-0.388856925855709,2.18728248552632,-0.177780843777085,0.858895092135819,0.97845571662501
"LBRM_35_1420",0.15554297705795,-0.121015899195086,4.06395245618752,-0.0297778826154414,0.976244198059474,NA
"LBRM_35_1430",0.62300051929726,0.394492293043218,2.99078155789868,0.131902743616083,0.895061218500274,NA
"LBRM_35_1440",1.25157957914508,2.61371944636791,2.25270825554352,1.16025652231531,0.245944380433651,0.911448662524806
"LBRM_35_1450",2.05668714618253,0.247814186840152,1.58400736359412,0.156447622994543,0.875680201561479,0.97845571662501
"LBRM_35_1460",1.22922160189806,0.815042093287803,1.99018441363775,0.409530939797701,0.682150065982046,0.97845571662501
"LBRM_35_1470",0.225339052771423,2.57585470100848,4.06349269559957,0.633901644218018,0.526145012480435,NA
"LBRM_35_1480",0.334941007718446,0.571059908719948,3.80738004106996,0.14998762996075,0.880774374718182,NA
"LBRM_35_1490",1.26513317189537,0.427045622205779,1.97912896495985,0.215774529990997,0.829163502769165,0.97845571662501
"LBRM_35_1500",0,NA,NA,NA,NA,NA
"LBRM_35_1510",0.150548590060784,2.36802554841367,4.07009331419134,0.581811119700128,0.560693913243612,NA
"LBRM_35_1520",0.36583100010779,0.37730783828149,3.68378700877705,0.102423901648632,0.918420212664091,NA
"LBRM_35_1530",0,NA,NA,NA,NA,NA
"LBRM_35_1540",0,NA,NA,NA,NA,NA
"LBRM_35_1550",0.150548590060784,2.36802554841367,4.07009331419134,0.581811119700128,0.560693913243612,NA
"LBRM_35_1560",0.259210070979104,1.40625154395371,4.07009308958569,0.345508447350243,0.729712160779994,NA
"LBRM_35_1570",0.710855841161456,2.74326067499937,3.11843985845307,0.879690101306038,0.379027213226476,NA
"LBRM_35_1580",1.0528317876667,0.648442791335749,2.42424168150062,0.267482733377622,0.789097506778747,0.97845571662501
"LBRM_35_1590",0,NA,NA,NA,NA,NA
"LBRM_35_1600",0,NA,NA,NA,NA,NA
"LBRM_35_1610",0.380882029829373,0.977226041233979,3.94949654547106,0.247430534495486,0.804575045569454,NA
"LBRM_35_1620",0.0777714885289751,0.512386596321632,4.0804728567969,0.125570396937733,0.900071997253288,NA
"LBRM_35_1630",0.762731724298252,0.803830570871743,2.98992980492093,0.268845967403238,0.788048218239365,NA
"LBRM_35_1640",0.492524536566029,-0.327744196058262,3.25762159773073,-0.100608430483936,0.919861304109016,NA
"LBRM_35_1650",0,NA,NA,NA,NA,NA
"LBRM_35_1660",0,NA,NA,NA,NA,NA
"LBRM_35_1670",0.150548590060784,2.36802554841367,4.07009331419134,0.581811119700128,0.560693913243612,NA
"LBRM_35_1680",0.367871551897423,0.360330296647215,4.00569038940248,0.0899546049790844,0.928323288495364,NA
"LBRM_35_1690",0,NA,NA,NA,NA,NA
"LBRM_35_1700",0.106620929128686,0.512386596321632,4.0804728567969,0.125570396937733,0.900071997253288,NA
"LBRM_35_1710",0,NA,NA,NA,NA,NA
"LBRM_35_1720",0.484549123750526,2.18815698437253,3.32455332860874,0.658180744325201,0.510421996464077,NA
"LBRM_35_1730",0.225339052771423,2.57585470100848,4.06349269559957,0.633901644218018,0.526145012480435,NA
"LBRM_35_1740",0,NA,NA,NA,NA,NA
"LBRM_35_1750",0,NA,NA,NA,NA,NA
"LBRM_35_1760",0.186432969447295,-0.33622145367943,4.04316669949863,-0.083157949861707,0.933725948031842,NA
"LBRM_35_1770",0.794939421965558,3.66299337614718,3.01117239705661,1.21646750605436,0.223806881932692,NA
"LBRM_35_1780",0.150548590060784,2.36802554841367,4.07009331419134,0.581811119700128,0.560693913243612,NA
"LBRM_35_1790",0.10866148091832,0.512386596321631,4.0804728567969,0.125570396937733,0.900071997253288,NA
"LBRM_35_1800",0,NA,NA,NA,NA,NA
"LBRM_35_1810",0,NA,NA,NA,NA,NA
"LBRM_35_1820",0,NA,NA,NA,NA,NA
"LBRM_35_1830",2.8141496924494,-0.863196503313166,1.4071873776181,-0.613419731474762,0.539598842579594,0.97845571662501
"LBRM_35_1840",0.233314465586925,-0.688087203449716,4.0140974204965,-0.171417664139453,0.863895366368199,NA
"LBRM_35_1850",0.10866148091832,0.512386596321631,4.0804728567969,0.125570396937733,0.900071997253288,NA
"LBRM_35_1860",0,NA,NA,NA,NA,NA
"LBRM_35_1870",0.378868668650543,1.9850001311204,3.95440054501736,0.501972450317799,0.615686900261154,NA
"LBRM_35_1880",0.150548590060784,2.36802554841367,4.07009331419134,0.581811119700128,0.560693913243612,NA
"LBRM_35_1890",0,NA,NA,NA,NA,NA
"LBRM_35_1900",0,NA,NA,NA,NA,NA
"LBRM_35_1910",0.186432969447295,-0.33622145367943,4.04316669949863,-0.083157949861707,0.933725948031842,NA
"LBRM_35_1920",0.213241858257373,-0.509664860242396,4.0279820436031,-0.126531065611825,0.899311559853632,NA
"LBRM_35_1930",0.262163906186637,-0.836210405206493,4.00377057373284,-0.208855724824129,0.834560868338514,NA
"LBRM_35_1940",0,NA,NA,NA,NA,NA
"LBRM_35_1950",0.225339052771423,2.57585470100848,4.06349269559957,0.633901644218018,0.526145012480435,NA
"LBRM_35_1960",0.106620929128686,0.512386596321632,4.0804728567969,0.125570396937733,0.900071997253288,NA
"LBRM_35_1970",0,NA,NA,NA,NA,NA
"LBRM_35_1980",0.663879285680937,-2.16524476583494,2.83304515670992,-0.764281769638112,0.444699346916073,NA
"LBRM_35_1990",0.434645923673279,-1.54306478384557,3.96652268090346,-0.389022049785456,0.697259835271286,NA
"LBRM_35_2000",0,NA,NA,NA,NA,NA
"LBRM_35_2010",0.228320078589759,1.40625154395371,4.07009308958569,0.345508447350244,0.729712160779994,NA
"LBRM_35_2020",0,NA,NA,NA,NA,NA
"LBRM_35_2030",0.0777714885289751,0.512386596321632,4.0804728567969,0.125570396937733,0.900071997253288,NA
"LBRM_35_2040",0.259210070979104,1.40625154395371,4.07009308958569,0.345508447350243,0.729712160779994,NA
"LBRM_35_2050",0,NA,NA,NA,NA,NA
"LBRM_35_2060",0.10866148091832,0.512386596321631,4.0804728567969,0.125570396937733,0.900071997253288,NA
"LBRM_35_2070",0.443602488636765,-0.081680203916819,3.14727451345204,-0.0259526786010253,0.979295082729114,NA
"LBRM_35_2080",0,NA,NA,NA,NA,NA
"LBRM_35_2090",1.23128934429849,1.2198553059462,2.16290450878687,0.563989441508165,0.572761317850477,0.97845571662501
"LBRM_35_2100",0,NA,NA,NA,NA,NA
"LBRM_35_2110",0.225339052771423,2.57585470100848,4.06349269559957,0.633901644218018,0.526145012480435,NA
"LBRM_35_2120",0.150548590060784,2.36802554841367,4.07009331419134,0.581811119700128,0.560693913243612,NA
"LBRM_35_2130",0.10866148091832,0.512386596321631,4.0804728567969,0.125570396937733,0.900071997253288,NA
"LBRM_35_2140",0.0777714885289751,0.512386596321632,4.0804728567969,0.125570396937733,0.900071997253288,NA
"LBRM_35_2150",0.225339052771423,2.57585470100848,4.06349269559957,0.633901644218018,0.526145012480435,NA
"LBRM_35_2160",0.331959981900109,1.61408529533901,4.06349235823931,0.397216274337571,0.691207982142509,NA
"LBRM_35_2170",0.831764275380772,0.21797383944245,2.77986286915476,0.0784117237800031,0.937500548017726,NA
"LBRM_35_2180",0,NA,NA,NA,NA,NA
"LBRM_35_2190",0.72014895925492,3.43948944334506,3.11039865378382,1.10580341177839,0.268811617980153,NA
"LBRM_35_2200",0.964976465802506,-0.644455738897742,2.3107760761163,-0.27889147094723,0.780328114156248,0.97845571662501
"LBRM_35_2210",0,NA,NA,NA,NA,NA
"LBRM_35_2220",0,NA,NA,NA,NA,NA
"LBRM_35_2230",0.106620929128686,0.512386596321632,4.0804728567969,0.125570396937733,0.900071997253288,NA
"LBRM_35_2240",0.334000533689742,1.61408529533901,4.06349235823931,0.397216274337571,0.691207982142509,NA
"LBRM_35_2250",0.228320078589759,1.40625154395371,4.07009308958569,0.345508447350244,0.729712160779994,NA
"LBRM_35_2260",0,NA,NA,NA,NA,NA
"LBRM_35_2270",0.456640157179518,1.34958449725223,3.67488271202153,0.367245597481894,0.71343582999224,NA
"LBRM_35_2280",0.363790448318157,0.384202583767737,4.01746610834674,0.0956330615881272,0.923812006182448,NA
"LBRM_35_2290",0.0777714885289751,0.512386596321632,4.0804728567969,0.125570396937733,0.900071997253288,NA
"LBRM_35_2300",0,NA,NA,NA,NA,NA
"LBRM_35_2310",0.557299034671532,2.35900010515762,3.42453687215048,0.688852301267896,0.490916218673293,NA
"LBRM_35_2320",0.0777714885289751,0.512386596321632,4.0804728567969,0.125570396937733,0.900071997253288,NA
"LBRM_35_2330",0,NA,NA,NA,NA,NA
"LBRM_35_2340",0,NA,NA,NA,NA,NA
"LBRM_35_2350",0,NA,NA,NA,NA,NA
"LBRM_35_2360",0.150548590060784,2.36802554841367,4.07009331419134,0.581811119700128,0.560693913243612,NA
"LBRM_35_2370",0.150548590060784,2.36802554841367,4.07009331419134,0.581811119700128,0.560693913243612,NA
"LBRM_35_2380",0,NA,NA,NA,NA,NA
"LBRM_35_2390",0.150548590060784,2.36802554841367,4.07009331419134,0.581811119700128,0.560693913243612,NA
"LBRM_35_2400",0,NA,NA,NA,NA,NA
"LBRM_35_2410",0.647371857723111,1.59621171071338,3.3100321613617,0.482234501932067,0.629639369888605,NA
"LBRM_35_2420",0.293053898575981,-0.981973165309184,3.95663099556679,-0.248184166380296,0.803991916578278,NA
"LBRM_35_2430",0,NA,NA,NA,NA,NA
"LBRM_35_2440",0.15554297705795,-0.121015899195086,4.06395245618752,-0.0297778826154414,0.976244198059474,NA
"LBRM_35_2450",0.150548590060784,2.36802554841367,4.07009331419134,0.581811119700128,0.560693913243612,NA
"LBRM_35_2460",0,NA,NA,NA,NA,NA
"LBRM_35_2470",0,NA,NA,NA,NA,NA
"LBRM_35_2480",0.228320078589759,1.40625154395371,4.07009308958569,0.345508447350244,0.729712160779994,NA
"LBRM_35_2490",0,NA,NA,NA,NA,NA
"LBRM_35_2500",0,NA,NA,NA,NA,NA
"LBRM_35_2510",0.331959981900109,1.61408529533901,4.06349235823931,0.397216274337571,0.691207982142509,NA
"LBRM_35_2520",0,NA,NA,NA,NA,NA
"LBRM_35_2530",0,NA,NA,NA,NA,NA
"LBRM_35_2540",0.72014895925492,3.43948944334506,3.11039865378382,1.10580341177839,0.268811617980153,NA
"LBRM_35_2550",0.0777714885289751,0.512386596321632,4.0804728567969,0.125570396937733,0.900071997253288,NA
"LBRM_35_2560",0,NA,NA,NA,NA,NA
"LBRM_35_2570",0.945488012026342,4.03915708245817,2.63014996729183,1.53571360290803,0.124608637341088,0.786201095137236
"LBRM_35_2580",0.25716951918947,1.40625154395371,4.07009308958569,0.345508447350243,0.729712160779994,NA
"LBRM_35_2590",0.636038187840014,1.59307543426503,2.99450509115844,0.531999574476844,0.594726290221246,NA
"LBRM_35_2600",0.375887642832207,3.14688176220709,3.93733525674645,0.799241506502413,0.42415038880027,NA
"LBRM_35_2610",0.0777714885289751,0.512386596321632,4.0804728567969,0.125570396937733,0.900071997253288,NA
"LBRM_35_2620",0.303110541300398,1.61408529533901,4.06349235823931,0.397216274337571,0.691207982142509,NA
"LBRM_35_2630",0.676221298322822,1.59462830001721,3.26104804272725,0.488992581257285,0.624846949119947,NA
"LBRM_35_2640",0,NA,NA,NA,NA,NA
"LBRM_35_2650",0,NA,NA,NA,NA,NA
"LBRM_35_2660",0.301097180121568,2.94536147983492,4.04378005220696,0.728368368657302,0.466388120880344,NA
"LBRM_35_2670",0.563261086308205,0.645934811827879,3.09383345573238,0.208781377882854,0.834618909276328,NA
"LBRM_35_2680",0.0777714885289751,0.512386596321632,4.0804728567969,0.125570396937733,0.900071997253288,NA
"LBRM_35_2690",0,NA,NA,NA,NA,NA
"LBRM_35_2700",0.228320078589759,1.40625154395371,4.07009308958569,0.345508447350244,0.729712160779994,NA
"LBRM_35_2710",0.150548590060784,2.36802554841367,4.07009331419134,0.581811119700128,0.560693913243612,NA
"LBRM_35_2720",0.150548590060784,2.36802554841367,4.07009331419134,0.581811119700128,0.560693913243612,NA
"LBRM_35_2730",0,NA,NA,NA,NA,NA
"LBRM_35_2740",0.225339052771423,2.57585470100848,4.06349269559957,0.633901644218018,0.526145012480435,NA
"LBRM_35_2750",0.569600369194135,2.56902019336441,3.72121552354445,0.690371244855345,0.489960754983094,NA
"LBRM_35_2760",0.442662014608062,0.565863516806198,3.72331112004407,0.151978574597199,0.879203834331997,NA
"LBRM_35_2770",3.03513289299865,1.16119880345852,1.33822249210556,0.867717296868542,0.38554911448825,0.97845571662501
"LBRM_35_2780",0.217322961836639,-0.533674641665669,4.02601547254019,-0.132556530223405,0.894544112800906,NA
"LBRM_35_2790",0.548182865975818,-0.521093653455636,3.14214566091613,-0.16584006907678,0.868282812152202,NA
"LBRM_35_2800",0.150548590060784,2.36802554841367,4.07009331419134,0.581811119700128,0.560693913243612,NA
"LBRM_35_2810",0.409758661039888,1.98703088806636,3.83602284252577,0.517992454590814,0.604463533839926,NA
"LBRM_35_2820",0.0777714885289751,0.512386596321632,4.0804728567969,0.125570396937733,0.900071997253288,NA
"LBRM_35_2830",0.150548590060784,2.36802554841367,4.07009331419134,0.581811119700128,0.560693913243612,NA
"LBRM_35_2840",0.668941541408188,0.703392686698879,2.54985882166905,0.275855541774059,0.78265902192521,NA
"LBRM_35_2850",0,NA,NA,NA,NA,NA
"LBRM_35_2860",0.225339052771423,2.57585470100848,4.06349269559957,0.633901644218018,0.526145012480435,NA
"LBRM_35_2870",0.150548590060784,2.36802554841367,4.07009331419134,0.581811119700128,0.560693913243612,NA
"LBRM_35_2880",0,NA,NA,NA,NA,NA
"LBRM_35_2890",0.569600369194135,2.56902019336441,3.72121552354445,0.690371244855345,0.489960754983094,NA
"LBRM_35_2900",0.291013346786348,-0.973012266528396,3.99510687890662,-0.243550997763216,0.807578583630658,NA
"LBRM_35_2910",0.829546774193388,2.97830239443326,2.72089918078124,1.0946022607049,0.273690924750375,NA
"LBRM_35_2920",0.150548590060784,2.36802554841367,4.07009331419134,0.581811119700128,0.560693913243612,NA
"LBRM_35_2930",0,NA,NA,NA,NA,NA
"LBRM_35_2940",0.106620929128686,0.512386596321632,4.0804728567969,0.125570396937733,0.900071997253288,NA
"LBRM_35_2950",0.331959981900109,1.61408529533901,4.06349235823931,0.397216274337571,0.691207982142509,NA
"LBRM_35_2960",0.75603333864143,0.731184174954886,2.91540136064613,0.250800519209758,0.801968340132756,NA
"LBRM_35_2970",1.35652370022491,2.31484496928323,3.92682635885476,0.589495118383168,0.555529185875959,0.97845571662501
"LBRM_35_2980",0.10866148091832,0.512386596321631,4.0804728567969,0.125570396937733,0.900071997253288,NA
"LBRM_35_2990",0.440621462818429,0.57464025758787,3.43492684945294,0.167293302819357,0.867139273458387,NA
"LBRM_35_3000",0.213241858257373,-0.509664860242396,4.0279820436031,-0.126531065611825,0.899311559853632,NA
"LBRM_35_3010",0.331959981900109,1.61408529533901,4.06349235823931,0.397216274337571,0.691207982142509,NA
"LBRM_35_3020",0.26420445797627,-0.845932859173047,4.00312810314672,-0.21131795870037,0.832639170313903,NA
"LBRM_35_3030",0,NA,NA,NA,NA,NA
"LBRM_35_3040",0.479486868023276,-1.69445247464431,3.23205323708913,-0.52426502608304,0.60009421874443,NA
"LBRM_35_3050",0,NA,NA,NA,NA,NA
"LBRM_35_3060",0,NA,NA,NA,NA,NA
"LBRM_35_3070",0,NA,NA,NA,NA,NA
"LBRM_35_3080",0.225339052771423,2.57585470100848,4.06349269559957,0.633901644218018,0.526145012480435,NA
"LBRM_35_3090",3.02807076360105,1.34069225677978,1.29548315375639,1.03489748430329,0.30071678962877,0.939506005256609
"LBRM_35_3100",0.259210070979104,1.40625154395371,4.07009308958569,0.345508447350243,0.729712160779994,NA
"LBRM_35_3110",0.150548590060784,2.36802554841367,4.07009331419134,0.581811119700128,0.560693913243612,NA
"LBRM_35_3120",0,NA,NA,NA,NA,NA
"LBRM_35_3130",0.225339052771423,2.57585470100848,4.06349269559957,0.633901644218018,0.526145012480435,NA
"LBRM_35_3140",0,NA,NA,NA,NA,NA
"LBRM_35_3150",0.150548590060784,2.36802554841367,4.07009331419134,0.581811119700128,0.560693913243612,NA
"LBRM_35_3160",0.905304901543534,3.12973291150751,2.65185638395554,1.18020452783312,0.237918878640534,NA
"LBRM_35_3170",0.52137397716574,-0.429612247527212,2.94753201159764,-0.14575320839157,0.88411621561381,NA
"LBRM_35_3180",0,NA,NA,NA,NA,NA
"LBRM_35_3190",0,NA,NA,NA,NA,NA
"LBRM_35_3200",0.831764275380772,0.21797383944245,2.77986286915476,0.0784117237800031,0.937500548017726,NA
"LBRM_35_3210",0,NA,NA,NA,NA,NA
"LBRM_35_3220",0.375887642832207,3.14688176220709,3.93733525674645,0.799241506502413,0.42415038880027,NA
"LBRM_35_3230",0,NA,NA,NA,NA,NA
"LBRM_35_3240",0.225339052771423,2.57585470100848,4.06349269559957,0.633901644218018,0.526145012480435,NA
"LBRM_35_3250",0.150548590060784,2.36802554841367,4.07009331419134,0.581811119700128,0.560693913243612,NA
"LBRM_35_3260",0.106620929128686,0.512386596321632,4.0804728567969,0.125570396937733,0.900071997253288,NA
"LBRM_35_3270",0,NA,NA,NA,NA,NA
"LBRM_35_3280",0.409758661039888,1.98703088806636,3.83602284252577,0.517992454590814,0.604463533839926,NA
"LBRM_35_3290",0,NA,NA,NA,NA,NA
"LBRM_35_3300",0,NA,NA,NA,NA,NA
"LBRM_35_3310",0.443602488636765,-0.081680203916819,3.14727451345204,-0.0259526786010253,0.979295082729114,NA
"LBRM_35_3320",0,NA,NA,NA,NA,NA
"LBRM_35_3330",0,NA,NA,NA,NA,NA
"LBRM_35_3340",0,NA,NA,NA,NA,NA
"LBRM_35_3350",0,NA,NA,NA,NA,NA
"LBRM_35_3360",0,NA,NA,NA,NA,NA
"LBRM_35_3370",0,NA,NA,NA,NA,NA
"LBRM_35_3380",0,NA,NA,NA,NA,NA
"LBRM_35_3390",0.150548590060784,2.36802554841367,4.07009331419134,0.581811119700128,0.560693913243612,NA
"LBRM_35_3400",0.150548590060784,2.36802554841367,4.07009331419134,0.581811119700128,0.560693913243612,NA
"LBRM_35_3410",0,NA,NA,NA,NA,NA
"LBRM_35_3420",0,NA,NA,NA,NA,NA
"LBRM_35_3430",0.228320078589759,1.40625154395371,4.07009308958569,0.345508447350244,0.729712160779994,NA
"LBRM_35_3440",0,NA,NA,NA,NA,NA
"LBRM_35_3450",0,NA,NA,NA,NA,NA
"LBRM_35_3460",0,NA,NA,NA,NA,NA
"LBRM_35_3470",0.150548590060784,2.36802554841367,4.07009331419134,0.581811119700128,0.560693913243612,NA
"LBRM_35_3480",0.213241858257373,-0.509664860242396,4.0279820436031,-0.126531065611825,0.899311559853632,NA
"LBRM_35_3490",0.0777714885289751,0.512386596321632,4.0804728567969,0.125570396937733,0.900071997253288,NA
"LBRM_35_3500",1.53940776010453,2.33203540613201,2.03972792185263,1.14330709559238,0.252911110011322,0.911448662524806
"LBRM_35_3510",0.106620929128686,0.512386596321632,4.0804728567969,0.125570396937733,0.900071997253288,NA
"LBRM_35_3520",0,NA,NA,NA,NA,NA
"LBRM_35_3530",1.23448799763386,2.23795227304404,2.38922961109958,0.936683633354975,0.348921317502007,0.964273692480018
"LBRM_35_3540",0,NA,NA,NA,NA,NA
"LBRM_35_3550",0.72014895925492,3.43948944334506,3.11039865378382,1.10580341177839,0.268811617980153,NA
"LBRM_35_3560",0.301097180121568,2.94536147983492,4.04378005220696,0.728368368657302,0.466388120880344,NA
"LBRM_35_3570",0.225339052771423,2.57585470100848,4.06349269559957,0.633901644218018,0.526145012480435,NA
"LBRM_35_3580",0,NA,NA,NA,NA,NA
"LBRM_35_3590",0.215282410047006,-0.521705569758801,4.02699186999459,-0.129552178549469,0.896920740266371,NA
"LBRM_35_3600",0,NA,NA,NA,NA,NA
"LBRM_35_3610",0,NA,NA,NA,NA,NA
"LBRM_35_3620",0.262163906186637,-0.836210405206493,4.00377057373284,-0.208855724824129,0.834560868338514,NA
"LBRM_35_3630",0.380882029829373,0.977226041233979,3.94949654547106,0.247430534495486,0.804575045569454,NA
"LBRM_35_3640",0,NA,NA,NA,NA,NA
"LBRM_35_3650",0,NA,NA,NA,NA,NA
"LBRM_35_3660",0.228320078589759,1.40625154395371,4.07009308958569,0.345508447350244,0.729712160779994,NA
"LBRM_35_3670",0.10866148091832,0.512386596321631,4.0804728567969,0.125570396937733,0.900071997253288,NA
"LBRM_35_3680",0.106620929128686,0.512386596321632,4.0804728567969,0.125570396937733,0.900071997253288,NA
"LBRM_35_3690",0,NA,NA,NA,NA,NA
"LBRM_35_3700",0.303110541300398,1.61408529533901,4.06349235823931,0.397216274337571,0.691207982142509,NA
"LBRM_35_3710",0,NA,NA,NA,NA,NA
"LBRM_35_3720",0,NA,NA,NA,NA,NA
"LBRM_35_3730",0,NA,NA,NA,NA,NA
"LBRM_35_3740",0,NA,NA,NA,NA,NA
"LBRM_35_3750",0,NA,NA,NA,NA,NA
"LBRM_35_3760",0,NA,NA,NA,NA,NA
"LBRM_35_3770",0.331959981900109,1.61408529533901,4.06349235823931,0.397216274337571,0.691207982142509,NA
"LBRM_35_3780",0.375887642832207,3.14688176220709,3.93733525674645,0.799241506502413,0.42415038880027,NA
"LBRM_35_3790",0.186432969447295,-0.33622145367943,4.04316669949863,-0.083157949861707,0.933725948031842,NA
"LBRM_35_3800",0.106620929128686,0.512386596321632,4.0804728567969,0.125570396937733,0.900071997253288,NA
"LBRM_35_3810",0,NA,NA,NA,NA,NA
"LBRM_35_3820",0,NA,NA,NA,NA,NA
"LBRM_35_3830",0,NA,NA,NA,NA,NA
"LBRM_35_3840",0.25716951918947,1.40625154395371,4.07009308958569,0.345508447350243,0.729712160779994,NA
"LBRM_35_3850",0.10866148091832,0.512386596321631,4.0804728567969,0.125570396937733,0.900071997253288,NA
"LBRM_35_3860",0.106620929128686,0.512386596321632,4.0804728567969,0.125570396937733,0.900071997253288,NA
"LBRM_35_3870",0,NA,NA,NA,NA,NA
"LBRM_35_3880",0,NA,NA,NA,NA,NA
"LBRM_35_3881",0,NA,NA,NA,NA,NA
"LBRM_35_3882",0.601226695603629,3.65666645920249,3.27360907528349,1.1170137835978,0.263988431772301,NA
"LBRM_35_3890",0.106620929128686,0.512386596321632,4.0804728567969,0.125570396937733,0.900071997253288,NA
"LBRM_35_3900",1.09603660208713,4.29443354273359,2.47346736190558,1.73619980149046,0.0825285123669984,0.786201095137236
"LBRM_35_3910",0,NA,NA,NA,NA,NA
"LBRM_35_3920",0.36583100010779,0.37730783828149,3.68378700877705,0.102423901648632,0.918420212664091,NA
"LBRM_35_3930",0,NA,NA,NA,NA,NA
"LBRM_35_3940",0,NA,NA,NA,NA,NA
"LBRM_35_3950",0,NA,NA,NA,NA,NA
"LBRM_35_3960",0.367871551897423,0.360330296647215,4.00569038940248,0.0899546049790844,0.928323288495364,NA
"LBRM_35_3970",0,NA,NA,NA,NA,NA
"LBRM_35_3980",0.953463424841845,1.20158221628563,2.61936751324031,0.458729907205422,0.64642813456455,0.97845571662501
"LBRM_35_3990",0.0777714885289751,0.512386596321632,4.0804728567969,0.125570396937733,0.900071997253288,NA
"LBRM_35_4000",0.331959981900109,1.61408529533901,4.06349235823931,0.397216274337571,0.691207982142509,NA
"LBRM_35_4010",0.106620929128686,0.512386596321632,4.0804728567969,0.125570396937733,0.900071997253288,NA
"LBRM_35_4020",0,NA,NA,NA,NA,NA
"LBRM_35_4030",0.225339052771423,2.57585470100848,4.06349269559957,0.633901644218018,0.526145012480435,NA
"LBRM_35_4040",0,NA,NA,NA,NA,NA
"LBRM_35_4050",0,NA,NA,NA,NA,NA
"LBRM_35_4060",0,NA,NA,NA,NA,NA
"LBRM_35_4070",0.0777714885289751,0.512386596321632,4.0804728567969,0.125570396937733,0.900071997253288,NA
"LBRM_35_4080",0,NA,NA,NA,NA,NA
"LBRM_35_4090",0.0777714885289751,0.512386596321632,4.0804728567969,0.125570396937733,0.900071997253288,NA
"LBRM_35_4100",0.259210070979104,1.40625154395371,4.07009308958569,0.345508447350243,0.729712160779994,NA
"LBRM_35_4110",0,NA,NA,NA,NA,NA
"LBRM_35_4120",0,NA,NA,NA,NA,NA
"LBRM_35_4130",0,NA,NA,NA,NA,NA
"LBRM_35_4140",0,NA,NA,NA,NA,NA
"LBRM_35_4150",0,NA,NA,NA,NA,NA
"LBRM_35_4160",0,NA,NA,NA,NA,NA
"LBRM_35_4170",0.106620929128686,0.512386596321632,4.0804728567969,0.125570396937733,0.900071997253288,NA
"LBRM_35_4180",0,NA,NA,NA,NA,NA
"LBRM_35_4190",0,NA,NA,NA,NA,NA
"LBRM_35_4200",0,NA,NA,NA,NA,NA
"LBRM_35_4210",0.225339052771423,2.57585470100848,4.06349269559957,0.633901644218018,0.526145012480435,NA
"LBRM_35_4220",0.150548590060784,2.36802554841367,4.07009331419134,0.581811119700128,0.560693913243612,NA
"LBRM_35_4230",0,NA,NA,NA,NA,NA
"LBRM_35_4231",0,NA,NA,NA,NA,NA
"LBRM_35_4240",0.676221298322822,1.59462830001721,3.26104804272725,0.488992581257285,0.624846949119947,NA
"LBRM_35_4250",0,NA,NA,NA,NA,NA
"LBRM_35_4260",0.150548590060784,2.36802554841367,4.07009331419134,0.581811119700128,0.560693913243612,NA
"LBRM_35_4270",0.336981559508079,0.558142011562438,3.79863620897194,0.146932209576735,0.883185528260993,NA
"LBRM_35_4280",1.1434340224343,0.0539621231323597,2.06410966663818,0.0261430504418149,0.979143239497656,0.994222666692539
"LBRM_35_4290",0,NA,NA,NA,NA,NA
"LBRM_35_4300",0.629094984055357,-0.360144542738523,2.98633227283313,-0.120597612668484,0.90400975985677,NA
"LBRM_35_4310",0.150548590060784,2.36802554841367,4.07009331419134,0.581811119700128,0.560693913243612,NA
"LBRM_35_4320",0.225339052771423,2.57585470100848,4.06349269559957,0.633901644218018,0.526145012480435,NA
"LBRM_35_4330",0.0777714885289751,0.512386596321632,4.0804728567969,0.125570396937733,0.900071997253288,NA
"LBRM_35_4340",0.794939421965558,3.66299337614718,3.01117239705661,1.21646750605436,0.223806881932692,NA
"LBRM_35_4350",0.10866148091832,0.512386596321631,4.0804728567969,0.125570396937733,0.900071997253288,NA
"LBRM_35_4360",0,NA,NA,NA,NA,NA
"LBRM_35_4370",0.106620929128686,0.512386596321632,4.0804728567969,0.125570396937733,0.900071997253288,NA
"LBRM_35_4380",0,NA,NA,NA,NA,NA
"LBRM_35_4390",0.150548590060784,2.36802554841367,4.07009331419134,0.581811119700128,0.560693913243612,NA
"LBRM_35_4400",0,NA,NA,NA,NA,NA
"LBRM_35_4410",0.336981559508079,0.558142011562438,3.79863620897194,0.146932209576735,0.883185528260993,NA
"LBRM_35_4420",0,NA,NA,NA,NA,NA
"LBRM_35_4430",0,NA,NA,NA,NA,NA
"LBRM_35_4440",0,NA,NA,NA,NA,NA
"LBRM_35_4450",0.150548590060784,2.36802554841367,4.07009331419134,0.581811119700128,0.560693913243612,NA
"LBRM_35_4460",0.450678105542845,3.32271092996418,4.01688493769328,0.827185986530216,0.408131653169535,NA
"LBRM_35_4470",0.10866148091832,0.512386596321631,4.0804728567969,0.125570396937733,0.900071997253288,NA
"LBRM_35_4480",0,NA,NA,NA,NA,NA
"LBRM_35_4490",0,NA,NA,NA,NA,NA
"LBRM_35_4500",0.150548590060784,2.36802554841367,4.07009331419134,0.581811119700128,0.560693913243612,NA
"LBRM_35_4510",0.375887642832207,3.14688176220709,3.93733525674645,0.799241506502413,0.42415038880027,NA
"LBRM_35_4520",0.336981559508079,0.558142011562438,3.79863620897194,0.146932209576735,0.883185528260993,NA
"LBRM_35_4530",0.106620929128686,0.512386596321632,4.0804728567969,0.125570396937733,0.900071997253288,NA
"LBRM_35_4540",0.225339052771423,2.57585470100848,4.06349269559957,0.633901644218018,0.526145012480435,NA
"LBRM_35_4550",0.150548590060784,2.36802554841367,4.07009331419134,0.581811119700128,0.560693913243612,NA
"LBRM_35_4560",0.0777714885289751,0.512386596321632,4.0804728567969,0.125570396937733,0.900071997253288,NA
"LBRM_35_4570",0.794939421965558,3.66299337614718,3.01117239705661,1.21646750605436,0.223806881932692,NA
"LBRM_35_4580",0.259210070979104,1.40625154395371,4.07009308958569,0.345508447350243,0.729712160779994,NA
"LBRM_35_4590",0.150548590060784,2.36802554841367,4.07009331419134,0.581811119700128,0.560693913243612,NA
"LBRM_35_4600",0,NA,NA,NA,NA,NA
"LBRM_35_4610",0.0777714885289751,0.512386596321632,4.0804728567969,0.125570396937733,0.900071997253288,NA
"LBRM_35_4620",0,NA,NA,NA,NA,NA
"LBRM_35_4630",0.0777714885289751,0.512386596321632,4.0804728567969,0.125570396937733,0.900071997253288,NA
"LBRM_35_4640",0.609202108419132,0.966474801759386,3.02544484263192,0.319448825554731,0.749386191261368,NA
"LBRM_35_4650",0.936167703322075,2.14709495916309,2.43363722790687,0.882257607889149,0.377637515380591,0.97845571662501
"LBRM_35_4660",0.293053898575981,-0.981973165309184,3.95663099556679,-0.248184166380296,0.803991916578278,NA
"LBRM_35_4670",0.225339052771423,2.57585470100848,4.06349269559957,0.633901644218018,0.526145012480435,NA
"LBRM_35_4680",0,NA,NA,NA,NA,NA
"LBRM_35_4690",0.10866148091832,0.512386596321631,4.0804728567969,0.125570396937733,0.900071997253288,NA
"LBRM_35_4700",0,NA,NA,NA,NA,NA
"LBRM_35_4710",0.291013346786348,-0.973012266528396,3.99510687890662,-0.243550997763216,0.807578583630658,NA
"LBRM_35_4720",0.262163906186637,-0.836210405206493,4.00377057373284,-0.208855724824129,0.834560868338514,NA
"LBRM_35_4730",0.301097180121568,2.94536147983492,4.04378005220696,0.728368368657302,0.466388120880344,NA
"LBRM_35_4740",0,NA,NA,NA,NA,NA
"LBRM_35_4750",0.785646303872094,2.87261491553564,2.78540630932455,1.03130911491051,0.302395885305479,NA
"LBRM_35_4760",0.482508571960893,2.18812578744307,3.32949496545596,0.657194502513212,0.51105586000068,NA
"LBRM_35_4770",0.0777714885289751,0.512386596321632,4.0804728567969,0.125570396937733,0.900071997253288,NA
"LBRM_35_4780",0,NA,NA,NA,NA,NA
"LBRM_35_4790",0.826769888383606,2.44990725715277,2.80329475323734,0.873938516213301,0.38215173783949,NA
"LBRM_35_4800",0,NA,NA,NA,NA,NA
"LBRM_35_4810",0.225339052771423,2.57585470100848,4.06349269559957,0.633901644218018,0.526145012480435,NA
"LBRM_35_4820",0.10866148091832,0.512386596321631,4.0804728567969,0.125570396937733,0.900071997253288,NA
"LBRM_35_4830",0.10866148091832,0.512386596321631,4.0804728567969,0.125570396937733,0.900071997253288,NA
"LBRM_35_4840",0.809433488744555,-0.255925905174462,2.49607309052511,-0.102531414703334,0.918334878909625,NA
"LBRM_35_4850",0.0777714885289751,0.512386596321632,4.0804728567969,0.125570396937733,0.900071997253288,NA
"LBRM_35_4860",0.443602488636765,-0.081680203916819,3.14727451345204,-0.0259526786010253,0.979295082729114,NA
"LBRM_35_4870",0.907250393992279,-1.16599538265973,2.44076251104938,-0.477717671170892,0.632851165175385,NA
"LBRM_35_4880",0,NA,NA,NA,NA,NA
"LBRM_35_4890",0.72157816688036,-2.27658172657927,2.7868808506549,-0.816892378461134,0.413989933688918,NA
"LBRM_35_4900",0.10866148091832,0.512386596321631,4.0804728567969,0.125570396937733,0.900071997253288,NA
"LBRM_35_4910",0.293053898575981,-0.981973165309184,3.95663099556679,-0.248184166380296,0.803991916578278,NA
"LBRM_35_4920",0.150548590060784,2.36802554841367,4.07009331419134,0.581811119700128,0.560693913243612,NA
"LBRM_35_4930",0.0777714885289751,0.512386596321632,4.0804728567969,0.125570396937733,0.900071997253288,NA
"LBRM_35_4940",1.3129551420637,0.0204963834325769,2.07953768107992,0.00985622122602412,0.992136000580935,0.996625799556183
"LBRM_35_4950",1.106541300289,-1.52478970526359,2.23283448797021,-0.682894192775445,0.494673703754449,0.97845571662501
"LBRM_35_4960",1.19235607036356,-0.0709470099762092,2.01891087127507,-0.0351412293557079,0.971967125428997,0.994222666692539
"LBRM_35_4970",3.28888977389892,0.324452951246144,1.29482283225447,0.250577100715181,0.802141087958378,0.97845571662501
"LBRM_35_4980",2.95522579333916,-0.053388213402812,1.31590380829902,-0.0405715167522947,0.967637491791953,0.994222666692539
"LBRM_35_4990",3.24010013909108,0.461008665053103,1.31039157445598,0.351809851375528,0.724980869976114,0.97845571662501
"LBRM_35_5000",1.09375123216966,1.24315066298626,2.23574975107004,0.55603300968334,0.578188289041526,0.97845571662501
"LBRM_35_5010",1.65195006275061,-0.305070070578434,1.78107775039681,-0.171283971466415,0.864000483132825,0.97845571662501
"LBRM_35_5020",1.94041399618949,1.05745752788235,1.64846513446263,0.641480068807801,0.521210826290451,0.97845571662501
"LBRM_35_5030",1.07659178192836,-1.74087444946568,2.25250424799914,-0.772861783063035,0.439604184303035,0.97845571662501
"LBRM_35_5040",1.15640382224697,-1.86096272093813,2.20338443505769,-0.844592841507206,0.398338207231028,0.97845571662501
"LBRM_35_5050",2.57608844028872,1.18622785763422,1.47012510161976,0.806889057487187,0.419730403712148,0.97845571662501
"LBRM_35_5060",1.17523729824154,-0.737407119135732,2.05236728339168,-0.359295884856007,0.719373752501238,0.97845571662501
"LBRM_35_5070",2.46355651640622,-0.300543138873959,1.57594210964623,-0.190706966350068,0.848755180506907,0.97845571662501
"LBRM_35_5080",2.22914197305837,-0.193935701490991,1.54190088834267,-0.125777021699135,0.899908431330525,0.97845571662501
"LBRM_35_5090",8.75879778463671,-0.715893390360166,0.883992637646602,-0.80984089671385,0.418031624307045,0.97845571662501
"LBRM_35_5100",11.5302424620911,-1.08730731591041,0.740709124053888,-1.46792753133591,0.1421239088353,0.824895983305218
"LBRM_35_5110",19.4822867048155,-0.944863761127987,0.579935715734158,-1.62925602871666,0.103258830422459,0.786201095137236
"LBRM_35_5120",32.0838919574958,-0.386001429196507,0.47606287718017,-0.810820267026243,0.417468893915916,0.97845571662501
"LBRM_35_5130",65.5506181470643,-0.16640972746068,0.361978940366695,-0.459722124420008,0.645715686941582,0.97845571662501
"LBRM_35_5140",44.3443623897798,-0.515720188479101,0.441152513185905,-1.16902924286815,0.242391849680372,0.911448662524806
"LBRM_35_5150",233.548455998444,-0.899902638906039,0.288813493331533,-3.11586078796196,0.00183408834887968,0.0735469427900752
"LBRM_35_5160",12.0048159729064,-1.23192927175559,0.779896720458473,-1.5796056573124,0.114197202874164,0.786201095137236
"LBRM_35_5170",12.545831486974,-1.15809188379574,0.784966185574944,-1.47533983638736,0.140121201505235,0.820271559176629
"LBRM_35_5180",6.32469872865564,-1.39702269992852,1.02536597534495,-1.36246250950403,0.173051968000251,0.872878480101897
"LBRM_35_5190",3.0665828038287,-1.68477043591739,1.53824226677307,-1.09525688658374,0.273404109821569,0.911448662524806
"LBRM_35_5200",7.73374628873055,-1.82751797180686,0.980504930285117,-1.8638539341923,0.0623422192904682,0.723182816206057
"LBRM_35_5210",8.01051595145689,-0.57208615824712,0.929508523659699,-0.615471664525117,0.538243276577951,0.97845571662501
"LBRM_35_5220",2.01383237240056,-0.208045745643513,1.75932586280022,-0.118253104807075,0.905867113544466,0.97845571662501
"LBRM_35_5230",0.681911341220857,-2.21616287116494,2.85989739571316,-0.774909923162578,0.438392888094155,NA
"LBRM_35_5240",0.712801333610201,-2.27495403740519,2.78542002915516,-0.816736439600892,0.414079062243988,NA
"LBRM_35_5250",0.215282410047006,-0.521705569758801,4.02699186999459,-0.129552178549469,0.896920740266371,NA
"LBRM_35_5260",0.10866148091832,0.512386596321631,4.0804728567969,0.125570396937733,0.900071997253288,NA
"LBRM_35_5270",0.912092239906921,-2.61620476043413,2.54120059148965,-1.02951524928636,0.303237617714745,NA
"LBRM_35_5280",0.753747968723962,-0.777275822212986,2.76645705477358,-0.280964355066268,0.778737739540493,NA
"LBRM_35_5290",0.414753048037054,0.0468763144403598,3.48132427557038,0.0134650813109559,0.989256744153462,NA
"LBRM_35_5300",0.184392417657661,-0.322972510444289,4.04440056163657,-0.0798567069513009,0.936351222660643,NA
"LBRM_35_5310",0.445643040426398,-0.092674890627551,3.39371262277472,-0.0273078191729091,0.978214220397376,NA
"LBRM_35_5320",0.557258356552251,-1.91505305806653,3.04752887187848,-0.628395378215433,0.529744964014623,NA
"LBRM_35_5330",1.11655726489414,-2.91719514769325,2.38142198983842,-1.22498035213456,0.220582623443232,0.898195964048256
"LBRM_35_5340",0.555217804762618,-1.91032541638644,3.05132691664185,-0.626063830121768,0.53127307525077,NA
"LBRM_35_5350",0.306091567118734,0.772849864308764,4.05352984767767,0.190660953132377,0.848791232320037,NA
"LBRM_35_5360",0,NA,NA,NA,NA,NA
"LBRM_35_5370",0.940425756299092,-0.276853547372671,2.48516225695876,-0.111402604235376,0.911297095036241,0.97845571662501
"LBRM_35_5380",0.15554297705795,-0.121015899195086,4.06395245618752,-0.0297778826154414,0.976244198059474,NA
"LBRM_35_5390",0.184392417657661,-0.322972510444289,4.04440056163657,-0.0798567069513009,0.936351222660643,NA
"LBRM_35_5400",0.609202108419132,0.966474801759386,3.02544484263192,0.319448825554731,0.749386191261368,NA
"LBRM_35_5410",0.41974743503422,-1.51608762947676,3.74232332035127,-0.405119360273354,0.68538977616524,NA
"LBRM_35_5420",0.150548590060784,2.36802554841367,4.07009331419134,0.581811119700128,0.560693913243612,NA
"LBRM_35_5430",0.88328347742649,0.318018719262185,2.64448708560766,0.12025724042782,0.904279375419942,NA
"LBRM_35_5440",1.09240355398532,-2.87875333302514,2.36382928468297,-1.21783470222607,0.223286794149375,0.898195964048256
"LBRM_35_5450",0.52137397716574,-0.429612247527212,2.94753201159764,-0.14575320839157,0.88411621561381,NA
"LBRM_35_5460",0.921048804870408,-1.47173543270267,2.37492362259022,-0.619698005739448,0.535456628883229,NA
"LBRM_35_5470",0.106620929128686,0.512386596321632,4.0804728567969,0.125570396937733,0.900071997253288,NA
"LBRM_35_5480",0.184392417657661,-0.322972510444289,4.04440056163657,-0.0798567069513009,0.936351222660643,NA
"LBRM_35_5490",0.925129908449674,-1.47880971360621,2.40075397801363,-0.615977200141834,0.537909567747775,NA
"LBRM_35_5500",0.734615835423113,-1.07334867203499,2.59765353334241,-0.413199319408045,0.679460586730457,NA
"LBRM_35_5500_A",0,NA,NA,NA,NA,NA
"LBRM_35_5510",0.590188900731229,-1.99178438277389,3.26647757458501,-0.609765209555107,0.54201735078717,NA
"LBRM_35_5520",0.476533032815743,-0.226268488861637,3.61795379911083,-0.0625404583434001,0.950132443882162,NA
"LBRM_35_5530",0.484549123750526,2.18815698437253,3.32455332860874,0.658180744325201,0.510421996464077,NA
"LBRM_35_5540",0.184392417657661,-0.322972510444289,4.04440056163657,-0.0798567069513009,0.936351222660643,NA
"LBRM_35_5550",0.647371857723111,1.59621171071338,3.3100321613617,0.482234501932067,0.629639369888605,NA
"LBRM_35_5560",0.407718109250254,1.98689895994212,3.84338000175693,0.516966565635935,0.605179498552988,NA
"LBRM_35_5570",0,NA,NA,NA,NA,NA
"LBRM_35_5580",0.106620929128686,0.512386596321632,4.0804728567969,0.125570396937733,0.900071997253288,NA
"LBRM_35_5590",0.228320078589759,1.40625154395371,4.07009308958569,0.345508447350244,0.729712160779994,NA
"LBRM_35_5600",0.860613715980483,0.0960843854227589,2.75150218215108,0.0349207011522854,0.972142973546626,NA
"LBRM_35_5610",0.48548959777923,1.15941991701357,3.30651895540538,0.3506466869389,0.725853426540296,NA
"LBRM_35_5620",2.92727561483057,3.29335682755895,1.6071888659332,2.04914114163345,0.0404483154923722,0.626695082348765
"LBRM_35_5630",0.75475631148275,2.87039430850763,2.82231922826992,1.01703389175688,0.309137306864745,NA
"LBRM_35_5640",0.213241858257373,-0.509664860242396,4.0279820436031,-0.126531065611825,0.899311559853632,NA
"LBRM_35_5650",0.26420445797627,-0.845932859173047,4.00312810314672,-0.21131795870037,0.832639170313903,NA
"LBRM_35_5660",0.484549123750526,2.18815698437253,3.32455332860874,0.658180744325201,0.510421996464077,NA
"LBRM_35_5670",0.25716951918947,1.40625154395371,4.07009308958569,0.345508447350243,0.729712160779994,NA
"LBRM_35_5680",0.0777714885289751,0.512386596321632,4.0804728567969,0.125570396937733,0.900071997253288,NA
"LBRM_35_5690",0.150548590060784,2.36802554841367,4.07009331419134,0.581811119700128,0.560693913243612,NA
"LBRM_35_5700",0.10866148091832,0.512386596321631,4.0804728567969,0.125570396937733,0.900071997253288,NA
"LBRM_35_5710",0,NA,NA,NA,NA,NA
"LBRM_35_5720",1.05414949294466,3.05685082185166,2.43640776948099,1.25465484888962,0.209604083045471,0.898195964048256
"LBRM_35_5730",0.331959981900109,1.61408529533901,4.06349235823931,0.397216274337571,0.691207982142509,NA
"LBRM_35_5740",0.225339052771423,2.57585470100848,4.06349269559957,0.633901644218018,0.526145012480435,NA
"LBRM_35_5750",0.184392417657661,-0.322972510444289,4.04440056163657,-0.0798567069513009,0.936351222660643,NA
"LBRM_35_5760",0,NA,NA,NA,NA,NA
"LBRM_35_5770",0,NA,NA,NA,NA,NA
"LBRM_35_5780",0,NA,NA,NA,NA,NA
"LBRM_35_5790",0.150548590060784,2.36802554841367,4.07009331419134,0.581811119700128,0.560693913243612,NA
"LBRM_35_5800",0.0777714885289751,0.512386596321632,4.0804728567969,0.125570396937733,0.900071997253288,NA
"LBRM_35_5810",0,NA,NA,NA,NA,NA
"LBRM_35_5820",0.228320078589759,1.40625154395371,4.07009308958569,0.345508447350244,0.729712160779994,NA
"LBRM_35_5830",0.10866148091832,0.512386596321631,4.0804728567969,0.125570396937733,0.900071997253288,NA
"LBRM_35_5840",0,NA,NA,NA,NA,NA
"LBRM_35_5850",0.106620929128686,0.512386596321632,4.0804728567969,0.125570396937733,0.900071997253288,NA
"LBRM_35_5860",1.04205229843061,0.821540822384863,2.38221523523046,0.344864229829084,0.730196443206707,0.97845571662501
"LBRM_35_5870",0,NA,NA,NA,NA,NA
"LBRM_35_5880",0,NA,NA,NA,NA,NA
"LBRM_35_5890",0.225339052771423,2.57585470100848,4.06349269559957,0.633901644218018,0.526145012480435,NA
"LBRM_35_5900",0.609202108419132,0.966474801759386,3.02544484263192,0.319448825554731,0.749386191261368,NA
"LBRM_35_5910",0,NA,NA,NA,NA,NA
"LBRM_35_5920",0.409758661039888,1.98703088806636,3.83602284252577,0.517992454590814,0.604463533839926,NA
"LBRM_35_5930",0,NA,NA,NA,NA,NA
"LBRM_35_5940",0.26420445797627,-0.845932859173047,4.00312810314672,-0.21131795870037,0.832639170313903,NA
"LBRM_35_5950",0,NA,NA,NA,NA,NA
"LBRM_35_5960",0,NA,NA,NA,NA,NA
"LBRM_35_5970",0.225339052771423,2.57585470100848,4.06349269559957,0.633901644218018,0.526145012480435,NA
"LBRM_35_5980",0.870697549315704,3.91534140563664,2.88151220519597,1.35878008726684,0.174216285085023,NA
"LBRM_35_5990",0.106620929128686,0.512386596321632,4.0804728567969,0.125570396937733,0.900071997253288,NA
"LBRM_35_6000",0.401715379494301,-1.43380111314668,3.48376812167954,-0.411566172910336,0.680657429795647,NA
"LBRM_35_6010",0.25716951918947,1.40625154395371,4.07009308958569,0.345508447350243,0.729712160779994,NA
"LBRM_35_6020",0.225339052771423,2.57585470100848,4.06349269559957,0.633901644218018,0.526145012480435,NA
"LBRM_35_6030",3.69624878037829,0.846212381043092,1.18748630615043,0.712608117382279,0.476088287322446,0.97845571662501
"LBRM_35_6040",0,NA,NA,NA,NA,NA
"LBRM_35_6050",0.569600369194135,2.56902019336441,3.72121552354445,0.690371244855345,0.489960754983094,NA
"LBRM_35_6060",0.217322961836639,-0.533674641665669,4.02601547254019,-0.132556530223405,0.894544112800906,NA
"LBRM_35_6070",0.150548590060784,2.36802554841367,4.07009331419134,0.581811119700128,0.560693913243612,NA
"LBRM_35_6080",0.516379590168574,0.975274502243785,3.23299260215184,0.301663078843624,0.762908916596105,NA
"LBRM_35_6090",0.10866148091832,0.512386596321631,4.0804728567969,0.125570396937733,0.900071997253288,NA
"LBRM_35_6100",1.16874583488885,0.262318618785443,2.12956266013555,0.123179572827759,0.901964900891834,0.97845571662501
"LBRM_35_6110",0.106620929128686,0.512386596321632,4.0804728567969,0.125570396937733,0.900071997253288,NA
"LBRM_35_6120",0,NA,NA,NA,NA,NA
"LBRM_35_6130",0,NA,NA,NA,NA,NA
"LBRM_35_6140",0,NA,NA,NA,NA,NA
"LBRM_35_6150",0.729594257815143,-0.687382691863161,2.83762424104313,-0.242238800303762,0.808595131856189,NA
"LBRM_35_6160",0,NA,NA,NA,NA,NA
"LBRM_35_6170",0.375887642832207,3.14688176220709,3.93733525674645,0.799241506502413,0.42415038880027,NA
"LBRM_35_6180",0.228320078589759,1.40625154395371,4.07009308958569,0.345508447350244,0.729712160779994,NA
"LBRM_35_6190",0.363790448318157,0.384202583767737,4.01746610834674,0.0956330615881272,0.923812006182448,NA
"LBRM_35_6200",0,NA,NA,NA,NA,NA
"LBRM_35_6210",0.303110541300398,1.61408529533901,4.06349235823931,0.397216274337571,0.691207982142509,NA
"LBRM_35_6220",0.301097180121568,2.94536147983492,4.04378005220696,0.728368368657302,0.466388120880344,NA
"LBRM_35_6230",0.106620929128686,0.512386596321632,4.0804728567969,0.125570396937733,0.900071997253288,NA
"LBRM_35_6240",0,NA,NA,NA,NA,NA
"LBRM_35_6250",0,NA,NA,NA,NA,NA
"LBRM_35_6260",0,NA,NA,NA,NA,NA
"LBRM_35_6270",0,NA,NA,NA,NA,NA
"LBRM_35_6280",0.372865938894589,-1.33443373612058,3.91130706876304,-0.341173350151359,0.73297308449078,NA
"LBRM_35_6290",0,NA,NA,NA,NA,NA
"LBRM_35_6300",0,NA,NA,NA,NA,NA
"LBRM_35_6310",0,NA,NA,NA,NA,NA
"LBRM_35_6320",0,NA,NA,NA,NA,NA
"LBRM_35_6330",0.150548590060784,2.36802554841367,4.07009331419134,0.581811119700128,0.560693913243612,NA
"LBRM_35_6340",1.37672129741042,-0.819715741804204,2.03738197392914,-0.40233778068791,0.687435453522614,0.97845571662501
"LBRM_35_6350",0,NA,NA,NA,NA,NA
"LBRM_35_6360",0.259210070979104,1.40625154395371,4.07009308958569,0.345508447350243,0.729712160779994,NA
"LBRM_35_6370",0.450637427423565,-1.61110717154088,3.61888859348292,-0.445193912418925,0.656179625660847,NA
"LBRM_35_6380",0.213241858257373,-0.509664860242396,4.0279820436031,-0.126531065611825,0.899311559853632,NA
"LBRM_35_6390",0,NA,NA,NA,NA,NA
"LBRM_35_6400",0,NA,NA,NA,NA,NA
"LBRM_35_6410",0.0777714885289751,0.512386596321632,4.0804728567969,0.125570396937733,0.900071997253288,NA
"LBRM_35_6420",0,NA,NA,NA,NA,NA
"LBRM_35_6430",0,NA,NA,NA,NA,NA
"LBRM_35_6440",0.0777714885289751,0.512386596321632,4.0804728567969,0.125570396937733,0.900071997253288,NA
"LBRM_35_6450",0.225339052771423,2.57585470100848,4.06349269559957,0.633901644218018,0.526145012480435,NA
"LBRM_35_6460",0,NA,NA,NA,NA,NA
"LBRM_35_6470",0.10866148091832,0.512386596321631,4.0804728567969,0.125570396937733,0.900071997253288,NA
"LBRM_35_6480",0.150548590060784,2.36802554841367,4.07009331419134,0.581811119700128,0.560693913243612,NA
"LBRM_35_6490",0.534411645708493,0.782377788078119,3.43616151414436,0.227689468279532,0.81988766050559,NA
"LBRM_35_6491",0,NA,NA,NA,NA,NA
"LBRM_35_6500",0,NA,NA,NA,NA,NA
"LBRM_35_6510",0,NA,NA,NA,NA,NA
"LBRM_35_6520",0.186432969447295,-0.33622145367943,4.04316669949863,-0.083157949861707,0.933725948031842,NA
"LBRM_35_6530",0.225339052771423,2.57585470100848,4.06349269559957,0.633901644218018,0.526145012480435,NA
"LBRM_35_6540",0.25716951918947,1.40625154395371,4.07009308958569,0.345508447350243,0.729712160779994,NA
"LBRM_35_6550",0,NA,NA,NA,NA,NA
"LBRM_35_6560",0,NA,NA,NA,NA,NA
"LBRM_35_6570",0,NA,NA,NA,NA,NA
"LBRM_35_6580",0,NA,NA,NA,NA,NA
"LBRM_35_6590",0,NA,NA,NA,NA,NA
"LBRM_35_6600",0.106620929128686,0.512386596321632,4.0804728567969,0.125570396937733,0.900071997253288,NA
"LBRM_35_6610",0.676221298322822,1.59462830001721,3.26104804272725,0.488992581257285,0.624846949119947,NA
"LBRM_35_6620",0.225339052771423,2.57585470100848,4.06349269559957,0.633901644218018,0.526145012480435,NA
"LBRM_35_6630",0,NA,NA,NA,NA,NA
"LBRM_35_6640",1.12786706850517,3.23234522338178,2.49751845577617,1.29422275775625,0.195588488077817,0.898195964048256
"LBRM_35_6650",0,NA,NA,NA,NA,NA
"LBRM_35_6660",0,NA,NA,NA,NA,NA
"LBRM_35_6670",1.54033474662476,0.402938155919545,1.83232826816943,0.219905004424834,0.825945138744639,0.97845571662501
"LBRM_35_6680",0.301097180121568,2.94536147983492,4.04378005220696,0.728368368657302,0.466388120880344,NA
"LBRM_35_6690",0.492524536566029,-0.327744196058262,3.25762159773073,-0.100608430483936,0.919861304109016,NA
"LBRM_35_6700",0.225339052771423,2.57585470100848,4.06349269559957,0.633901644218018,0.526145012480435,NA
"LBRM_35_6710",1.05414949294466,3.05685082185166,2.43640776948099,1.25465484888962,0.209604083045471,0.898195964048256
"LBRM_35_6720",0,NA,NA,NA,NA,NA
"LBRM_35_6730",0.516379590168574,0.975274502243785,3.23299260215184,0.301663078843624,0.762908916596105,NA
"LBRM_35_6740",0.676221298322822,1.59462830001721,3.26104804272725,0.488992581257285,0.624846949119947,NA
"LBRM_35_6750",0.569600369194135,2.56902019336441,3.72121552354445,0.690371244855345,0.489960754983094,NA
"LBRM_35_6760",0.106620929128686,0.512386596321632,4.0804728567969,0.125570396937733,0.900071997253288,NA
"LBRM_35_6770",0,NA,NA,NA,NA,NA
"LBRM_35_6780",0,NA,NA,NA,NA,NA
"LBRM_35_6790",0.0777714885289751,0.512386596321632,4.0804728567969,0.125570396937733,0.900071997253288,NA
"LBRM_35_6800",0.701872085587166,0.565934308124359,2.88695007811822,0.196031899690226,0.844585198026331,NA
"LBRM_35_6810",0,NA,NA,NA,NA,NA
"LBRM_35_6820",0,NA,NA,NA,NA,NA
"LBRM_35_6830",0,NA,NA,NA,NA,NA
"LBRM_35_6840",0,NA,NA,NA,NA,NA
"LBRM_35_6850",0,NA,NA,NA,NA,NA
"LBRM_35_6860",0.215282410047006,-0.521705569758801,4.02699186999459,-0.129552178549469,0.896920740266371,NA
"LBRM_35_6870",0,NA,NA,NA,NA,NA
"LBRM_35_6880",0,NA,NA,NA,NA,NA
"LBRM_35_6890",0,NA,NA,NA,NA,NA
"LBRM_35_6900",0,NA,NA,NA,NA,NA
"LBRM_35_6910",0,NA,NA,NA,NA,NA
"LBRM_35_6920",0,NA,NA,NA,NA,NA
"LBRM_35_6930",0,NA,NA,NA,NA,NA
"LBRM_35_6940",0,NA,NA,NA,NA,NA
"LBRM_35_6950",0.10866148091832,0.512386596321631,4.0804728567969,0.125570396937733,0.900071997253288,NA
"LBRM_35_6960",0,NA,NA,NA,NA,NA
"LBRM_35_6970",0,NA,NA,NA,NA,NA
"LBRM_35_6980",0,NA,NA,NA,NA,NA
"LBRM_35_6990",0,NA,NA,NA,NA,NA
"LBRM_35_7000",0,NA,NA,NA,NA,NA
"LBRM_35_7010",0.10866148091832,0.512386596321631,4.0804728567969,0.125570396937733,0.900071997253288,NA
"LBRM_35_7020",0,NA,NA,NA,NA,NA
"LBRM_35_7030",0.184392417657661,-0.322972510444289,4.04440056163657,-0.0798567069513009,0.936351222660643,NA
"LBRM_35_7040",0.150548590060784,2.36802554841367,4.07009331419134,0.581811119700128,0.560693913243612,NA
"LBRM_35_7050",0,NA,NA,NA,NA,NA
"LBRM_35_7060",0,NA,NA,NA,NA,NA
"LBRM_35_7070",0,NA,NA,NA,NA,NA
"LBRM_35_7080",0.150548590060784,2.36802554841367,4.07009331419134,0.581811119700128,0.560693913243612,NA
"LBRM_35_7090",0.225339052771423,2.57585470100848,4.06349269559957,0.633901644218018,0.526145012480435,NA
"LBRM_35_7100",0,NA,NA,NA,NA,NA
"LBRM_35_7110",0.150548590060784,2.36802554841367,4.07009331419134,0.581811119700128,0.560693913243612,NA
"LBRM_35_7120",0.482508571960893,2.18812578744307,3.32949496545596,0.657194502513212,0.51105586000068,NA
"LBRM_35_7130",0,NA,NA,NA,NA,NA
"LBRM_35_7140",0,NA,NA,NA,NA,NA
"LBRM_35_7150",0,NA,NA,NA,NA,NA
"LBRM_35_7160",0.225339052771423,2.57585470100848,4.06349269559957,0.633901644218018,0.526145012480435,NA
"LBRM_35_7170",0,NA,NA,NA,NA,NA
"LBRM_35_7180",0,NA,NA,NA,NA,NA
"LBRM_35_7190",0.10866148091832,0.512386596321631,4.0804728567969,0.125570396937733,0.900071997253288,NA
"LBRM_35_7200",0.0777714885289751,0.512386596321632,4.0804728567969,0.125570396937733,0.900071997253288,NA
"LBRM_35_7210",0,NA,NA,NA,NA,NA
"LBRM_35_7220",0.225339052771423,2.57585470100848,4.06349269559957,0.633901644218018,0.526145012480435,NA
"LBRM_35_7230",0.150548590060784,2.36802554841367,4.07009331419134,0.581811119700128,0.560693913243612,NA
"LBRM_35_7240",0,NA,NA,NA,NA,NA
"LBRM_35_7250",0.259210070979104,1.40625154395371,4.07009308958569,0.345508447350243,0.729712160779994,NA
"LBRM_35_7260",0.186432969447295,-0.33622145367943,4.04316669949863,-0.083157949861707,0.933725948031842,NA
"LBRM_35_7270",0,NA,NA,NA,NA,NA
"LBRM_35_7280",0.407718109250254,1.98689895994212,3.84338000175693,0.516966565635935,0.605179498552988,NA
"LBRM_35_7290",0,NA,NA,NA,NA,NA
"LBRM_35_7300",0.0777714885289751,0.512386596321632,4.0804728567969,0.125570396937733,0.900071997253288,NA
"LBRM_35_7310",0,NA,NA,NA,NA,NA
"LBRM_35_7320",0.378868668650543,1.9850001311204,3.95440054501736,0.501972450317799,0.615686900261154,NA
"LBRM_35_7330",0.150548590060784,2.36802554841367,4.07009331419134,0.581811119700128,0.560693913243612,NA
"LBRM_35_7340",0,NA,NA,NA,NA,NA
"LBRM_35_7350",0,NA,NA,NA,NA,NA
"LBRM_35_7360",0,NA,NA,NA,NA,NA
"LBRM_35_7370",0.225339052771423,2.57585470100848,4.06349269559957,0.633901644218018,0.526145012480435,NA
"LBRM_35_7380",0.150548590060784,2.36802554841367,4.07009331419134,0.581811119700128,0.560693913243612,NA
"LBRM_35_7390",0.225339052771423,2.57585470100848,4.06349269559957,0.633901644218018,0.526145012480435,NA
"LBRM_35_7400",0,NA,NA,NA,NA,NA
"LBRM_35_snRNA1",14.4062100775342,-0.344495915511377,0.656058142145149,-0.525099672393304,0.599513903838702,0.97845571662501
"LBRM_35_snRNA2",0.150548590060784,2.36802554841367,4.07009331419134,0.581811119700128,0.560693913243612,NA
"LBRM_35_snoRNA1",0.106620929128686,0.512386596321632,4.0804728567969,0.125570396937733,0.900071997253288,NA
"LBRM_35_snoRNA6",0,NA,NA,NA,NA,NA
"LBRM_35_tRNA1",0.641766126561752,-2.10603530295085,3.20272065344837,-0.657576957479349,0.510810005093027,NA
"LBRM_35_tRNA2",0,NA,NA,NA,NA,NA
"LBRM_35_tRNA3",0.638051549018843,0.830007610807484,2.75631717726881,0.301129208805325,0.763315968723415,NA
"LBRM_35_tRNA4",0,NA,NA,NA,NA,NA
"LBRM_35_tRNA5",0,NA,NA,NA,NA,NA
"LBRM_35_tRNA6",7.94492737148943,-1.15774292749337,0.896710117777514,-1.29110055138311,0.196668812909577,0.898195964048256
"LbrM_01_0790",1.39204433587064,0.894670615148229,1.98369671177187,0.451011795219993,0.651981047847427,0.97845571662501
"LbrM_02_0690",44.3722506529675,-2.25211187070075,0.509699531323749,-4.41850881214616,9.93842287747057e-06,0.000885623905303489
"LbrM_02_0700",3.05550743958191,-0.409431401410521,1.34545915865418,-0.304306079286763,0.760894714049161,0.97845571662501
"LbrM_02_0710",0.186432969447295,-0.33622145367943,4.04316669949863,-0.083157949861707,0.933725948031842,NA
"LbrM_02_0720",180.288944790547,-1.46112167713823,0.329728716039313,-4.43128428330161,9.36734942463224e-06,0.000885623905303489
"LbrM_02_0730",0.440621462818429,0.57464025758787,3.43492684945294,0.167293302819357,0.867139273458387,NA
"LbrM_02_0740",0,NA,NA,NA,NA,NA
"LbrM_02_0750",13.7471009459442,-1.75947818918351,0.742128687968505,-2.37085321954052,0.0177470773693183,0.364952719235725
"LbrM_02_0760",109.910062711314,-2.18602310189104,0.394252925739613,-5.54472258586311,2.9442058425289e-08,3.93542180951363e-06
"LbrM_02_0770",2.56204242898718,-0.169950787744448,1.43519370936364,-0.118416619746615,0.905737557775615,0.97845571662501
"LbrM_02_0780",0,NA,NA,NA,NA,NA
"LbrM_02_0790",0.10866148091832,0.512386596321631,4.0804728567969,0.125570396937733,0.900071997253288,NA
"LbrM_03_0950",0.259210070979104,1.40625154395371,4.07009308958569,0.345508447350243,0.729712160779994,NA
"LbrM_03_0960",0,NA,NA,NA,NA,NA
"LbrM_03_0970",0,NA,NA,NA,NA,NA
"LbrM_03_0980",0.334941007718446,0.571059908719948,3.80738004106996,0.14998762996075,0.880774374718182,NA
"LbrM_04_1260",0.529417258711327,2.41691879820607,3.47326299083334,0.695864034651225,0.486513982610758,NA
"LbrM_04_1270",0.150548590060784,2.36802554841367,4.07009331419134,0.581811119700128,0.560693913243612,NA
"LbrM_04_1280",0.10866148091832,0.512386596321631,4.0804728567969,0.125570396937733,0.900071997253288,NA
"LbrM_04_1290",0.339935394715612,-1.21155545015764,3.981790425827,-0.304274037704033,0.760919122927854,NA
"LbrM_04_1300",0,NA,NA,NA,NA,NA
"LbrM_04_1310",0.487530149568863,1.14742425389296,3.30139878998407,0.347556998377193,0.728172905436024,NA
"LbrM_04_1320",0,NA,NA,NA,NA,NA
"LbrM_04_1330",0.150548590060784,2.36802554841367,4.07009331419134,0.581811119700128,0.560693913243612,NA
"LbrM_04_1340",0.0777714885289751,0.512386596321632,4.0804728567969,0.125570396937733,0.900071997253288,NA
"LbrM_05_1240",4.03131477795269,-0.0291313648354433,1.20234510391371,-0.0242287881745588,0.980670115224222,0.994222666692539
"LbrM_06_1290",0.788600139079627,1.22093764544544,2.53979224974246,0.480723431441784,0.630713075560706,NA
"LbrM_06_1300",0,NA,NA,NA,NA,NA
"LbrM_07_1260",0.150548590060784,2.36802554841367,4.07009331419134,0.581811119700128,0.560693913243612,NA
"LbrM_07_1270",0.331959981900109,1.61408529533901,4.06349235823931,0.397216274337571,0.691207982142509,NA
"LbrM_08_0980",0.939080860410327,-1.51948996948838,2.39361870572039,-0.634808696078881,0.525553191013746,0.97845571662501
"LbrM_08_0990",0,NA,NA,NA,NA,NA
"LbrM_08_1000",0.589129501089579,1.17883190933294,3.08593973072051,0.382000950179837,0.702460659845937,NA
"LbrM_08_1010",0,NA,NA,NA,NA,NA
"LbrM_08_1020",0.150548590060784,2.36802554841367,4.07009331419134,0.581811119700128,0.560693913243612,NA
"LbrM_08_1030",0,NA,NA,NA,NA,NA
"LbrM_08_1040",0,NA,NA,NA,NA,NA
"LbrM_08_1050",0,NA,NA,NA,NA,NA
"LbrM_08_1060",1.08463506347394,-0.145096672625776,2.22439357043406,-0.0652297662402714,0.947991061557613,0.988672082404689
"LbrM_08_1070",0,NA,NA,NA,NA,NA
"LbrM_08_1080",0,NA,NA,NA,NA,NA
"LbrM_08_1090",0,NA,NA,NA,NA,NA
"LbrM_08_1100",0,NA,NA,NA,NA,NA
"LbrM_08_1110",0.10866148091832,0.512386596321631,4.0804728567969,0.125570396937733,0.900071997253288,NA
"LbrM_08_1120",0.106620929128686,0.512386596321632,4.0804728567969,0.125570396937733,0.900071997253288,NA
"LbrM_10_1540",0,NA,NA,NA,NA,NA
"LbrM_10_1550",0,NA,NA,NA,NA,NA
"LbrM_10_1560",0,NA,NA,NA,NA,NA
"LbrM_10_1570",0,NA,NA,NA,NA,NA
"LbrM_10_1580",0,NA,NA,NA,NA,NA
"LbrM_10_1590",0.225339052771423,2.57585470100848,4.06349269559957,0.633901644218018,0.526145012480435,NA
"LbrM_10_1600",0,NA,NA,NA,NA,NA
"LbrM_10_1610",0.106620929128686,0.512386596321632,4.0804728567969,0.125570396937733,0.900071997253288,NA
"LbrM_10_1620",0,NA,NA,NA,NA,NA
"LbrM_10_1630",0,NA,NA,NA,NA,NA
"LbrM_10_1640",0.375887642832207,3.14688176220709,3.93733525674645,0.799241506502413,0.42415038880027,NA
"LbrM_10_1650",0,NA,NA,NA,NA,NA
"LbrM_10_1660",0,NA,NA,NA,NA,NA
"LbrM_10_1670",0,NA,NA,NA,NA,NA
"LbrM_10_1680",0,NA,NA,NA,NA,NA
"LbrM_10_1690",0,NA,NA,NA,NA,NA
"LbrM_10_1700",0.106620929128686,0.512386596321632,4.0804728567969,0.125570396937733,0.900071997253288,NA
"LbrM_10_1710",0.186432969447295,-0.33622145367943,4.04316669949863,-0.083157949861707,0.933725948031842,NA
"LbrM_10_1720",0,NA,NA,NA,NA,NA
"LbrM_12_0950",0.945488012026342,4.03915708245817,2.63014996729183,1.53571360290803,0.124608637341088,0.786201095137236
"LbrM_12_0960",0,NA,NA,NA,NA,NA
"LbrM_13_1580",0,NA,NA,NA,NA,NA
"LbrM_13_1590",1.80731330811523,-0.987005761223515,1.72044180211013,-0.573693199045123,0.566175431318919,0.97845571662501
"LbrM_14_1690",0,NA,NA,NA,NA,NA
"LbrM_16_1730",1.36093671596426,0.168960028776159,2.06176715715509,0.081949131932675,0.934687164163226,0.983459365169361
"LbrM_16_1740",336.704387153121,-2.13851223635737,0.349320030432122,-6.12192846116483,9.24495327688269e-10,2.47148417601997e-07
"LbrM_18_1730",0.150548590060784,2.36802554841367,4.07009331419134,0.581811119700128,0.560693913243612,NA
"LbrM_18_1740",0,NA,NA,NA,NA,NA
"LbrM_18_1750",0.291013346786348,-0.973012266528396,3.99510687890662,-0.243550997763216,0.807578583630658,NA
"LbrM_18_1760",0.25716951918947,1.40625154395371,4.07009308958569,0.345508447350243,0.729712160779994,NA
"LbrM_18_1770",0.10866148091832,0.512386596321631,4.0804728567969,0.125570396937733,0.900071997253288,NA
"LbrM_18_1780",0,NA,NA,NA,NA,NA
"LbrM_19_1910",0.73166200021558,-0.021324869606089,2.79960153516047,-0.00761710884147903,0.993922485227405,NA
"LbrM_19_1920",0,NA,NA,NA,NA,NA
"LbrM_19_1930",0,NA,NA,NA,NA,NA
"LbrM_19_1940",0,NA,NA,NA,NA,NA
"LbrM_21_2080",0,NA,NA,NA,NA,NA
"LbrM_21_2090",0.10866148091832,0.512386596321631,4.0804728567969,0.125570396937733,0.900071997253288,NA
"LbrM_21_2100",1.24786221930659,3.36090539377373,3.98264271379952,0.843888250916528,0.398731854205262,0.97845571662501
"LbrM_21_2110",0.215282410047006,-0.521705569758801,4.02699186999459,-0.129552178549469,0.896920740266371,NA
"LbrM_21_2120",0.303110541300398,1.61408529533901,4.06349235823931,0.397216274337571,0.691207982142509,NA
"LbrM_21_2130",0,NA,NA,NA,NA,NA
"LbrM_21_2140",0.0777714885289751,0.512386596321632,4.0804728567969,0.125570396937733,0.900071997253288,NA
"LbrM_21_2150",0.782624599934477,-0.197873964179685,2.7184677779895,-0.0727887841017659,0.941974196271335,NA
"LbrM_21_2160",0.450637427423565,-1.61110717154088,3.61888859348292,-0.445193912418925,0.656179625660847,NA
"LbrM_21_2170",0.643073126626813,0.265143126300132,2.93750240960956,0.0902614157635275,0.928079480713166,NA
"LbrM_21_2180",0,NA,NA,NA,NA,NA
"LbrM_21_2190",0,NA,NA,NA,NA,NA
"LbrM_22_1600",0.106620929128686,0.512386596321632,4.0804728567969,0.125570396937733,0.900071997253288,NA
"LbrM_22_1610",0.569600369194135,2.56902019336441,3.72121552354445,0.690371244855345,0.489960754983094,NA
"LbrM_22_1620",0.87569193631287,1.770494105555,2.73528442178416,0.647279709362051,0.517450931223464,NA
"LbrM_24_2440",0,NA,NA,NA,NA,NA
"LbrM_24_2450",0,NA,NA,NA,NA,NA
"LbrM_25_2030",0,NA,NA,NA,NA,NA
"LbrM_25_2040",0.678261850112455,1.59451783523087,3.25770653029984,0.489460244623112,0.624515893587791,NA
"LbrM_25_2050",0,NA,NA,NA,NA,NA
"LbrM_25_2060",0,NA,NA,NA,NA,NA
"LbrM_25_2070",0.0777714885289751,0.512386596321632,4.0804728567969,0.125570396937733,0.900071997253288,NA
"LbrM_25_2080",0,NA,NA,NA,NA,NA
"LbrM_25_2090",0,NA,NA,NA,NA,NA
"LbrM_25_2100",0.106620929128686,0.512386596321632,4.0804728567969,0.125570396937733,0.900071997253288,NA
"LbrM_25_2110",0,NA,NA,NA,NA,NA
"LbrM_25_2120",0,NA,NA,NA,NA,NA
"LbrM_25_2130",0.676221298322822,1.59462830001721,3.26104804272725,0.488992581257285,0.624846949119947,NA
"LbrM_25_2140",0.786923331030775,0.55959728992246,3.0781392003202,0.181797265654603,0.855741830456468,NA
"LbrM_25_2150",0,NA,NA,NA,NA,NA
"LbrM_25_2160",0.295094450365614,-0.991002081466368,3.99402597456254,-0.248121090793585,0.804040717664925,NA
"LbrM_25_2170",0.10866148091832,0.512386596321631,4.0804728567969,0.125570396937733,0.900071997253288,NA
"LbrM_25_2180",0.0777714885289751,0.512386596321632,4.0804728567969,0.125570396937733,0.900071997253288,NA
"LbrM_25_2190",0,NA,NA,NA,NA,NA
"LbrM_25_2200",0,NA,NA,NA,NA,NA
"LbrM_25_2210",0,NA,NA,NA,NA,NA
"LbrM_25_2220",0,NA,NA,NA,NA,NA
"LbrM_25_2230",0.375887642832207,3.14688176220709,3.93733525674645,0.799241506502413,0.42415038880027,NA
"LbrM_25_2240",0,NA,NA,NA,NA,NA
"LbrM_25_2250",0.106620929128686,0.512386596321632,4.0804728567969,0.125570396937733,0.900071997253288,NA
"LbrM_25_2260",0,NA,NA,NA,NA,NA
"LbrM_25_2270",1.02097413063785,0.665666636270705,2.31386545088258,0.287685974142014,0.77358712736404,0.97845571662501
"LbrM_25_2280",0.0777714885289751,0.512386596321632,4.0804728567969,0.125570396937733,0.900071997253288,NA
"LbrM_25_2290",0,NA,NA,NA,NA,NA
"LbrM_25_2300",0.802914834781061,0.365330885323809,3.03250183257261,0.120471777263159,0.904109435274722,NA
"LbrM_25_2310",0,NA,NA,NA,NA,NA
"LbrM_25_2320",0.855374510855483,-0.0102395060401156,2.30092360944306,-0.00445017209528052,0.996449288111999,NA
"LbrM_25_2330",0,NA,NA,NA,NA,NA
"LbrM_25_2340",0.25716951918947,1.40625154395371,4.07009308958569,0.345508447350243,0.729712160779994,NA
"LbrM_25_2350",0.303110541300398,1.61408529533901,4.06349235823931,0.397216274337571,0.691207982142509,NA
"LbrM_25_2360",0.150548590060784,2.36802554841367,4.07009331419134,0.581811119700128,0.560693913243612,NA
"LbrM_25_2370",0.150548590060784,2.36802554841367,4.07009331419134,0.581811119700128,0.560693913243612,NA
"LbrM_25_2380",0.453659131361182,2.18767694246641,3.40299717706313,0.642867692401212,0.520309954570993,NA
"LbrM_25_2390",0,NA,NA,NA,NA,NA
"LbrM_25_2400",0.106620929128686,0.512386596321632,4.0804728567969,0.125570396937733,0.900071997253288,NA
"LbrM_25_2410",0.804411911136585,0.170883756947848,2.54970371666576,0.0670210251610379,0.94656496517299,NA
"LbrM_25_2420",0.557299034671532,2.35900010515762,3.42453687215048,0.688852301267896,0.490916218673293,NA
"LbrM_25_2430",0.10866148091832,0.512386596321631,4.0804728567969,0.125570396937733,0.900071997253288,NA
"LbrM_25_2440",0.0777714885289751,0.512386596321632,4.0804728567969,0.125570396937733,0.900071997253288,NA
"LbrM_25_2450",0,NA,NA,NA,NA,NA
"LbrM_25_2460",0.225339052771423,2.57585470100848,4.06349269559957,0.633901644218018,0.526145012480435,NA
"LbrM_25_2470",0.106620929128686,0.512386596321632,4.0804728567969,0.125570396937733,0.900071997253288,NA
"LbrM_25_2480",0.10866148091832,0.512386596321631,4.0804728567969,0.125570396937733,0.900071997253288,NA
"LbrM_25_2490",0.0777714885289751,0.512386596321632,4.0804728567969,0.125570396937733,0.900071997253288,NA
"LbrM_25_2500",0,NA,NA,NA,NA,NA
"LbrM_25_2510",0,NA,NA,NA,NA,NA
"LbrM_25_2520",1.68211720862828,0.444784236665609,1.83705667071916,0.242117863730075,0.80868883668271,0.97845571662501
"LbrM_25_2530",0.668941541408188,0.703392686698879,2.54985882166905,0.275855541774059,0.78265902192521,NA
"LbrM_25_2540",0.106620929128686,0.512386596321632,4.0804728567969,0.125570396937733,0.900071997253288,NA
"LbrM_25_2550",0.150548590060784,2.36802554841367,4.07009331419134,0.581811119700128,0.560693913243612,NA
"LbrM_25_2560",0.213241858257373,-0.509664860242396,4.0279820436031,-0.126531065611825,0.899311559853632,NA
"LbrM_25_2570",0.106620929128686,0.512386596321632,4.0804728567969,0.125570396937733,0.900071997253288,NA
"LbrM_25_2580",0.186432969447295,-0.33622145367943,4.04316669949863,-0.083157949861707,0.933725948031842,NA
"LbrM_25_2590",0.484549123750526,2.18815698437253,3.32455332860874,0.658180744325201,0.510421996464077,NA
"LbrM_25_2600",0.293053898575981,-0.981973165309184,3.95663099556679,-0.248184166380296,0.803991916578278,NA
"LbrM_25_2610",2.15255577668593,0.416519117254903,1.55041608167549,0.268649894810678,0.788199112733988,0.97845571662501
"LbrM_25_2620",1.49456681575454,2.69478246214275,2.23513545568494,1.20564615235677,0.227953955739553,0.900228149526735
"LbrM_25_2630",10.608668027104,-2.27508484070942,0.893557669819133,-2.54609737854964,0.0108934795186018,0.25695795805643
"LbrM_25_snoRNA1",0,NA,NA,NA,NA,NA
"LbrM_25_snoRNA2",0,NA,NA,NA,NA,NA
"LbrM_25_snoRNA4",0.10866148091832,0.512386596321631,4.0804728567969,0.125570396937733,0.900071997253288,NA
"LbrM_26_2680",0,NA,NA,NA,NA,NA
"LbrM_27_2850",1.47127222263586,-1.43646245619879,1.98694418010879,-0.722950584409544,0.469710244264086,0.97845571662501
"LbrM_27_2860",0.228320078589759,1.40625154395371,4.07009308958569,0.345508447350244,0.729712160779994,NA
"LbrM_27_rRNA1",4.10192633783891,0.945573742631081,1.14377534894526,0.826712818651885,0.408399854045031,0.97845571662501
"LbrM_28_3250",0.225339052771423,2.57585470100848,4.06349269559957,0.633901644218018,0.526145012480435,NA
"LbrM_28_3260",0,NA,NA,NA,NA,NA
"LbrM_29_2920",0.10866148091832,0.512386596321631,4.0804728567969,0.125570396937733,0.900071997253288,NA
"LbrM_29_2930",0.225339052771423,2.57585470100848,4.06349269559957,0.633901644218018,0.526145012480435,NA
"LbrM_30_3790",29.3191366386293,-0.808668819846906,0.498464576288812,-1.62231953545754,0.10473494793438,0.786201095137236
"LbrM_30_3800",50.7429675859397,-0.0946863559567851,0.391762884737044,-0.241693023116112,0.809018036064575,0.97845571662501
"LbrM_30_3810",24.7629489973559,-0.343267477259864,0.546548461573272,-0.628064117629658,0.529961938044924,0.97845571662501
"LbrM_31_3650",0,NA,NA,NA,NA,NA
"LbrM_31_3660",0,NA,NA,NA,NA,NA
"LbrM_31_3670",0.228320078589759,1.40625154395371,4.07009308958569,0.345508447350244,0.729712160779994,NA
"LbrM_31_3680",0.301097180121568,2.94536147983492,4.04378005220696,0.728368368657302,0.466388120880344,NA
"LbrM_31_3690",0,NA,NA,NA,NA,NA
"LbrM_31_3700",0.225339052771423,2.57585470100848,4.06349269559957,0.633901644218018,0.526145012480435,NA
"LbrM_31_3710",0.293053898575981,-0.981973165309184,3.95663099556679,-0.248184166380296,0.803991916578278,NA
"LbrM_31_3720",0,NA,NA,NA,NA,NA
"LbrM_31_3730",0,NA,NA,NA,NA,NA
"LbrM_31_3740",0.225339052771423,2.57585470100848,4.06349269559957,0.633901644218018,0.526145012480435,NA
"LbrM_31_3750",0,NA,NA,NA,NA,NA
"__no_feature",2030209.92867453,-0.139500472084366,0.261417204998562,-0.533631564476152,0.593596465529099,0.97845571662501
"__ambiguous",2241.74288478487,-1.84867694634535,0.459840525087045,-4.02025668789284,5.81347639219393e-05,0.00388534005544961
"__too_low_aQual",157001.857457858,-0.517228448884226,0.278044544304846,-1.86023592074923,0.0628521550308924,0.723182816206057
"__not_aligned",859517.01537534,-0.445872195325886,0.309839980587729,-1.4390402248287,0.150139126282273,0.824895983305218
"__alignment_not_unique",285251.202167477,-0.314520260191704,0.26870546498258,-1.17050191075234,0.241799045663327,0.911448662524806
